id_asistencia;id_usuario;id_actividad;fecha;estado;Nombre_Actividad;Mes;nombre;apellido;dni;localidad;actividad;categoria;cupo;mes;dia_semana
1;115;32;2026-06-19;Presente;Python;6;Ana;Gómez;33023410;Los Telares;Python;Capacitación;26;6;Friday
2;306;32;2026-11-22;Presente;Python;11;José;Fernández;35495266;Añatuya;Python;Capacitación;26;11;Sunday
3;245;48;2026-11-18;Presente;Robótica;11;Juan;Torres;39038369;Villa Ojo de Agua;Robótica;Capacitación;24;11;Wednesday
4;495;30;2026-04-02;Presente;Ciudadanía Digital;4;Sofía;López;46575642;Añatuya;Ciudadanía Digital;Capacitación;33;4;Thursday
5;438;46;2026-11-03;Presente;Canva;11;Lucía;López;30424281;Bandera;Canva;Capacitación;35;11;Tuesday
6;346;33;2026-01-08;Presente;Excel;1;Luis;Pérez;48962966;Sol de Julio;Excel;Capacitación;24;1;Thursday
7;381;21;2026-07-08;Presente;Alfabetización Digital;7;Ana;Fernández;36634857;Pinto;Alfabetización Digital;Capacitación;23;7;Wednesday
8;424;13;2026-04-25;Presente;Excel;4;Pedro;Torres;41388547;Sumampa;Excel;Capacitación;25;4;Saturday
9;173;36;2026-10-26;Presente;Canva;10;María;Martínez;45185439;Villa Ojo de Agua;Canva;Capacitación;20;10;Monday
10;427;1;2026-01-24;Presente;Alfabetización Digital;1;Lucía;Rodríguez;35304029;Bandera;Alfabetización Digital;Capacitación;27;1;Saturday
11;443;32;2026-10-23;Presente;Python;10;Lucía;Rojas;31886522;Añatuya;Python;Capacitación;26;10;Friday
12;4;49;2026-03-25;Presente;Impresión 3D;3;Sofía;Suárez;37031326;Sol de Julio;Impresión 3D;Capacitación;23;3;Wednesday
13;394;3;2026-05-01;Presente;Excel;5;Micaela;Rodríguez;41192047;Sumampa;Excel;Capacitación;40;5;Friday
14;386;6;2026-09-17;Presente;Canva;9;Sofía;Rojas;43374533;Sumampa;Canva;Capacitación;43;9;Thursday
15;250;40;2026-01-26;Presente;Ciudadanía Digital;1;Carlos;Pérez;41544808;Bandera;Ciudadanía Digital;Capacitación;38;1;Monday
16;119;3;2026-05-15;Presente;Excel;5;Pedro;Martínez;47055400;Villa Ojo de Agua;Excel;Capacitación;40;5;Friday
17;8;8;2026-11-27;Presente;Robótica;11;Sofía;Pérez;43578410;Sol de Julio;Robótica;Capacitación;35;11;Friday
18;258;27;2026-07-22;Presente;Marketing Digital;7;Luis;Martínez;43017061;Sumampa;Marketing Digital;Capacitación;38;7;Wednesday
19;104;27;2026-01-17;Presente;Marketing Digital;1;Carlos;Pérez;48271193;Bandera;Marketing Digital;Capacitación;38;1;Saturday
20;225;44;2026-05-12;Presente;Word;5;Micaela;Rojas;32088417;Sumampa;Word;Capacitación;47;5;Tuesday
21;126;21;2026-04-02;Presente;Alfabetización Digital;4;José;Gómez;34538769;Bandera;Alfabetización Digital;Capacitación;23;4;Thursday
22;469;28;2026-01-09;Presente;Robótica;1;Carlos;Rodríguez;46774324;Los Telares;Robótica;Capacitación;21;1;Friday
23;166;7;2026-05-08;Presente;Marketing Digital;5;Luis;Rodríguez;42105075;Villa Ojo de Agua;Marketing Digital;Capacitación;34;5;Friday
24;349;16;2026-07-27;Presente;Canva;7;Pedro;López;34660024;Añatuya;Canva;Capacitación;35;7;Monday
25;163;19;2026-09-03;Presente;Impresión 3D;9;María;Martínez;46323459;Sumampa;Impresión 3D;Capacitación;45;9;Thursday
26;421;5;2026-09-21;Presente;PowerPoint;9;Luis;Torres;33389266;Sumampa;PowerPoint;Capacitación;34;9;Monday
27;215;22;2026-07-25;Presente;Python;7;José;Rojas;36611779;Sol de Julio;Python;Capacitación;36;7;Saturday
28;360;29;2026-12-14;Presente;Impresión 3D;12;Micaela;Torres;47175104;Añatuya;Impresión 3D;Capacitación;39;12;Monday
29;213;8;2026-12-18;Presente;Robótica;12;Ana;Fernández;37315167;Los Telares;Robótica;Capacitación;35;12;Friday
30;142;29;2026-08-09;Presente;Impresión 3D;8;Lucía;Rodríguez;34191704;Añatuya;Impresión 3D;Capacitación;39;8;Sunday
31;69;34;2026-11-05;Presente;Word;11;María;Gómez;45628192;Villa Ojo de Agua;Word;Capacitación;47;11;Thursday
32;69;22;2026-01-18;Presente;Python;1;María;Gómez;45628192;Villa Ojo de Agua;Python;Capacitación;36;1;Sunday
33;329;39;2026-12-28;Presente;Impresión 3D;12;José;Rojas;30036479;Villa Ojo de Agua;Impresión 3D;Capacitación;25;12;Monday
34;433;50;2026-03-27;Presente;Ciudadanía Digital;3;Sofía;Martínez;39843560;Pinto;Ciudadanía Digital;Capacitación;34;3;Friday
35;425;50;2026-11-24;Presente;Ciudadanía Digital;11;María;Suárez;34877232;Sol de Julio;Ciudadanía Digital;Capacitación;34;11;Tuesday
36;298;6;2026-04-04;Presente;Canva;4;Sofía;Rojas;30231951;Villa Ojo de Agua;Canva;Capacitación;43;4;Saturday
37;431;50;2026-08-14;Presente;Ciudadanía Digital;8;Carlos;Suárez;47707700;Los Telares;Ciudadanía Digital;Capacitación;34;8;Friday
38;305;16;2026-02-14;Presente;Canva;2;Sofía;Rodríguez;42902455;Pinto;Canva;Capacitación;35;2;Saturday
39;16;33;2026-07-02;Presente;Excel;7;Sofía;López;36987092;Villa Ojo de Agua;Excel;Capacitación;24;7;Thursday
40;231;47;2026-06-20;Presente;Marketing Digital;6;Juan;Pérez;40829076;Añatuya;Marketing Digital;Capacitación;33;6;Saturday
41;319;14;2026-01-17;Presente;Word;1;Micaela;Torres;44875517;Villa Ojo de Agua;Word;Capacitación;27;1;Saturday
42;138;38;2026-04-12;Presente;Robótica;4;Sofía;López;34374680;Bandera;Robótica;Capacitación;39;4;Sunday
43;24;29;2026-04-16;Presente;Impresión 3D;4;Pedro;Suárez;47273973;Bandera;Impresión 3D;Capacitación;39;4;Thursday
44;471;15;2026-03-22;Presente;PowerPoint;3;Luis;López;46137834;Sumampa;PowerPoint;Capacitación;38;3;Sunday
45;263;38;2026-11-04;Presente;Robótica;11;Carlos;Fernández;47794091;Villa Ojo de Agua;Robótica;Capacitación;39;11;Wednesday
46;5;36;2026-07-22;Presente;Canva;7;Pedro;Suárez;31889133;Sumampa;Canva;Capacitación;20;7;Wednesday
47;413;47;2026-11-14;Presente;Marketing Digital;11;Sofía;Pérez;41178938;Los Telares;Marketing Digital;Capacitación;33;11;Saturday
48;455;9;2026-06-28;Presente;Impresión 3D;6;Sofía;Rojas;38473329;Bandera;Impresión 3D;Capacitación;38;6;Sunday
49;319;31;2026-03-02;Presente;Alfabetización Digital;3;Micaela;Torres;44875517;Villa Ojo de Agua;Alfabetización Digital;Capacitación;45;3;Monday
50;374;33;2026-02-23;Presente;Excel;2;Lucía;Suárez;42782960;Pinto;Excel;Capacitación;24;2;Monday
51;13;45;2026-05-21;Presente;PowerPoint;5;María;Pérez;39085013;Bandera;PowerPoint;Capacitación;40;5;Thursday
52;310;44;2026-10-10;Presente;Word;10;María;Gómez;42021784;Villa Ojo de Agua;Word;Capacitación;47;10;Saturday
53;60;39;2026-12-09;Presente;Impresión 3D;12;Pedro;Suárez;33349882;Sumampa;Impresión 3D;Capacitación;25;12;Wednesday
54;221;13;2026-03-03;Presente;Excel;3;Sofía;Suárez;36376999;Sumampa;Excel;Capacitación;25;3;Tuesday
55;289;15;2026-03-07;Presente;PowerPoint;3;Micaela;Rodríguez;46795266;Añatuya;PowerPoint;Capacitación;38;3;Saturday
56;138;13;2026-10-23;Presente;Excel;10;Sofía;López;34374680;Bandera;Excel;Capacitación;25;10;Friday
57;493;22;2026-05-06;Presente;Python;5;Carlos;Fernández;31454887;Villa Ojo de Agua;Python;Capacitación;36;5;Wednesday
58;325;44;2026-08-20;Presente;Word;8;Lucía;Fernández;48684879;Sumampa;Word;Capacitación;47;8;Thursday
59;234;35;2026-03-19;Presente;PowerPoint;3;Ana;Fernández;43013984;Pinto;PowerPoint;Capacitación;35;3;Thursday
60;129;25;2026-02-11;Presente;PowerPoint;2;Ana;Díaz;42838150;Bandera;PowerPoint;Capacitación;25;2;Wednesday
61;401;34;2026-02-16;Presente;Word;2;José;Martínez;41667360;Villa Ojo de Agua;Word;Capacitación;47;2;Monday
62;435;40;2026-01-07;Presente;Ciudadanía Digital;1;Pedro;Rodríguez;30708720;Sol de Julio;Ciudadanía Digital;Capacitación;38;1;Wednesday
63;180;8;2026-10-12;Presente;Robótica;10;Carlos;Rojas;32607251;Sol de Julio;Robótica;Capacitación;35;10;Monday
64;371;17;2026-12-07;Presente;Marketing Digital;12;José;Rodríguez;38671319;Villa Ojo de Agua;Marketing Digital;Capacitación;24;12;Monday
65;138;35;2026-02-27;Presente;PowerPoint;2;Sofía;López;34374680;Bandera;PowerPoint;Capacitación;35;2;Friday
66;219;26;2026-02-08;Presente;Canva;2;María;Pérez;39897855;Sumampa;Canva;Capacitación;35;2;Sunday
67;436;40;2026-04-02;Presente;Ciudadanía Digital;4;María;Gómez;35347310;Sol de Julio;Ciudadanía Digital;Capacitación;38;4;Thursday
68;202;37;2026-11-22;Presente;Marketing Digital;11;Micaela;Martínez;43918660;Sol de Julio;Marketing Digital;Capacitación;26;11;Sunday
69;242;38;2026-12-19;Presente;Robótica;12;Pedro;Díaz;48631370;Los Telares;Robótica;Capacitación;39;12;Saturday
70;376;19;2026-06-23;Presente;Impresión 3D;6;Luis;Pérez;38314458;Bandera;Impresión 3D;Capacitación;45;6;Tuesday
71;460;29;2026-04-27;Presente;Impresión 3D;4;José;Rodríguez;36395011;Añatuya;Impresión 3D;Capacitación;39;4;Monday
72;495;29;2026-09-27;Presente;Impresión 3D;9;Sofía;López;46575642;Añatuya;Impresión 3D;Capacitación;39;9;Sunday
73;324;42;2026-04-23;Presente;Python;4;Lucía;Gómez;49663983;Bandera;Python;Capacitación;29;4;Thursday
74;336;11;2026-09-09;Presente;Alfabetización Digital;9;Lucía;Rodríguez;38467996;Bandera;Alfabetización Digital;Capacitación;44;9;Wednesday
75;309;11;2026-04-20;Presente;Alfabetización Digital;4;Juan;López;36349213;Sumampa;Alfabetización Digital;Capacitación;44;4;Monday
76;115;34;2026-05-14;Presente;Word;5;Ana;Gómez;33023410;Los Telares;Word;Capacitación;47;5;Thursday
77;259;14;2026-07-17;Presente;Word;7;Lucía;Suárez;49939072;Añatuya;Word;Capacitación;27;7;Friday
78;133;15;2026-05-21;Presente;PowerPoint;5;Juan;Rojas;45817015;Villa Ojo de Agua;PowerPoint;Capacitación;38;5;Thursday
79;468;32;2026-07-06;Presente;Python;7;Juan;Torres;47979558;Pinto;Python;Capacitación;26;7;Monday
80;115;9;2026-08-11;Presente;Impresión 3D;8;Ana;Gómez;33023410;Los Telares;Impresión 3D;Capacitación;38;8;Tuesday
81;370;6;2026-07-15;Presente;Canva;7;José;Gómez;30716136;Los Telares;Canva;Capacitación;43;7;Wednesday
82;103;40;2026-11-27;Presente;Ciudadanía Digital;11;Pedro;Torres;39724580;Bandera;Ciudadanía Digital;Capacitación;38;11;Friday
83;165;25;2026-07-10;Presente;PowerPoint;7;Juan;Fernández;41577089;Sumampa;PowerPoint;Capacitación;25;7;Friday
84;350;3;2026-07-17;Presente;Excel;7;Carlos;López;48211342;Villa Ojo de Agua;Excel;Capacitación;40;7;Friday
85;124;47;2026-12-12;Presente;Marketing Digital;12;María;Fernández;48663357;Sumampa;Marketing Digital;Capacitación;33;12;Saturday
86;85;19;2026-03-27;Presente;Impresión 3D;3;Lucía;Díaz;34800578;Sol de Julio;Impresión 3D;Capacitación;45;3;Friday
87;27;40;2026-02-25;Presente;Ciudadanía Digital;2;Pedro;Martínez;37902858;Añatuya;Ciudadanía Digital;Capacitación;38;2;Wednesday
88;136;45;2026-11-07;Presente;PowerPoint;11;Ana;Rodríguez;37994853;Los Telares;PowerPoint;Capacitación;40;11;Saturday
89;388;14;2026-12-05;Presente;Word;12;José;Gómez;48084909;Añatuya;Word;Capacitación;27;12;Saturday
90;80;44;2026-01-25;Presente;Word;1;Sofía;Rojas;44764418;Sol de Julio;Word;Capacitación;47;1;Sunday
91;455;39;2026-05-19;Presente;Impresión 3D;5;Sofía;Rojas;38473329;Bandera;Impresión 3D;Capacitación;25;5;Tuesday
92;348;50;2026-06-01;Presente;Ciudadanía Digital;6;Ana;López;39751028;Los Telares;Ciudadanía Digital;Capacitación;34;6;Monday
93;415;25;2026-03-01;Presente;PowerPoint;3;Carlos;López;30599507;Añatuya;PowerPoint;Capacitación;25;3;Sunday
94;483;43;2026-03-28;Presente;Excel;3;Ana;Martínez;35624731;Añatuya;Excel;Capacitación;21;3;Saturday
95;280;48;2026-05-14;Presente;Robótica;5;José;Rodríguez;47315975;Añatuya;Robótica;Capacitación;24;5;Thursday
96;236;4;2026-01-17;Presente;Word;1;José;Torres;31858957;Añatuya;Word;Capacitación;46;1;Saturday
97;326;19;2026-02-19;Presente;Impresión 3D;2;María;López;42038046;Sumampa;Impresión 3D;Capacitación;45;2;Thursday
98;157;25;2026-05-19;Presente;PowerPoint;5;José;Gómez;37717966;Bandera;PowerPoint;Capacitación;25;5;Tuesday
99;96;42;2026-12-07;Presente;Python;12;José;López;45666620;Villa Ojo de Agua;Python;Capacitación;29;12;Monday
100;487;32;2026-07-06;Presente;Python;7;Luis;Rodríguez;40328063;Villa Ojo de Agua;Python;Capacitación;26;7;Monday
101;339;33;2026-07-03;Presente;Excel;7;Pedro;Díaz;35608041;Sol de Julio;Excel;Capacitación;24;7;Friday
102;67;33;2026-05-26;Presente;Excel;5;Micaela;Gómez;34772337;Los Telares;Excel;Capacitación;24;5;Tuesday
103;19;3;2026-09-08;Presente;Excel;9;José;Suárez;40104801;Sol de Julio;Excel;Capacitación;40;9;Tuesday
104;443;7;2026-06-14;Presente;Marketing Digital;6;Lucía;Rojas;31886522;Añatuya;Marketing Digital;Capacitación;34;6;Sunday
105;311;20;2026-08-10;Presente;Ciudadanía Digital;8;José;Fernández;48785176;Pinto;Ciudadanía Digital;Capacitación;31;8;Monday
106;43;16;2026-11-14;Presente;Canva;11;Pedro;Torres;44880227;Bandera;Canva;Capacitación;35;11;Saturday
107;415;25;2026-03-08;Presente;PowerPoint;3;Carlos;López;30599507;Añatuya;PowerPoint;Capacitación;25;3;Sunday
108;111;22;2026-10-23;Presente;Python;10;José;López;35903632;Sol de Julio;Python;Capacitación;36;10;Friday
109;379;47;2026-10-09;Presente;Marketing Digital;10;José;Rojas;42064078;Sol de Julio;Marketing Digital;Capacitación;33;10;Friday
110;331;22;2026-05-01;Presente;Python;5;María;Rodríguez;35098078;Añatuya;Python;Capacitación;36;5;Friday
111;148;33;2026-03-22;Presente;Excel;3;Carlos;Fernández;36650910;Bandera;Excel;Capacitación;24;3;Sunday
112;235;7;2026-10-02;Presente;Marketing Digital;10;Carlos;Rojas;44594486;Pinto;Marketing Digital;Capacitación;34;10;Friday
113;207;45;2026-04-06;Presente;PowerPoint;4;Micaela;Pérez;39788688;Los Telares;PowerPoint;Capacitación;40;4;Monday
114;488;31;2026-12-05;Presente;Alfabetización Digital;12;Lucía;Pérez;34211259;Los Telares;Alfabetización Digital;Capacitación;45;12;Saturday
115;269;47;2026-01-15;Presente;Marketing Digital;1;Ana;Gómez;48931081;Sumampa;Marketing Digital;Capacitación;33;1;Thursday
116;160;49;2026-12-11;Presente;Impresión 3D;12;Lucía;Gómez;49007647;Sol de Julio;Impresión 3D;Capacitación;23;12;Friday
117;179;22;2026-02-26;Presente;Python;2;Pedro;Díaz;45316320;Los Telares;Python;Capacitación;36;2;Thursday
118;416;15;2026-05-22;Presente;PowerPoint;5;María;Díaz;46685403;Bandera;PowerPoint;Capacitación;38;5;Friday
119;89;27;2026-05-13;Presente;Marketing Digital;5;Lucía;Suárez;36241397;Sol de Julio;Marketing Digital;Capacitación;38;5;Wednesday
120;49;21;2026-04-03;Presente;Alfabetización Digital;4;Pedro;Suárez;31247480;Villa Ojo de Agua;Alfabetización Digital;Capacitación;23;4;Friday
121;373;6;2026-07-23;Presente;Canva;7;Juan;Gómez;43105288;Sumampa;Canva;Capacitación;43;7;Thursday
122;361;28;2026-07-10;Presente;Robótica;7;Lucía;Rodríguez;36053899;Sumampa;Robótica;Capacitación;21;7;Friday
123;269;46;2026-10-04;Presente;Canva;10;Ana;Gómez;48931081;Sumampa;Canva;Capacitación;35;10;Sunday
124;395;37;2026-05-15;Presente;Marketing Digital;5;Micaela;Rodríguez;49586214;Sol de Julio;Marketing Digital;Capacitación;26;5;Friday
125;391;4;2026-10-22;Presente;Word;10;José;Suárez;41104814;Añatuya;Word;Capacitación;46;10;Thursday
126;268;31;2026-03-01;Presente;Alfabetización Digital;3;Carlos;López;41336292;Bandera;Alfabetización Digital;Capacitación;45;3;Sunday
127;5;2;2026-09-10;Presente;Python;9;Pedro;Suárez;31889133;Sumampa;Python;Capacitación;21;9;Thursday
128;495;21;2026-03-18;Presente;Alfabetización Digital;3;Sofía;López;46575642;Añatuya;Alfabetización Digital;Capacitación;23;3;Wednesday
129;90;22;2026-12-23;Presente;Python;12;Pedro;Gómez;49817965;Añatuya;Python;Capacitación;36;12;Wednesday
130;50;41;2026-01-09;Presente;Alfabetización Digital;1;José;Suárez;43768738;Pinto;Alfabetización Digital;Capacitación;40;1;Friday
131;411;1;2026-06-10;Presente;Alfabetización Digital;6;Carlos;Rodríguez;45145597;Villa Ojo de Agua;Alfabetización Digital;Capacitación;27;6;Wednesday
132;477;6;2026-12-26;Presente;Canva;12;Luis;Díaz;30941986;Villa Ojo de Agua;Canva;Capacitación;43;12;Saturday
133;308;19;2026-09-10;Presente;Impresión 3D;9;Juan;López;35029863;Villa Ojo de Agua;Impresión 3D;Capacitación;45;9;Thursday
134;136;14;2026-02-07;Presente;Word;2;Ana;Rodríguez;37994853;Los Telares;Word;Capacitación;27;2;Saturday
135;293;3;2026-08-04;Presente;Excel;8;Carlos;Martínez;46005510;Sumampa;Excel;Capacitación;40;8;Tuesday
136;424;9;2026-07-02;Presente;Impresión 3D;7;Pedro;Torres;41388547;Sumampa;Impresión 3D;Capacitación;38;7;Thursday
137;474;11;2026-08-28;Presente;Alfabetización Digital;8;Pedro;Martínez;37822917;Bandera;Alfabetización Digital;Capacitación;44;8;Friday
138;163;27;2026-11-06;Presente;Marketing Digital;11;María;Martínez;46323459;Sumampa;Marketing Digital;Capacitación;38;11;Friday
139;413;21;2026-01-26;Presente;Alfabetización Digital;1;Sofía;Pérez;41178938;Los Telares;Alfabetización Digital;Capacitación;23;1;Monday
140;463;9;2026-04-28;Presente;Impresión 3D;4;Sofía;Suárez;48624116;Sumampa;Impresión 3D;Capacitación;38;4;Tuesday
141;407;29;2026-04-13;Presente;Impresión 3D;4;Juan;Rodríguez;48057128;Villa Ojo de Agua;Impresión 3D;Capacitación;39;4;Monday
142;260;31;2026-02-01;Presente;Alfabetización Digital;2;Pedro;Fernández;47075409;Sumampa;Alfabetización Digital;Capacitación;45;2;Sunday
143;375;24;2026-04-21;Presente;Word;4;Ana;Gómez;33204029;Los Telares;Word;Capacitación;23;4;Tuesday
144;462;31;2026-01-24;Presente;Alfabetización Digital;1;Sofía;Rojas;33581517;Sumampa;Alfabetización Digital;Capacitación;45;1;Saturday
145;454;45;2026-09-01;Presente;PowerPoint;9;María;Gómez;32220435;Sol de Julio;PowerPoint;Capacitación;40;9;Tuesday
146;163;22;2026-12-14;Presente;Python;12;María;Martínez;46323459;Sumampa;Python;Capacitación;36;12;Monday
147;71;33;2026-03-19;Presente;Excel;3;María;Gómez;36010764;Sumampa;Excel;Capacitación;24;3;Thursday
148;340;21;2026-06-14;Presente;Alfabetización Digital;6;Lucía;Díaz;41417859;Añatuya;Alfabetización Digital;Capacitación;23;6;Sunday
149;451;14;2026-05-21;Presente;Word;5;Carlos;Rodríguez;40107712;Villa Ojo de Agua;Word;Capacitación;27;5;Thursday
150;239;25;2026-02-01;Presente;PowerPoint;2;Ana;Fernández;38205338;Sumampa;PowerPoint;Capacitación;25;2;Sunday
151;329;31;2026-05-27;Presente;Alfabetización Digital;5;José;Rojas;30036479;Villa Ojo de Agua;Alfabetización Digital;Capacitación;45;5;Wednesday
152;335;12;2026-04-18;Presente;Python;4;María;Pérez;45956848;Pinto;Python;Capacitación;35;4;Saturday
153;335;12;2026-03-19;Presente;Python;3;María;Pérez;45956848;Pinto;Python;Capacitación;35;3;Thursday
154;317;2;2026-06-03;Presente;Python;6;Sofía;Pérez;45717595;Sumampa;Python;Capacitación;21;6;Wednesday
155;233;50;2026-05-27;Presente;Ciudadanía Digital;5;María;Fernández;37320068;Añatuya;Ciudadanía Digital;Capacitación;34;5;Wednesday
156;186;4;2026-08-08;Presente;Word;8;José;Pérez;33334532;Villa Ojo de Agua;Word;Capacitación;46;8;Saturday
157;199;49;2026-05-03;Presente;Impresión 3D;5;María;Gómez;35546411;Añatuya;Impresión 3D;Capacitación;23;5;Sunday
158;63;33;2026-08-11;Presente;Excel;8;Carlos;Gómez;45174934;Villa Ojo de Agua;Excel;Capacitación;24;8;Tuesday
159;231;5;2026-10-08;Presente;PowerPoint;10;Juan;Pérez;40829076;Añatuya;PowerPoint;Capacitación;34;10;Thursday
160;242;43;2026-03-12;Presente;Excel;3;Pedro;Díaz;48631370;Los Telares;Excel;Capacitación;21;3;Thursday
161;320;4;2026-04-19;Presente;Word;4;Lucía;Fernández;42974179;Añatuya;Word;Capacitación;46;4;Sunday
162;2;4;2026-09-04;Presente;Word;9;Ana;Torres;39537814;Pinto;Word;Capacitación;46;9;Friday
163;80;24;2026-04-26;Presente;Word;4;Sofía;Rojas;44764418;Sol de Julio;Word;Capacitación;23;4;Sunday
164;4;1;2026-07-02;Presente;Alfabetización Digital;7;Sofía;Suárez;37031326;Sol de Julio;Alfabetización Digital;Capacitación;27;7;Thursday
165;460;44;2026-03-06;Presente;Word;3;José;Rodríguez;36395011;Añatuya;Word;Capacitación;47;3;Friday
166;311;32;2026-03-27;Presente;Python;3;José;Fernández;48785176;Pinto;Python;Capacitación;26;3;Friday
167;201;26;2026-01-26;Presente;Canva;1;Micaela;Martínez;47985418;Villa Ojo de Agua;Canva;Capacitación;35;1;Monday
168;278;26;2026-11-24;Presente;Canva;11;Pedro;Rodríguez;41561823;Bandera;Canva;Capacitación;35;11;Tuesday
169;131;20;2026-08-15;Presente;Ciudadanía Digital;8;Juan;Martínez;37723527;Bandera;Ciudadanía Digital;Capacitación;31;8;Saturday
170;70;38;2026-05-15;Presente;Robótica;5;Luis;Pérez;37468319;Villa Ojo de Agua;Robótica;Capacitación;39;5;Friday
171;100;24;2026-10-03;Presente;Word;10;Ana;Rodríguez;42873794;Sol de Julio;Word;Capacitación;23;10;Saturday
172;306;18;2026-08-08;Presente;Robótica;8;José;Fernández;35495266;Añatuya;Robótica;Capacitación;36;8;Saturday
173;237;13;2026-10-03;Presente;Excel;10;Pedro;López;35120078;Pinto;Excel;Capacitación;25;10;Saturday
174;246;27;2026-09-11;Presente;Marketing Digital;9;Pedro;López;44016887;Sumampa;Marketing Digital;Capacitación;38;9;Friday
175;141;23;2026-01-17;Presente;Excel;1;María;Pérez;45909630;Sol de Julio;Excel;Capacitación;38;1;Saturday
176;331;8;2026-11-24;Presente;Robótica;11;María;Rodríguez;35098078;Añatuya;Robótica;Capacitación;35;11;Tuesday
177;258;21;2026-09-25;Presente;Alfabetización Digital;9;Luis;Martínez;43017061;Sumampa;Alfabetización Digital;Capacitación;23;9;Friday
178;173;23;2026-12-17;Presente;Excel;12;María;Martínez;45185439;Villa Ojo de Agua;Excel;Capacitación;38;12;Thursday
179;431;7;2026-03-20;Presente;Marketing Digital;3;Carlos;Suárez;47707700;Los Telares;Marketing Digital;Capacitación;34;3;Friday
180;232;40;2026-06-14;Presente;Ciudadanía Digital;6;Pedro;Gómez;31549216;Pinto;Ciudadanía Digital;Capacitación;38;6;Sunday
181;413;13;2026-08-13;Presente;Excel;8;Sofía;Pérez;41178938;Los Telares;Excel;Capacitación;25;8;Thursday
182;54;25;2026-09-27;Presente;PowerPoint;9;Pedro;Martínez;48988061;Sol de Julio;PowerPoint;Capacitación;25;9;Sunday
183;304;50;2026-06-19;Presente;Ciudadanía Digital;6;Ana;Rodríguez;45714090;Sol de Julio;Ciudadanía Digital;Capacitación;34;6;Friday
184;476;28;2026-01-05;Presente;Robótica;1;Ana;Rojas;45760368;Sol de Julio;Robótica;Capacitación;21;1;Monday
185;122;50;2026-12-25;Presente;Ciudadanía Digital;12;José;Suárez;45134153;Bandera;Ciudadanía Digital;Capacitación;34;12;Friday
186;464;30;2026-02-28;Presente;Ciudadanía Digital;2;José;Pérez;33878619;Añatuya;Ciudadanía Digital;Capacitación;33;2;Saturday
187;137;13;2026-03-06;Presente;Excel;3;Sofía;López;38637807;Villa Ojo de Agua;Excel;Capacitación;25;3;Friday
188;335;2;2026-09-16;Presente;Python;9;María;Pérez;45956848;Pinto;Python;Capacitación;21;9;Wednesday
189;245;20;2026-05-15;Presente;Ciudadanía Digital;5;Juan;Torres;39038369;Villa Ojo de Agua;Ciudadanía Digital;Capacitación;31;5;Friday
190;208;27;2026-08-10;Presente;Marketing Digital;8;Lucía;Rojas;32856465;Sumampa;Marketing Digital;Capacitación;38;8;Monday
191;283;44;2026-10-18;Presente;Word;10;Carlos;Martínez;30268583;Pinto;Word;Capacitación;47;10;Sunday
192;27;25;2026-09-12;Presente;PowerPoint;9;Pedro;Martínez;37902858;Añatuya;PowerPoint;Capacitación;25;9;Saturday
193;110;27;2026-09-09;Presente;Marketing Digital;9;Micaela;Gómez;46646841;Sumampa;Marketing Digital;Capacitación;38;9;Wednesday
194;35;2;2026-11-06;Presente;Python;11;Micaela;López;49948639;Villa Ojo de Agua;Python;Capacitación;21;11;Friday
195;129;18;2026-01-21;Presente;Robótica;1;Ana;Díaz;42838150;Bandera;Robótica;Capacitación;36;1;Wednesday
196;460;29;2026-12-14;Presente;Impresión 3D;12;José;Rodríguez;36395011;Añatuya;Impresión 3D;Capacitación;39;12;Monday
197;302;19;2026-02-28;Presente;Impresión 3D;2;Ana;Pérez;40043342;Villa Ojo de Agua;Impresión 3D;Capacitación;45;2;Saturday
198;68;20;2026-04-08;Presente;Ciudadanía Digital;4;Ana;Suárez;38323344;Sol de Julio;Ciudadanía Digital;Capacitación;31;4;Wednesday
199;188;10;2026-03-13;Presente;Ciudadanía Digital;3;Luis;Suárez;46669122;Sol de Julio;Ciudadanía Digital;Capacitación;31;3;Friday
200;64;37;2026-10-06;Presente;Marketing Digital;10;Juan;Díaz;36464683;Sol de Julio;Marketing Digital;Capacitación;26;10;Tuesday
201;290;31;2026-06-02;Presente;Alfabetización Digital;6;Sofía;Suárez;40676783;Sol de Julio;Alfabetización Digital;Capacitación;45;6;Tuesday
202;420;8;2026-03-01;Presente;Robótica;3;José;Suárez;33030853;Villa Ojo de Agua;Robótica;Capacitación;35;3;Sunday
203;222;38;2026-11-25;Presente;Robótica;11;María;Torres;49242631;Sol de Julio;Robótica;Capacitación;39;11;Wednesday
204;113;23;2026-12-14;Presente;Excel;12;Ana;Fernández;37545616;Los Telares;Excel;Capacitación;38;12;Monday
205;242;31;2026-08-04;Presente;Alfabetización Digital;8;Pedro;Díaz;48631370;Los Telares;Alfabetización Digital;Capacitación;45;8;Tuesday
206;425;28;2026-08-12;Presente;Robótica;8;María;Suárez;34877232;Sol de Julio;Robótica;Capacitación;21;8;Wednesday
207;226;31;2026-07-10;Presente;Alfabetización Digital;7;Lucía;Suárez;36123672;Sumampa;Alfabetización Digital;Capacitación;45;7;Friday
208;328;38;2026-09-02;Presente;Robótica;9;Carlos;Gómez;36118998;Villa Ojo de Agua;Robótica;Capacitación;39;9;Wednesday
209;470;4;2026-09-21;Presente;Word;9;María;Gómez;40414733;Villa Ojo de Agua;Word;Capacitación;46;9;Monday
210;351;19;2026-11-09;Presente;Impresión 3D;11;Carlos;Pérez;34716976;Pinto;Impresión 3D;Capacitación;45;11;Monday
211;96;37;2026-04-15;Presente;Marketing Digital;4;José;López;45666620;Villa Ojo de Agua;Marketing Digital;Capacitación;26;4;Wednesday
212;432;32;2026-02-12;Presente;Python;2;Carlos;Fernández;36850633;Pinto;Python;Capacitación;26;2;Thursday
213;472;20;2026-03-02;Presente;Ciudadanía Digital;3;Luis;Díaz;40997777;Añatuya;Ciudadanía Digital;Capacitación;31;3;Monday
214;272;49;2026-04-08;Presente;Impresión 3D;4;Pedro;Rojas;43419469;Los Telares;Impresión 3D;Capacitación;23;4;Wednesday
215;139;16;2026-02-14;Presente;Canva;2;María;Rodríguez;35660678;Bandera;Canva;Capacitación;35;2;Saturday
216;438;17;2026-10-03;Presente;Marketing Digital;10;Lucía;López;30424281;Bandera;Marketing Digital;Capacitación;24;10;Saturday
217;221;37;2026-01-01;Presente;Marketing Digital;1;Sofía;Suárez;36376999;Sumampa;Marketing Digital;Capacitación;26;1;Thursday
218;125;37;2026-01-17;Presente;Marketing Digital;1;Ana;Rojas;30965910;Sol de Julio;Marketing Digital;Capacitación;26;1;Saturday
219;55;42;2026-11-01;Presente;Python;11;Pedro;Fernández;32954267;Sumampa;Python;Capacitación;29;11;Sunday
220;384;46;2026-09-05;Presente;Canva;9;María;Pérez;34122685;Sumampa;Canva;Capacitación;35;9;Saturday
221;372;14;2026-07-14;Presente;Word;7;Ana;Torres;45422344;Los Telares;Word;Capacitación;27;7;Tuesday
222;126;28;2026-04-17;Presente;Robótica;4;José;Gómez;34538769;Bandera;Robótica;Capacitación;21;4;Friday
223;328;10;2026-10-15;Presente;Ciudadanía Digital;10;Carlos;Gómez;36118998;Villa Ojo de Agua;Ciudadanía Digital;Capacitación;31;10;Thursday
224;8;11;2026-04-27;Presente;Alfabetización Digital;4;Sofía;Pérez;43578410;Sol de Julio;Alfabetización Digital;Capacitación;44;4;Monday
225;244;5;2026-09-15;Presente;PowerPoint;9;Micaela;Rodríguez;37687649;Sumampa;PowerPoint;Capacitación;34;9;Tuesday
226;187;44;2026-04-20;Presente;Word;4;Micaela;Gómez;33368497;Los Telares;Word;Capacitación;47;4;Monday
227;328;14;2026-10-23;Presente;Word;10;Carlos;Gómez;36118998;Villa Ojo de Agua;Word;Capacitación;27;10;Friday
228;234;38;2026-10-14;Presente;Robótica;10;Ana;Fernández;43013984;Pinto;Robótica;Capacitación;39;10;Wednesday
229;361;27;2026-01-14;Presente;Marketing Digital;1;Lucía;Rodríguez;36053899;Sumampa;Marketing Digital;Capacitación;38;1;Wednesday
230;84;31;2026-12-17;Presente;Alfabetización Digital;12;Lucía;Torres;46549767;Villa Ojo de Agua;Alfabetización Digital;Capacitación;45;12;Thursday
231;470;21;2026-12-16;Presente;Alfabetización Digital;12;María;Gómez;40414733;Villa Ojo de Agua;Alfabetización Digital;Capacitación;23;12;Wednesday
232;171;13;2026-04-25;Presente;Excel;4;José;Díaz;32323268;Pinto;Excel;Capacitación;25;4;Saturday
233;498;33;2026-01-21;Presente;Excel;1;María;López;40258060;Sol de Julio;Excel;Capacitación;24;1;Wednesday
234;86;41;2026-07-25;Presente;Alfabetización Digital;7;Micaela;Torres;32077312;Añatuya;Alfabetización Digital;Capacitación;40;7;Saturday
235;368;26;2026-02-26;Presente;Canva;2;Pedro;Torres;45773353;Bandera;Canva;Capacitación;35;2;Thursday
236;215;3;2026-09-14;Presente;Excel;9;José;Rojas;36611779;Sol de Julio;Excel;Capacitación;40;9;Monday
237;8;21;2026-02-25;Presente;Alfabetización Digital;2;Sofía;Pérez;43578410;Sol de Julio;Alfabetización Digital;Capacitación;23;2;Wednesday
238;441;40;2026-04-13;Presente;Ciudadanía Digital;4;Sofía;Martínez;37199922;Sumampa;Ciudadanía Digital;Capacitación;38;4;Monday
239;263;15;2026-05-07;Presente;PowerPoint;5;Carlos;Fernández;47794091;Villa Ojo de Agua;PowerPoint;Capacitación;38;5;Thursday
240;491;13;2026-12-28;Presente;Excel;12;Ana;Díaz;38656494;Sol de Julio;Excel;Capacitación;25;12;Monday
241;298;20;2026-09-27;Presente;Ciudadanía Digital;9;Sofía;Rojas;30231951;Villa Ojo de Agua;Ciudadanía Digital;Capacitación;31;9;Sunday
242;403;44;2026-08-05;Presente;Word;8;Juan;Suárez;40314380;Sumampa;Word;Capacitación;47;8;Wednesday
243;418;44;2026-05-04;Presente;Word;5;Pedro;Gómez;30873779;Añatuya;Word;Capacitación;47;5;Monday
244;299;17;2026-11-07;Presente;Marketing Digital;11;María;Fernández;46089256;Villa Ojo de Agua;Marketing Digital;Capacitación;24;11;Saturday
245;211;3;2026-04-07;Presente;Excel;4;Pedro;Rodríguez;41705443;Sol de Julio;Excel;Capacitación;40;4;Tuesday
246;162;7;2026-03-05;Presente;Marketing Digital;3;Sofía;López;31438798;Pinto;Marketing Digital;Capacitación;34;3;Thursday
247;189;26;2026-05-11;Presente;Canva;5;Luis;Gómez;46920536;Villa Ojo de Agua;Canva;Capacitación;35;5;Monday
248;471;10;2026-06-02;Presente;Ciudadanía Digital;6;Luis;López;46137834;Sumampa;Ciudadanía Digital;Capacitación;31;6;Tuesday
249;212;46;2026-03-22;Presente;Canva;3;Lucía;Rojas;36970830;Villa Ojo de Agua;Canva;Capacitación;35;3;Sunday
250;247;29;2026-07-13;Presente;Impresión 3D;7;José;Martínez;44910524;Pinto;Impresión 3D;Capacitación;39;7;Monday
251;84;12;2026-01-24;Presente;Python;1;Lucía;Torres;46549767;Villa Ojo de Agua;Python;Capacitación;35;1;Saturday
252;287;50;2026-07-22;Presente;Ciudadanía Digital;7;Pedro;Pérez;39576398;Pinto;Ciudadanía Digital;Capacitación;34;7;Wednesday
253;186;32;2026-06-06;Presente;Python;6;José;Pérez;33334532;Villa Ojo de Agua;Python;Capacitación;26;6;Saturday
254;344;24;2026-05-25;Presente;Word;5;Ana;Rojas;33857891;Villa Ojo de Agua;Word;Capacitación;23;5;Monday
255;408;37;2026-02-26;Presente;Marketing Digital;2;Carlos;Fernández;33963718;Villa Ojo de Agua;Marketing Digital;Capacitación;26;2;Thursday
256;351;6;2026-09-25;Presente;Canva;9;Carlos;Pérez;34716976;Pinto;Canva;Capacitación;43;9;Friday
257;75;8;2026-12-25;Presente;Robótica;12;Lucía;Díaz;38616621;Bandera;Robótica;Capacitación;35;12;Friday
258;238;8;2026-04-16;Presente;Robótica;4;José;Fernández;35580036;Bandera;Robótica;Capacitación;35;4;Thursday
259;327;13;2026-06-05;Presente;Excel;6;Micaela;Rodríguez;37982195;Sol de Julio;Excel;Capacitación;25;6;Friday
260;450;50;2026-09-26;Presente;Ciudadanía Digital;9;Pedro;Díaz;41853911;Sol de Julio;Ciudadanía Digital;Capacitación;34;9;Saturday
261;103;32;2026-07-14;Presente;Python;7;Pedro;Torres;39724580;Bandera;Python;Capacitación;26;7;Tuesday
262;76;7;2026-12-28;Presente;Marketing Digital;12;Ana;Rojas;37056763;Pinto;Marketing Digital;Capacitación;34;12;Monday
263;285;18;2026-06-18;Presente;Robótica;6;Lucía;Díaz;45339213;Añatuya;Robótica;Capacitación;36;6;Thursday
264;252;41;2026-02-26;Presente;Alfabetización Digital;2;María;Díaz;45615111;Bandera;Alfabetización Digital;Capacitación;40;2;Thursday
265;431;22;2026-09-07;Presente;Python;9;Carlos;Suárez;47707700;Los Telares;Python;Capacitación;36;9;Monday
266;264;34;2026-02-11;Presente;Word;2;José;Fernández;46473796;Añatuya;Word;Capacitación;47;2;Wednesday
267;179;15;2026-12-25;Presente;PowerPoint;12;Pedro;Díaz;45316320;Los Telares;PowerPoint;Capacitación;38;12;Friday
268;360;8;2026-06-18;Presente;Robótica;6;Micaela;Torres;47175104;Añatuya;Robótica;Capacitación;35;6;Thursday
269;250;3;2026-02-15;Presente;Excel;2;Carlos;Pérez;41544808;Bandera;Excel;Capacitación;40;2;Sunday
270;57;12;2026-04-09;Presente;Python;4;María;Rodríguez;45641881;Villa Ojo de Agua;Python;Capacitación;35;4;Thursday
271;486;39;2026-10-08;Presente;Impresión 3D;10;Micaela;Gómez;31229027;Sol de Julio;Impresión 3D;Capacitación;25;10;Thursday
272;40;45;2026-11-12;Presente;PowerPoint;11;Sofía;Rojas;44998060;Sol de Julio;PowerPoint;Capacitación;40;11;Thursday
273;400;24;2026-11-12;Presente;Word;11;María;Torres;36468521;Sumampa;Word;Capacitación;23;11;Thursday
274;476;12;2026-10-25;Presente;Python;10;Ana;Rojas;45760368;Sol de Julio;Python;Capacitación;35;10;Sunday
275;182;10;2026-04-06;Presente;Ciudadanía Digital;4;José;Suárez;41858131;Bandera;Ciudadanía Digital;Capacitación;31;4;Monday
276;454;10;2026-05-14;Presente;Ciudadanía Digital;5;María;Gómez;32220435;Sol de Julio;Ciudadanía Digital;Capacitación;31;5;Thursday
277;249;16;2026-01-06;Presente;Canva;1;Lucía;Gómez;37456023;Villa Ojo de Agua;Canva;Capacitación;35;1;Tuesday
278;497;36;2026-07-17;Presente;Canva;7;Lucía;López;46630688;Añatuya;Canva;Capacitación;20;7;Friday
279;393;30;2026-10-02;Presente;Ciudadanía Digital;10;María;López;34420630;Bandera;Ciudadanía Digital;Capacitación;33;10;Friday
280;228;20;2026-11-14;Presente;Ciudadanía Digital;11;Sofía;Fernández;38920308;Los Telares;Ciudadanía Digital;Capacitación;31;11;Saturday
281;358;29;2026-10-28;Presente;Impresión 3D;10;Luis;López;37137532;Los Telares;Impresión 3D;Capacitación;39;10;Wednesday
282;189;35;2026-10-07;Presente;PowerPoint;10;Luis;Gómez;46920536;Villa Ojo de Agua;PowerPoint;Capacitación;35;10;Wednesday
283;73;27;2026-06-03;Presente;Marketing Digital;6;Sofía;Fernández;43663794;Añatuya;Marketing Digital;Capacitación;38;6;Wednesday
284;358;17;2026-04-03;Presente;Marketing Digital;4;Luis;López;37137532;Los Telares;Marketing Digital;Capacitación;24;4;Friday
285;362;30;2026-04-02;Presente;Ciudadanía Digital;4;Lucía;Fernández;40310082;Añatuya;Ciudadanía Digital;Capacitación;33;4;Thursday
286;293;15;2026-12-14;Presente;PowerPoint;12;Carlos;Martínez;46005510;Sumampa;PowerPoint;Capacitación;38;12;Monday
287;431;12;2026-06-14;Presente;Python;6;Carlos;Suárez;47707700;Los Telares;Python;Capacitación;35;6;Sunday
288;220;24;2026-07-03;Presente;Word;7;Ana;Martínez;45742770;Los Telares;Word;Capacitación;23;7;Friday
289;284;23;2026-05-19;Presente;Excel;5;Juan;Suárez;38736630;Los Telares;Excel;Capacitación;38;5;Tuesday
290;150;19;2026-08-03;Presente;Impresión 3D;8;Carlos;Díaz;46175418;Los Telares;Impresión 3D;Capacitación;45;8;Monday
291;194;29;2026-03-16;Presente;Impresión 3D;3;Pedro;Torres;41071021;Villa Ojo de Agua;Impresión 3D;Capacitación;39;3;Monday
292;320;30;2026-02-10;Presente;Ciudadanía Digital;2;Lucía;Fernández;42974179;Añatuya;Ciudadanía Digital;Capacitación;33;2;Tuesday
293;74;31;2026-05-20;Presente;Alfabetización Digital;5;Lucía;Suárez;43728390;Sumampa;Alfabetización Digital;Capacitación;45;5;Wednesday
294;213;29;2026-01-05;Presente;Impresión 3D;1;Ana;Fernández;37315167;Los Telares;Impresión 3D;Capacitación;39;1;Monday
295;35;50;2026-04-26;Presente;Ciudadanía Digital;4;Micaela;López;49948639;Villa Ojo de Agua;Ciudadanía Digital;Capacitación;34;4;Sunday
296;171;28;2026-09-17;Presente;Robótica;9;José;Díaz;32323268;Pinto;Robótica;Capacitación;21;9;Thursday
297;292;27;2026-08-04;Presente;Marketing Digital;8;José;Rodríguez;36318859;Los Telares;Marketing Digital;Capacitación;38;8;Tuesday
298;160;7;2026-07-15;Presente;Marketing Digital;7;Lucía;Gómez;49007647;Sol de Julio;Marketing Digital;Capacitación;34;7;Wednesday
299;254;45;2026-01-13;Presente;PowerPoint;1;María;Rodríguez;40625922;Sol de Julio;PowerPoint;Capacitación;40;1;Tuesday
300;119;37;2026-12-10;Presente;Marketing Digital;12;Pedro;Martínez;47055400;Villa Ojo de Agua;Marketing Digital;Capacitación;26;12;Thursday
301;356;11;2026-01-03;Presente;Alfabetización Digital;1;Sofía;Gómez;46154487;Sumampa;Alfabetización Digital;Capacitación;44;1;Saturday
302;50;43;2026-01-20;Presente;Excel;1;José;Suárez;43768738;Pinto;Excel;Capacitación;21;1;Tuesday
303;235;8;2026-01-24;Presente;Robótica;1;Carlos;Rojas;44594486;Pinto;Robótica;Capacitación;35;1;Saturday
304;349;18;2026-02-28;Presente;Robótica;2;Pedro;López;34660024;Añatuya;Robótica;Capacitación;36;2;Saturday
305;456;29;2026-01-27;Presente;Impresión 3D;1;José;Torres;38207685;Los Telares;Impresión 3D;Capacitación;39;1;Tuesday
306;185;42;2026-02-24;Presente;Python;2;José;Rodríguez;32154666;Sumampa;Python;Capacitación;29;2;Tuesday
307;265;32;2026-11-21;Presente;Python;11;Carlos;Díaz;30010232;Añatuya;Python;Capacitación;26;11;Saturday
308;269;3;2026-12-02;Presente;Excel;12;Ana;Gómez;48931081;Sumampa;Excel;Capacitación;40;12;Wednesday
309;386;49;2026-09-28;Presente;Impresión 3D;9;Sofía;Rojas;43374533;Sumampa;Impresión 3D;Capacitación;23;9;Monday
310;402;10;2026-12-25;Presente;Ciudadanía Digital;12;Micaela;Gómez;49302982;Añatuya;Ciudadanía Digital;Capacitación;31;12;Friday
311;96;39;2026-03-11;Presente;Impresión 3D;3;José;López;45666620;Villa Ojo de Agua;Impresión 3D;Capacitación;25;3;Wednesday
312;236;7;2026-01-14;Presente;Marketing Digital;1;José;Torres;31858957;Añatuya;Marketing Digital;Capacitación;34;1;Wednesday
313;442;28;2026-06-24;Presente;Robótica;6;Ana;Rojas;44769108;Sumampa;Robótica;Capacitación;21;6;Wednesday
314;80;43;2026-05-19;Presente;Excel;5;Sofía;Rojas;44764418;Sol de Julio;Excel;Capacitación;21;5;Tuesday
315;224;26;2026-08-26;Presente;Canva;8;Lucía;Fernández;47763218;Añatuya;Canva;Capacitación;35;8;Wednesday
316;220;43;2026-03-22;Presente;Excel;3;Ana;Martínez;45742770;Los Telares;Excel;Capacitación;21;3;Sunday
317;76;15;2026-06-18;Presente;PowerPoint;6;Ana;Rojas;37056763;Pinto;PowerPoint;Capacitación;38;6;Thursday
318;310;49;2026-10-18;Presente;Impresión 3D;10;María;Gómez;42021784;Villa Ojo de Agua;Impresión 3D;Capacitación;23;10;Sunday
319;313;42;2026-12-02;Presente;Python;12;Juan;López;47027313;Pinto;Python;Capacitación;29;12;Wednesday
320;353;2;2026-12-11;Presente;Python;12;Pedro;Suárez;36890763;Los Telares;Python;Capacitación;21;12;Friday
321;21;29;2026-01-20;Presente;Impresión 3D;1;Carlos;Martínez;33282689;Bandera;Impresión 3D;Capacitación;39;1;Tuesday
322;287;13;2026-02-08;Presente;Excel;2;Pedro;Pérez;39576398;Pinto;Excel;Capacitación;25;2;Sunday
323;132;26;2026-10-07;Presente;Canva;10;María;Fernández;32103884;Los Telares;Canva;Capacitación;35;10;Wednesday
324;89;44;2026-10-12;Presente;Word;10;Lucía;Suárez;36241397;Sol de Julio;Word;Capacitación;47;10;Monday
325;465;18;2026-11-08;Presente;Robótica;11;Juan;Rodríguez;34048649;Pinto;Robótica;Capacitación;36;11;Sunday
326;395;38;2026-12-17;Presente;Robótica;12;Micaela;Rodríguez;49586214;Sol de Julio;Robótica;Capacitación;39;12;Thursday
327;37;3;2026-08-20;Presente;Excel;8;José;Martínez;39708105;Villa Ojo de Agua;Excel;Capacitación;40;8;Thursday
328;367;23;2026-01-01;Presente;Excel;1;María;Díaz;48185595;Pinto;Excel;Capacitación;38;1;Thursday
329;22;25;2026-12-19;Presente;PowerPoint;12;Carlos;Pérez;39895465;Pinto;PowerPoint;Capacitación;25;12;Saturday
330;421;21;2026-07-13;Presente;Alfabetización Digital;7;Luis;Torres;33389266;Sumampa;Alfabetización Digital;Capacitación;23;7;Monday
331;242;20;2026-11-19;Presente;Ciudadanía Digital;11;Pedro;Díaz;48631370;Los Telares;Ciudadanía Digital;Capacitación;31;11;Thursday
332;360;48;2026-04-05;Presente;Robótica;4;Micaela;Torres;47175104;Añatuya;Robótica;Capacitación;24;4;Sunday
333;185;7;2026-07-21;Presente;Marketing Digital;7;José;Rodríguez;32154666;Sumampa;Marketing Digital;Capacitación;34;7;Tuesday
334;60;29;2026-12-24;Presente;Impresión 3D;12;Pedro;Suárez;33349882;Sumampa;Impresión 3D;Capacitación;39;12;Thursday
335;267;37;2026-09-25;Presente;Marketing Digital;9;Lucía;Rojas;32560612;Añatuya;Marketing Digital;Capacitación;26;9;Friday
336;103;4;2026-12-24;Presente;Word;12;Pedro;Torres;39724580;Bandera;Word;Capacitación;46;12;Thursday
337;250;35;2026-12-23;Presente;PowerPoint;12;Carlos;Pérez;41544808;Bandera;PowerPoint;Capacitación;35;12;Wednesday
338;451;9;2026-06-05;Presente;Impresión 3D;6;Carlos;Rodríguez;40107712;Villa Ojo de Agua;Impresión 3D;Capacitación;38;6;Friday
339;44;13;2026-07-21;Presente;Excel;7;Luis;López;30894205;Sol de Julio;Excel;Capacitación;25;7;Tuesday
340;379;15;2026-02-02;Presente;PowerPoint;2;José;Rojas;42064078;Sol de Julio;PowerPoint;Capacitación;38;2;Monday
341;190;50;2026-08-15;Presente;Ciudadanía Digital;8;Luis;Pérez;30869792;Villa Ojo de Agua;Ciudadanía Digital;Capacitación;34;8;Saturday
342;46;39;2026-01-23;Presente;Impresión 3D;1;Micaela;Gómez;36582935;Sumampa;Impresión 3D;Capacitación;25;1;Friday
343;197;1;2026-01-21;Presente;Alfabetización Digital;1;José;López;46545920;Bandera;Alfabetización Digital;Capacitación;27;1;Wednesday
344;366;15;2026-12-01;Presente;PowerPoint;12;Lucía;Torres;31587109;Villa Ojo de Agua;PowerPoint;Capacitación;38;12;Tuesday
345;324;36;2026-10-22;Presente;Canva;10;Lucía;Gómez;49663983;Bandera;Canva;Capacitación;20;10;Thursday
346;152;6;2026-09-24;Presente;Canva;9;Lucía;Díaz;44200134;Añatuya;Canva;Capacitación;43;9;Thursday
347;339;23;2026-11-10;Presente;Excel;11;Pedro;Díaz;35608041;Sol de Julio;Excel;Capacitación;38;11;Tuesday
348;430;20;2026-06-20;Presente;Ciudadanía Digital;6;Lucía;Suárez;49080690;Sumampa;Ciudadanía Digital;Capacitación;31;6;Saturday
349;265;21;2026-07-25;Presente;Alfabetización Digital;7;Carlos;Díaz;30010232;Añatuya;Alfabetización Digital;Capacitación;23;7;Saturday
350;20;15;2026-07-06;Presente;PowerPoint;7;Pedro;Suárez;33893888;Sumampa;PowerPoint;Capacitación;38;7;Monday
351;185;8;2026-05-19;Presente;Robótica;5;José;Rodríguez;32154666;Sumampa;Robótica;Capacitación;35;5;Tuesday
352;35;30;2026-02-24;Presente;Ciudadanía Digital;2;Micaela;López;49948639;Villa Ojo de Agua;Ciudadanía Digital;Capacitación;33;2;Tuesday
353;497;4;2026-05-16;Presente;Word;5;Lucía;López;46630688;Añatuya;Word;Capacitación;46;5;Saturday
354;492;26;2026-03-17;Presente;Canva;3;Micaela;Torres;42487463;Los Telares;Canva;Capacitación;35;3;Tuesday
355;22;31;2026-02-19;Presente;Alfabetización Digital;2;Carlos;Pérez;39895465;Pinto;Alfabetización Digital;Capacitación;45;2;Thursday
356;476;41;2026-01-10;Presente;Alfabetización Digital;1;Ana;Rojas;45760368;Sol de Julio;Alfabetización Digital;Capacitación;40;1;Saturday
357;447;15;2026-12-17;Presente;PowerPoint;12;Ana;Fernández;38101523;Pinto;PowerPoint;Capacitación;38;12;Thursday
358;350;38;2026-03-27;Presente;Robótica;3;Carlos;López;48211342;Villa Ojo de Agua;Robótica;Capacitación;39;3;Friday
359;293;31;2026-08-01;Presente;Alfabetización Digital;8;Carlos;Martínez;46005510;Sumampa;Alfabetización Digital;Capacitación;45;8;Saturday
360;355;39;2026-03-19;Presente;Impresión 3D;3;Luis;Rojas;47577462;Los Telares;Impresión 3D;Capacitación;25;3;Thursday
361;176;6;2026-03-25;Presente;Canva;3;Ana;Gómez;38210813;Los Telares;Canva;Capacitación;43;3;Wednesday
362;84;7;2026-11-16;Presente;Marketing Digital;11;Lucía;Torres;46549767;Villa Ojo de Agua;Marketing Digital;Capacitación;34;11;Monday
363;489;34;2026-09-01;Presente;Word;9;María;López;42651426;Sol de Julio;Word;Capacitación;47;9;Tuesday
364;133;47;2026-09-08;Presente;Marketing Digital;9;Juan;Rojas;45817015;Villa Ojo de Agua;Marketing Digital;Capacitación;33;9;Tuesday
365;475;7;2026-12-12;Presente;Marketing Digital;12;José;Rojas;45856757;Sol de Julio;Marketing Digital;Capacitación;34;12;Saturday
366;220;10;2026-03-14;Presente;Ciudadanía Digital;3;Ana;Martínez;45742770;Los Telares;Ciudadanía Digital;Capacitación;31;3;Saturday
367;411;19;2026-05-04;Presente;Impresión 3D;5;Carlos;Rodríguez;45145597;Villa Ojo de Agua;Impresión 3D;Capacitación;45;5;Monday
368;263;42;2026-03-17;Presente;Python;3;Carlos;Fernández;47794091;Villa Ojo de Agua;Python;Capacitación;29;3;Tuesday
369;488;31;2026-04-12;Presente;Alfabetización Digital;4;Lucía;Pérez;34211259;Los Telares;Alfabetización Digital;Capacitación;45;4;Sunday
370;224;16;2026-04-06;Presente;Canva;4;Lucía;Fernández;47763218;Añatuya;Canva;Capacitación;35;4;Monday
371;225;41;2026-11-06;Presente;Alfabetización Digital;11;Micaela;Rojas;32088417;Sumampa;Alfabetización Digital;Capacitación;40;11;Friday
372;21;1;2026-07-18;Presente;Alfabetización Digital;7;Carlos;Martínez;33282689;Bandera;Alfabetización Digital;Capacitación;27;7;Saturday
373;337;29;2026-04-09;Presente;Impresión 3D;4;José;Torres;35492865;Bandera;Impresión 3D;Capacitación;39;4;Thursday
374;199;13;2026-03-08;Presente;Excel;3;María;Gómez;35546411;Añatuya;Excel;Capacitación;25;3;Sunday
375;208;36;2026-09-12;Presente;Canva;9;Lucía;Rojas;32856465;Sumampa;Canva;Capacitación;20;9;Saturday
376;448;13;2026-10-27;Presente;Excel;10;Carlos;Martínez;49200319;Los Telares;Excel;Capacitación;25;10;Tuesday
377;353;46;2026-05-26;Presente;Canva;5;Pedro;Suárez;36890763;Los Telares;Canva;Capacitación;35;5;Tuesday
378;213;30;2026-05-28;Presente;Ciudadanía Digital;5;Ana;Fernández;37315167;Los Telares;Ciudadanía Digital;Capacitación;33;5;Thursday
379;174;46;2026-06-11;Presente;Canva;6;María;Rojas;42071303;Añatuya;Canva;Capacitación;35;6;Thursday
380;406;13;2026-03-20;Presente;Excel;3;Ana;Pérez;40396225;Sol de Julio;Excel;Capacitación;25;3;Friday
381;379;26;2026-07-19;Presente;Canva;7;José;Rojas;42064078;Sol de Julio;Canva;Capacitación;35;7;Sunday
382;262;45;2026-03-25;Presente;PowerPoint;3;Luis;Rodríguez;49552205;Villa Ojo de Agua;PowerPoint;Capacitación;40;3;Wednesday
383;255;28;2026-07-04;Presente;Robótica;7;Pedro;Suárez;40367063;Añatuya;Robótica;Capacitación;21;7;Saturday
384;17;41;2026-09-08;Presente;Alfabetización Digital;9;María;Martínez;33869334;Los Telares;Alfabetización Digital;Capacitación;40;9;Tuesday
385;244;11;2026-06-15;Presente;Alfabetización Digital;6;Micaela;Rodríguez;37687649;Sumampa;Alfabetización Digital;Capacitación;44;6;Monday
386;385;48;2026-02-07;Presente;Robótica;2;Pedro;Pérez;35567171;Sol de Julio;Robótica;Capacitación;24;2;Saturday
387;365;30;2026-04-18;Presente;Ciudadanía Digital;4;Carlos;Rodríguez;44425040;Los Telares;Ciudadanía Digital;Capacitación;33;4;Saturday
388;486;24;2026-07-16;Presente;Word;7;Micaela;Gómez;31229027;Sol de Julio;Word;Capacitación;23;7;Thursday
389;351;45;2026-04-12;Presente;PowerPoint;4;Carlos;Pérez;34716976;Pinto;PowerPoint;Capacitación;40;4;Sunday
390;320;46;2026-08-17;Presente;Canva;8;Lucía;Fernández;42974179;Añatuya;Canva;Capacitación;35;8;Monday
391;29;49;2026-01-12;Presente;Impresión 3D;1;Juan;Pérez;43363767;Villa Ojo de Agua;Impresión 3D;Capacitación;23;1;Monday
392;302;16;2026-01-19;Presente;Canva;1;Ana;Pérez;40043342;Villa Ojo de Agua;Canva;Capacitación;35;1;Monday
393;69;44;2026-06-22;Presente;Word;6;María;Gómez;45628192;Villa Ojo de Agua;Word;Capacitación;47;6;Monday
394;500;5;2026-10-14;Presente;PowerPoint;10;Ana;Gómez;39775209;Añatuya;PowerPoint;Capacitación;34;10;Wednesday
395;430;36;2026-03-05;Presente;Canva;3;Lucía;Suárez;49080690;Sumampa;Canva;Capacitación;20;3;Thursday
396;277;32;2026-10-03;Presente;Python;10;Pedro;Suárez;49903175;Añatuya;Python;Capacitación;26;10;Saturday
397;265;39;2026-05-20;Presente;Impresión 3D;5;Carlos;Díaz;30010232;Añatuya;Impresión 3D;Capacitación;25;5;Wednesday
398;445;21;2026-04-24;Presente;Alfabetización Digital;4;Lucía;López;37276131;Sol de Julio;Alfabetización Digital;Capacitación;23;4;Friday
399;113;14;2026-03-01;Presente;Word;3;Ana;Fernández;37545616;Los Telares;Word;Capacitación;27;3;Sunday
400;25;5;2026-04-02;Presente;PowerPoint;4;Lucía;Díaz;36401168;Pinto;PowerPoint;Capacitación;34;4;Thursday
401;303;21;2026-05-23;Presente;Alfabetización Digital;5;Lucía;Torres;30623229;Sol de Julio;Alfabetización Digital;Capacitación;23;5;Saturday
402;326;27;2026-07-28;Presente;Marketing Digital;7;María;López;42038046;Sumampa;Marketing Digital;Capacitación;38;7;Tuesday
403;376;24;2026-11-27;Presente;Word;11;Luis;Pérez;38314458;Bandera;Word;Capacitación;23;11;Friday
404;163;47;2026-10-09;Presente;Marketing Digital;10;María;Martínez;46323459;Sumampa;Marketing Digital;Capacitación;33;10;Friday
405;388;6;2026-06-06;Presente;Canva;6;José;Gómez;48084909;Añatuya;Canva;Capacitación;43;6;Saturday
406;47;39;2026-02-06;Presente;Impresión 3D;2;Micaela;Rodríguez;36965594;Pinto;Impresión 3D;Capacitación;25;2;Friday
407;420;28;2026-02-08;Presente;Robótica;2;José;Suárez;33030853;Villa Ojo de Agua;Robótica;Capacitación;21;2;Sunday
408;145;8;2026-08-01;Presente;Robótica;8;Ana;Torres;46212453;Bandera;Robótica;Capacitación;35;8;Saturday
409;30;26;2026-11-04;Presente;Canva;11;Sofía;Pérez;31314489;Villa Ojo de Agua;Canva;Capacitación;35;11;Wednesday
410;473;40;2026-07-18;Presente;Ciudadanía Digital;7;Juan;Rojas;41018932;Villa Ojo de Agua;Ciudadanía Digital;Capacitación;38;7;Saturday
411;479;27;2026-07-03;Presente;Marketing Digital;7;Pedro;Rojas;33574026;Añatuya;Marketing Digital;Capacitación;38;7;Friday
412;319;47;2026-03-11;Presente;Marketing Digital;3;Micaela;Torres;44875517;Villa Ojo de Agua;Marketing Digital;Capacitación;33;3;Wednesday
413;71;39;2026-12-01;Presente;Impresión 3D;12;María;Gómez;36010764;Sumampa;Impresión 3D;Capacitación;25;12;Tuesday
414;82;31;2026-04-22;Presente;Alfabetización Digital;4;Sofía;Martínez;39989675;Villa Ojo de Agua;Alfabetización Digital;Capacitación;45;4;Wednesday
415;51;50;2026-04-26;Presente;Ciudadanía Digital;4;José;Gómez;43837643;Los Telares;Ciudadanía Digital;Capacitación;34;4;Sunday
416;381;34;2026-03-06;Presente;Word;3;Ana;Fernández;36634857;Pinto;Word;Capacitación;47;3;Friday
417;449;14;2026-03-11;Presente;Word;3;Luis;Torres;33529199;Añatuya;Word;Capacitación;27;3;Wednesday
418;448;12;2026-02-05;Presente;Python;2;Carlos;Martínez;49200319;Los Telares;Python;Capacitación;35;2;Thursday
419;43;45;2026-12-23;Presente;PowerPoint;12;Pedro;Torres;44880227;Bandera;PowerPoint;Capacitación;40;12;Wednesday
420;232;49;2026-11-18;Presente;Impresión 3D;11;Pedro;Gómez;31549216;Pinto;Impresión 3D;Capacitación;23;11;Wednesday
421;477;16;2026-06-24;Presente;Canva;6;Luis;Díaz;30941986;Villa Ojo de Agua;Canva;Capacitación;35;6;Wednesday
422;340;12;2026-03-28;Presente;Python;3;Lucía;Díaz;41417859;Añatuya;Python;Capacitación;35;3;Saturday
423;285;13;2026-07-23;Presente;Excel;7;Lucía;Díaz;45339213;Añatuya;Excel;Capacitación;25;7;Thursday
424;214;49;2026-08-19;Presente;Impresión 3D;8;José;Suárez;30991429;Los Telares;Impresión 3D;Capacitación;23;8;Wednesday
425;227;30;2026-07-24;Presente;Ciudadanía Digital;7;Micaela;López;44143280;Sumampa;Ciudadanía Digital;Capacitación;33;7;Friday
426;481;47;2026-09-11;Presente;Marketing Digital;9;Micaela;Rodríguez;45424992;Villa Ojo de Agua;Marketing Digital;Capacitación;33;9;Friday
427;491;46;2026-02-24;Presente;Canva;2;Ana;Díaz;38656494;Sol de Julio;Canva;Capacitación;35;2;Tuesday
428;103;45;2026-06-08;Presente;PowerPoint;6;Pedro;Torres;39724580;Bandera;PowerPoint;Capacitación;40;6;Monday
429;418;25;2026-07-05;Presente;PowerPoint;7;Pedro;Gómez;30873779;Añatuya;PowerPoint;Capacitación;25;7;Sunday
430;366;30;2026-05-28;Presente;Ciudadanía Digital;5;Lucía;Torres;31587109;Villa Ojo de Agua;Ciudadanía Digital;Capacitación;33;5;Thursday
431;386;26;2026-06-17;Presente;Canva;6;Sofía;Rojas;43374533;Sumampa;Canva;Capacitación;35;6;Wednesday
432;340;48;2026-03-13;Presente;Robótica;3;Lucía;Díaz;41417859;Añatuya;Robótica;Capacitación;24;3;Friday
433;223;16;2026-08-25;Presente;Canva;8;Pedro;López;32163127;Los Telares;Canva;Capacitación;35;8;Tuesday
434;80;40;2026-11-12;Presente;Ciudadanía Digital;11;Sofía;Rojas;44764418;Sol de Julio;Ciudadanía Digital;Capacitación;38;11;Thursday
435;102;6;2026-06-27;Presente;Canva;6;Micaela;Díaz;41096482;Villa Ojo de Agua;Canva;Capacitación;43;6;Saturday
436;301;32;2026-11-03;Presente;Python;11;Pedro;Martínez;39980199;Pinto;Python;Capacitación;26;11;Tuesday
437;280;20;2026-12-02;Presente;Ciudadanía Digital;12;José;Rodríguez;47315975;Añatuya;Ciudadanía Digital;Capacitación;31;12;Wednesday
438;326;25;2026-05-27;Presente;PowerPoint;5;María;López;42038046;Sumampa;PowerPoint;Capacitación;25;5;Wednesday
439;294;17;2026-11-04;Presente;Marketing Digital;11;Luis;Suárez;41259253;Los Telares;Marketing Digital;Capacitación;24;11;Wednesday
440;369;48;2026-10-03;Presente;Robótica;10;José;Torres;43632221;Bandera;Robótica;Capacitación;24;10;Saturday
441;304;1;2026-10-09;Presente;Alfabetización Digital;10;Ana;Rodríguez;45714090;Sol de Julio;Alfabetización Digital;Capacitación;27;10;Friday
442;102;17;2026-11-06;Presente;Marketing Digital;11;Micaela;Díaz;41096482;Villa Ojo de Agua;Marketing Digital;Capacitación;24;11;Friday
443;372;10;2026-03-06;Presente;Ciudadanía Digital;3;Ana;Torres;45422344;Los Telares;Ciudadanía Digital;Capacitación;31;3;Friday
444;374;8;2026-04-23;Presente;Robótica;4;Lucía;Suárez;42782960;Pinto;Robótica;Capacitación;35;4;Thursday
445;188;23;2026-03-24;Presente;Excel;3;Luis;Suárez;46669122;Sol de Julio;Excel;Capacitación;38;3;Tuesday
446;483;21;2026-09-23;Presente;Alfabetización Digital;9;Ana;Martínez;35624731;Añatuya;Alfabetización Digital;Capacitación;23;9;Wednesday
447;184;46;2026-04-22;Presente;Canva;4;Luis;Martínez;48364429;Sol de Julio;Canva;Capacitación;35;4;Wednesday
448;48;13;2026-01-24;Presente;Excel;1;Luis;Martínez;35327101;Villa Ojo de Agua;Excel;Capacitación;25;1;Saturday
449;164;23;2026-10-04;Presente;Excel;10;Micaela;Díaz;40799652;Pinto;Excel;Capacitación;38;10;Sunday
450;291;31;2026-03-06;Presente;Alfabetización Digital;3;Juan;Fernández;34004297;Villa Ojo de Agua;Alfabetización Digital;Capacitación;45;3;Friday
451;274;50;2026-02-09;Presente;Ciudadanía Digital;2;José;Torres;46015365;Bandera;Ciudadanía Digital;Capacitación;34;2;Monday
452;251;2;2026-12-01;Presente;Python;12;Pedro;López;35149474;Los Telares;Python;Capacitación;21;12;Tuesday
453;476;25;2026-06-01;Presente;PowerPoint;6;Ana;Rojas;45760368;Sol de Julio;PowerPoint;Capacitación;25;6;Monday
454;392;18;2026-08-02;Presente;Robótica;8;José;López;47560747;Añatuya;Robótica;Capacitación;36;8;Sunday
455;155;48;2026-04-01;Presente;Robótica;4;Micaela;Torres;40172077;Pinto;Robótica;Capacitación;24;4;Wednesday
456;407;39;2026-02-03;Presente;Impresión 3D;2;Juan;Rodríguez;48057128;Villa Ojo de Agua;Impresión 3D;Capacitación;25;2;Tuesday
457;363;43;2026-01-25;Presente;Excel;1;Lucía;Gómez;44702928;Bandera;Excel;Capacitación;21;1;Sunday
458;196;11;2026-11-13;Presente;Alfabetización Digital;11;Lucía;Martínez;36335303;Sumampa;Alfabetización Digital;Capacitación;44;11;Friday
459;380;19;2026-08-15;Presente;Impresión 3D;8;María;López;49506471;Los Telares;Impresión 3D;Capacitación;45;8;Saturday
460;398;16;2026-10-25;Presente;Canva;10;Lucía;Fernández;33665544;Bandera;Canva;Capacitación;35;10;Sunday
461;127;16;2026-03-17;Presente;Canva;3;Ana;Gómez;47850551;Bandera;Canva;Capacitación;35;3;Tuesday
462;265;33;2026-07-12;Presente;Excel;7;Carlos;Díaz;30010232;Añatuya;Excel;Capacitación;24;7;Sunday
463;42;23;2026-04-27;Presente;Excel;4;Ana;Díaz;48356653;Villa Ojo de Agua;Excel;Capacitación;38;4;Monday
464;64;6;2026-04-11;Presente;Canva;4;Juan;Díaz;36464683;Sol de Julio;Canva;Capacitación;43;4;Saturday
465;123;4;2026-01-27;Presente;Word;1;Ana;Gómez;46780935;Añatuya;Word;Capacitación;46;1;Tuesday
466;165;5;2026-05-07;Presente;PowerPoint;5;Juan;Fernández;41577089;Sumampa;PowerPoint;Capacitación;34;5;Thursday
467;459;3;2026-06-06;Presente;Excel;6;Sofía;Gómez;33077473;Bandera;Excel;Capacitación;40;6;Saturday
468;382;23;2026-06-25;Presente;Excel;6;Sofía;Rojas;47331754;Sol de Julio;Excel;Capacitación;38;6;Thursday
469;342;34;2026-04-08;Presente;Word;4;Ana;Fernández;33465896;Pinto;Word;Capacitación;47;4;Wednesday
470;388;14;2026-06-04;Presente;Word;6;José;Gómez;48084909;Añatuya;Word;Capacitación;27;6;Thursday
471;251;47;2026-12-09;Presente;Marketing Digital;12;Pedro;López;35149474;Los Telares;Marketing Digital;Capacitación;33;12;Wednesday
472;396;3;2026-07-24;Presente;Excel;7;Juan;Fernández;44261434;Villa Ojo de Agua;Excel;Capacitación;40;7;Friday
473;219;48;2026-05-08;Presente;Robótica;5;María;Pérez;39897855;Sumampa;Robótica;Capacitación;24;5;Friday
474;194;3;2026-10-12;Presente;Excel;10;Pedro;Torres;41071021;Villa Ojo de Agua;Excel;Capacitación;40;10;Monday
475;424;2;2026-11-10;Presente;Python;11;Pedro;Torres;41388547;Sumampa;Python;Capacitación;21;11;Tuesday
476;342;24;2026-11-24;Presente;Word;11;Ana;Fernández;33465896;Pinto;Word;Capacitación;23;11;Tuesday
477;352;46;2026-11-23;Presente;Canva;11;Sofía;Pérez;36753606;Sol de Julio;Canva;Capacitación;35;11;Monday
478;299;33;2026-07-20;Presente;Excel;7;María;Fernández;46089256;Villa Ojo de Agua;Excel;Capacitación;24;7;Monday
479;150;6;2026-09-11;Presente;Canva;9;Carlos;Díaz;46175418;Los Telares;Canva;Capacitación;43;9;Friday
480;276;18;2026-10-12;Presente;Robótica;10;María;López;34038029;Sumampa;Robótica;Capacitación;36;10;Monday
481;34;37;2026-12-06;Presente;Marketing Digital;12;Carlos;Fernández;43780130;Sol de Julio;Marketing Digital;Capacitación;26;12;Sunday
482;227;37;2026-03-25;Presente;Marketing Digital;3;Micaela;López;44143280;Sumampa;Marketing Digital;Capacitación;26;3;Wednesday
483;490;18;2026-06-04;Presente;Robótica;6;Luis;Fernández;34322199;Villa Ojo de Agua;Robótica;Capacitación;36;6;Thursday
484;274;23;2026-10-06;Presente;Excel;10;José;Torres;46015365;Bandera;Excel;Capacitación;38;10;Tuesday
485;217;46;2026-04-21;Presente;Canva;4;Pedro;Rodríguez;37113577;Añatuya;Canva;Capacitación;35;4;Tuesday
486;2;2;2026-08-20;Presente;Python;8;Ana;Torres;39537814;Pinto;Python;Capacitación;21;8;Thursday
487;298;46;2026-02-13;Presente;Canva;2;Sofía;Rojas;30231951;Villa Ojo de Agua;Canva;Capacitación;35;2;Friday
488;26;3;2026-04-07;Presente;Excel;4;María;Martínez;31156450;Sumampa;Excel;Capacitación;40;4;Tuesday
489;167;21;2026-05-22;Presente;Alfabetización Digital;5;Carlos;López;43851567;Añatuya;Alfabetización Digital;Capacitación;23;5;Friday
490;419;12;2026-03-26;Presente;Python;3;Luis;López;37308945;Bandera;Python;Capacitación;35;3;Thursday
491;185;9;2026-02-24;Presente;Impresión 3D;2;José;Rodríguez;32154666;Sumampa;Impresión 3D;Capacitación;38;2;Tuesday
492;480;4;2026-06-09;Presente;Word;6;José;Rodríguez;34762156;Pinto;Word;Capacitación;46;6;Tuesday
493;345;31;2026-02-12;Presente;Alfabetización Digital;2;Lucía;Rojas;44450553;Añatuya;Alfabetización Digital;Capacitación;45;2;Thursday
494;69;16;2026-10-21;Presente;Canva;10;María;Gómez;45628192;Villa Ojo de Agua;Canva;Capacitación;35;10;Wednesday
495;285;20;2026-02-18;Presente;Ciudadanía Digital;2;Lucía;Díaz;45339213;Añatuya;Ciudadanía Digital;Capacitación;31;2;Wednesday
496;301;5;2026-02-10;Presente;PowerPoint;2;Pedro;Martínez;39980199;Pinto;PowerPoint;Capacitación;34;2;Tuesday
497;279;30;2026-07-20;Presente;Ciudadanía Digital;7;Luis;Martínez;47810748;Sumampa;Ciudadanía Digital;Capacitación;33;7;Monday
498;309;5;2026-09-25;Presente;PowerPoint;9;Juan;López;36349213;Sumampa;PowerPoint;Capacitación;34;9;Friday
499;268;30;2026-01-24;Presente;Ciudadanía Digital;1;Carlos;López;41336292;Bandera;Ciudadanía Digital;Capacitación;33;1;Saturday
500;15;33;2026-04-18;Presente;Excel;4;María;Torres;45981305;Añatuya;Excel;Capacitación;24;4;Saturday
501;444;18;2026-04-25;Presente;Robótica;4;Micaela;Fernández;46158675;Añatuya;Robótica;Capacitación;36;4;Saturday
502;264;8;2026-02-21;Presente;Robótica;2;José;Fernández;46473796;Añatuya;Robótica;Capacitación;35;2;Saturday
503;407;32;2026-12-28;Presente;Python;12;Juan;Rodríguez;48057128;Villa Ojo de Agua;Python;Capacitación;26;12;Monday
504;83;49;2026-01-09;Presente;Impresión 3D;1;María;Suárez;45645293;Bandera;Impresión 3D;Capacitación;23;1;Friday
505;49;5;2026-05-09;Presente;PowerPoint;5;Pedro;Suárez;31247480;Villa Ojo de Agua;PowerPoint;Capacitación;34;5;Saturday
506;110;18;2026-03-16;Presente;Robótica;3;Micaela;Gómez;46646841;Sumampa;Robótica;Capacitación;36;3;Monday
507;422;43;2026-12-04;Presente;Excel;12;Micaela;Gómez;47438257;Bandera;Excel;Capacitación;21;12;Friday
508;161;19;2026-02-21;Presente;Impresión 3D;2;Carlos;Fernández;30585216;Villa Ojo de Agua;Impresión 3D;Capacitación;45;2;Saturday
509;277;24;2026-05-25;Presente;Word;5;Pedro;Suárez;49903175;Añatuya;Word;Capacitación;23;5;Monday
510;163;29;2026-10-21;Presente;Impresión 3D;10;María;Martínez;46323459;Sumampa;Impresión 3D;Capacitación;39;10;Wednesday
511;325;44;2026-08-07;Presente;Word;8;Lucía;Fernández;48684879;Sumampa;Word;Capacitación;47;8;Friday
512;361;38;2026-09-01;Presente;Robótica;9;Lucía;Rodríguez;36053899;Sumampa;Robótica;Capacitación;39;9;Tuesday
513;119;42;2026-03-15;Presente;Python;3;Pedro;Martínez;47055400;Villa Ojo de Agua;Python;Capacitación;29;3;Sunday
514;51;50;2026-05-06;Presente;Ciudadanía Digital;5;José;Gómez;43837643;Los Telares;Ciudadanía Digital;Capacitación;34;5;Wednesday
515;385;35;2026-08-25;Presente;PowerPoint;8;Pedro;Pérez;35567171;Sol de Julio;PowerPoint;Capacitación;35;8;Tuesday
516;151;50;2026-10-14;Presente;Ciudadanía Digital;10;Pedro;López;40456268;Villa Ojo de Agua;Ciudadanía Digital;Capacitación;34;10;Wednesday
517;297;16;2026-11-02;Presente;Canva;11;Juan;Pérez;40572288;Pinto;Canva;Capacitación;35;11;Monday
518;145;21;2026-04-22;Presente;Alfabetización Digital;4;Ana;Torres;46212453;Bandera;Alfabetización Digital;Capacitación;23;4;Wednesday
519;180;15;2026-11-26;Presente;PowerPoint;11;Carlos;Rojas;32607251;Sol de Julio;PowerPoint;Capacitación;38;11;Thursday
520;2;50;2026-10-02;Presente;Ciudadanía Digital;10;Ana;Torres;39537814;Pinto;Ciudadanía Digital;Capacitación;34;10;Friday
521;251;21;2026-09-01;Presente;Alfabetización Digital;9;Pedro;López;35149474;Los Telares;Alfabetización Digital;Capacitación;23;9;Tuesday
522;145;3;2026-10-19;Presente;Excel;10;Ana;Torres;46212453;Bandera;Excel;Capacitación;40;10;Monday
523;431;27;2026-01-15;Presente;Marketing Digital;1;Carlos;Suárez;47707700;Los Telares;Marketing Digital;Capacitación;38;1;Thursday
524;192;26;2026-06-01;Presente;Canva;6;José;Gómez;39234977;Sol de Julio;Canva;Capacitación;35;6;Monday
525;5;39;2026-01-20;Presente;Impresión 3D;1;Pedro;Suárez;31889133;Sumampa;Impresión 3D;Capacitación;25;1;Tuesday
526;48;42;2026-12-26;Presente;Python;12;Luis;Martínez;35327101;Villa Ojo de Agua;Python;Capacitación;29;12;Saturday
527;384;34;2026-03-03;Presente;Word;3;María;Pérez;34122685;Sumampa;Word;Capacitación;47;3;Tuesday
528;74;31;2026-05-11;Presente;Alfabetización Digital;5;Lucía;Suárez;43728390;Sumampa;Alfabetización Digital;Capacitación;45;5;Monday
529;82;12;2026-05-25;Presente;Python;5;Sofía;Martínez;39989675;Villa Ojo de Agua;Python;Capacitación;35;5;Monday
530;161;18;2026-07-14;Presente;Robótica;7;Carlos;Fernández;30585216;Villa Ojo de Agua;Robótica;Capacitación;36;7;Tuesday
531;239;28;2026-05-13;Presente;Robótica;5;Ana;Fernández;38205338;Sumampa;Robótica;Capacitación;21;5;Wednesday
532;99;32;2026-06-11;Presente;Python;6;Juan;Suárez;41183572;Añatuya;Python;Capacitación;26;6;Thursday
533;187;8;2026-09-15;Presente;Robótica;9;Micaela;Gómez;33368497;Los Telares;Robótica;Capacitación;35;9;Tuesday
534;8;21;2026-12-10;Presente;Alfabetización Digital;12;Sofía;Pérez;43578410;Sol de Julio;Alfabetización Digital;Capacitación;23;12;Thursday
535;435;16;2026-03-20;Presente;Canva;3;Pedro;Rodríguez;30708720;Sol de Julio;Canva;Capacitación;35;3;Friday
536;68;48;2026-03-05;Presente;Robótica;3;Ana;Suárez;38323344;Sol de Julio;Robótica;Capacitación;24;3;Thursday
537;390;3;2026-04-26;Presente;Excel;4;Luis;Díaz;40944493;Los Telares;Excel;Capacitación;40;4;Sunday
538;6;23;2026-08-28;Presente;Excel;8;José;Rodríguez;43523626;Bandera;Excel;Capacitación;38;8;Friday
539;190;37;2026-03-02;Presente;Marketing Digital;3;Luis;Pérez;30869792;Villa Ojo de Agua;Marketing Digital;Capacitación;26;3;Monday
540;34;38;2026-02-17;Presente;Robótica;2;Carlos;Fernández;43780130;Sol de Julio;Robótica;Capacitación;39;2;Tuesday
541;142;36;2026-06-10;Presente;Canva;6;Lucía;Rodríguez;34191704;Añatuya;Canva;Capacitación;20;6;Wednesday
542;19;11;2026-01-24;Presente;Alfabetización Digital;1;José;Suárez;40104801;Sol de Julio;Alfabetización Digital;Capacitación;44;1;Saturday
543;325;48;2026-04-25;Presente;Robótica;4;Lucía;Fernández;48684879;Sumampa;Robótica;Capacitación;24;4;Saturday
544;361;10;2026-10-27;Presente;Ciudadanía Digital;10;Lucía;Rodríguez;36053899;Sumampa;Ciudadanía Digital;Capacitación;31;10;Tuesday
545;262;45;2026-11-18;Presente;PowerPoint;11;Luis;Rodríguez;49552205;Villa Ojo de Agua;PowerPoint;Capacitación;40;11;Wednesday
546;380;32;2026-08-06;Presente;Python;8;María;López;49506471;Los Telares;Python;Capacitación;26;8;Thursday
547;143;42;2026-10-17;Presente;Python;10;José;Martínez;33418383;Bandera;Python;Capacitación;29;10;Saturday
548;44;3;2026-12-22;Presente;Excel;12;Luis;López;30894205;Sol de Julio;Excel;Capacitación;40;12;Tuesday
549;490;50;2026-03-26;Presente;Ciudadanía Digital;3;Luis;Fernández;34322199;Villa Ojo de Agua;Ciudadanía Digital;Capacitación;34;3;Thursday
550;387;11;2026-11-13;Presente;Alfabetización Digital;11;Pedro;Gómez;35461685;Sol de Julio;Alfabetización Digital;Capacitación;44;11;Friday
551;376;11;2026-10-17;Presente;Alfabetización Digital;10;Luis;Pérez;38314458;Bandera;Alfabetización Digital;Capacitación;44;10;Saturday
552;367;24;2026-12-22;Presente;Word;12;María;Díaz;48185595;Pinto;Word;Capacitación;23;12;Tuesday
553;137;45;2026-01-14;Presente;PowerPoint;1;Sofía;López;38637807;Villa Ojo de Agua;PowerPoint;Capacitación;40;1;Wednesday
554;114;48;2026-10-06;Presente;Robótica;10;Sofía;Pérez;31024301;Pinto;Robótica;Capacitación;24;10;Tuesday
555;100;10;2026-10-21;Presente;Ciudadanía Digital;10;Ana;Rodríguez;42873794;Sol de Julio;Ciudadanía Digital;Capacitación;31;10;Wednesday
556;345;43;2026-10-20;Presente;Excel;10;Lucía;Rojas;44450553;Añatuya;Excel;Capacitación;21;10;Tuesday
557;289;47;2026-12-06;Presente;Marketing Digital;12;Micaela;Rodríguez;46795266;Añatuya;Marketing Digital;Capacitación;33;12;Sunday
558;224;13;2026-03-06;Presente;Excel;3;Lucía;Fernández;47763218;Añatuya;Excel;Capacitación;25;3;Friday
559;332;39;2026-12-23;Presente;Impresión 3D;12;Pedro;López;32753926;Añatuya;Impresión 3D;Capacitación;25;12;Wednesday
560;89;29;2026-01-18;Presente;Impresión 3D;1;Lucía;Suárez;36241397;Sol de Julio;Impresión 3D;Capacitación;39;1;Sunday
561;500;13;2026-02-12;Presente;Excel;2;Ana;Gómez;39775209;Añatuya;Excel;Capacitación;25;2;Thursday
562;91;16;2026-10-24;Presente;Canva;10;Micaela;Díaz;31377676;Pinto;Canva;Capacitación;35;10;Saturday
563;453;44;2026-10-07;Presente;Word;10;Lucía;Martínez;34125739;Sumampa;Word;Capacitación;47;10;Wednesday
564;221;35;2026-10-25;Presente;PowerPoint;10;Sofía;Suárez;36376999;Sumampa;PowerPoint;Capacitación;35;10;Sunday
565;381;15;2026-08-28;Presente;PowerPoint;8;Ana;Fernández;36634857;Pinto;PowerPoint;Capacitación;38;8;Friday
566;230;26;2026-12-13;Presente;Canva;12;Carlos;López;47887991;Sol de Julio;Canva;Capacitación;35;12;Sunday
567;208;22;2026-06-21;Presente;Python;6;Lucía;Rojas;32856465;Sumampa;Python;Capacitación;36;6;Sunday
568;138;5;2026-03-21;Presente;PowerPoint;3;Sofía;López;34374680;Bandera;PowerPoint;Capacitación;34;3;Saturday
569;51;11;2026-05-28;Presente;Alfabetización Digital;5;José;Gómez;43837643;Los Telares;Alfabetización Digital;Capacitación;44;5;Thursday
570;128;20;2026-12-12;Presente;Ciudadanía Digital;12;Lucía;Torres;36453798;Villa Ojo de Agua;Ciudadanía Digital;Capacitación;31;12;Saturday
571;7;44;2026-05-23;Presente;Word;5;Micaela;Gómez;46109116;Sumampa;Word;Capacitación;47;5;Saturday
572;27;29;2026-12-17;Presente;Impresión 3D;12;Pedro;Martínez;37902858;Añatuya;Impresión 3D;Capacitación;39;12;Thursday
573;69;44;2026-06-05;Presente;Word;6;María;Gómez;45628192;Villa Ojo de Agua;Word;Capacitación;47;6;Friday
574;386;26;2026-04-05;Presente;Canva;4;Sofía;Rojas;43374533;Sumampa;Canva;Capacitación;35;4;Sunday
575;354;33;2026-02-13;Presente;Excel;2;Carlos;Fernández;41969316;Pinto;Excel;Capacitación;24;2;Friday
576;276;33;2026-06-12;Presente;Excel;6;María;López;34038029;Sumampa;Excel;Capacitación;24;6;Friday
577;83;4;2026-07-09;Presente;Word;7;María;Suárez;45645293;Bandera;Word;Capacitación;46;7;Thursday
578;266;24;2026-07-04;Presente;Word;7;Juan;Fernández;47490307;Bandera;Word;Capacitación;23;7;Saturday
579;343;5;2026-05-16;Presente;PowerPoint;5;Sofía;Gómez;36022824;Villa Ojo de Agua;PowerPoint;Capacitación;34;5;Saturday
580;425;5;2026-06-12;Presente;PowerPoint;6;María;Suárez;34877232;Sol de Julio;PowerPoint;Capacitación;34;6;Friday
581;271;28;2026-08-24;Presente;Robótica;8;Lucía;Martínez;39965294;Sumampa;Robótica;Capacitación;21;8;Monday
582;475;49;2026-01-10;Presente;Impresión 3D;1;José;Rojas;45856757;Sol de Julio;Impresión 3D;Capacitación;23;1;Saturday
583;292;4;2026-11-15;Presente;Word;11;José;Rodríguez;36318859;Los Telares;Word;Capacitación;46;11;Sunday
584;304;39;2026-12-06;Presente;Impresión 3D;12;Ana;Rodríguez;45714090;Sol de Julio;Impresión 3D;Capacitación;25;12;Sunday
585;425;24;2026-05-03;Presente;Word;5;María;Suárez;34877232;Sol de Julio;Word;Capacitación;23;5;Sunday
586;149;20;2026-08-20;Presente;Ciudadanía Digital;8;José;Torres;31135379;Bandera;Ciudadanía Digital;Capacitación;31;8;Thursday
587;421;6;2026-09-14;Presente;Canva;9;Luis;Torres;33389266;Sumampa;Canva;Capacitación;43;9;Monday
588;178;13;2026-08-26;Presente;Excel;8;Ana;Torres;33676375;Añatuya;Excel;Capacitación;25;8;Wednesday
589;107;17;2026-03-05;Presente;Marketing Digital;3;Sofía;Gómez;43976159;Los Telares;Marketing Digital;Capacitación;24;3;Thursday
590;31;7;2026-04-04;Presente;Marketing Digital;4;Lucía;Rodríguez;31449974;Añatuya;Marketing Digital;Capacitación;34;4;Saturday
591;101;36;2026-08-18;Presente;Canva;8;Micaela;Díaz;37475483;Bandera;Canva;Capacitación;20;8;Tuesday
592;329;49;2026-12-24;Presente;Impresión 3D;12;José;Rojas;30036479;Villa Ojo de Agua;Impresión 3D;Capacitación;23;12;Thursday
593;444;30;2026-03-24;Presente;Ciudadanía Digital;3;Micaela;Fernández;46158675;Añatuya;Ciudadanía Digital;Capacitación;33;3;Tuesday
594;49;10;2026-02-08;Presente;Ciudadanía Digital;2;Pedro;Suárez;31247480;Villa Ojo de Agua;Ciudadanía Digital;Capacitación;31;2;Sunday
595;332;21;2026-01-24;Presente;Alfabetización Digital;1;Pedro;López;32753926;Añatuya;Alfabetización Digital;Capacitación;23;1;Saturday
596;114;24;2026-11-11;Presente;Word;11;Sofía;Pérez;31024301;Pinto;Word;Capacitación;23;11;Wednesday
597;311;21;2026-10-16;Presente;Alfabetización Digital;10;José;Fernández;48785176;Pinto;Alfabetización Digital;Capacitación;23;10;Friday
598;92;23;2026-02-14;Presente;Excel;2;María;Díaz;47353267;Pinto;Excel;Capacitación;38;2;Saturday
599;420;3;2026-06-19;Presente;Excel;6;José;Suárez;33030853;Villa Ojo de Agua;Excel;Capacitación;40;6;Friday
600;354;34;2026-08-26;Presente;Word;8;Carlos;Fernández;41969316;Pinto;Word;Capacitación;47;8;Wednesday
601;26;5;2026-03-11;Presente;PowerPoint;3;María;Martínez;31156450;Sumampa;PowerPoint;Capacitación;34;3;Wednesday
602;380;10;2026-09-11;Presente;Ciudadanía Digital;9;María;López;49506471;Los Telares;Ciudadanía Digital;Capacitación;31;9;Friday
603;79;15;2026-08-23;Presente;PowerPoint;8;Ana;Suárez;35571205;Villa Ojo de Agua;PowerPoint;Capacitación;38;8;Sunday
604;334;1;2026-06-06;Presente;Alfabetización Digital;6;María;Rojas;35501674;Sol de Julio;Alfabetización Digital;Capacitación;27;6;Saturday
605;114;12;2026-02-20;Presente;Python;2;Sofía;Pérez;31024301;Pinto;Python;Capacitación;35;2;Friday
606;99;47;2026-11-08;Presente;Marketing Digital;11;Juan;Suárez;41183572;Añatuya;Marketing Digital;Capacitación;33;11;Sunday
607;62;49;2026-02-13;Presente;Impresión 3D;2;Pedro;Gómez;37144438;Pinto;Impresión 3D;Capacitación;23;2;Friday
608;10;21;2026-01-25;Presente;Alfabetización Digital;1;Carlos;Rodríguez;35055177;Villa Ojo de Agua;Alfabetización Digital;Capacitación;23;1;Sunday
609;243;26;2026-06-07;Presente;Canva;6;Micaela;Torres;36255630;Sumampa;Canva;Capacitación;35;6;Sunday
610;321;39;2026-07-05;Presente;Impresión 3D;7;Sofía;Díaz;32260564;Los Telares;Impresión 3D;Capacitación;25;7;Sunday
611;161;11;2026-03-16;Presente;Alfabetización Digital;3;Carlos;Fernández;30585216;Villa Ojo de Agua;Alfabetización Digital;Capacitación;44;3;Monday
612;348;47;2026-01-09;Presente;Marketing Digital;1;Ana;López;39751028;Los Telares;Marketing Digital;Capacitación;33;1;Friday
613;194;17;2026-02-01;Presente;Marketing Digital;2;Pedro;Torres;41071021;Villa Ojo de Agua;Marketing Digital;Capacitación;24;2;Sunday
614;201;6;2026-07-04;Presente;Canva;7;Micaela;Martínez;47985418;Villa Ojo de Agua;Canva;Capacitación;43;7;Saturday
615;355;46;2026-03-02;Presente;Canva;3;Luis;Rojas;47577462;Los Telares;Canva;Capacitación;35;3;Monday
616;428;44;2026-04-03;Presente;Word;4;Pedro;Pérez;42589884;Añatuya;Word;Capacitación;47;4;Friday
617;72;35;2026-10-22;Presente;PowerPoint;10;Luis;Suárez;47099248;Sumampa;PowerPoint;Capacitación;35;10;Thursday
618;56;47;2026-08-20;Presente;Marketing Digital;8;Micaela;Pérez;39350398;Pinto;Marketing Digital;Capacitación;33;8;Thursday
619;432;19;2026-04-15;Presente;Impresión 3D;4;Carlos;Fernández;36850633;Pinto;Impresión 3D;Capacitación;45;4;Wednesday
620;118;25;2026-12-03;Presente;PowerPoint;12;Juan;Suárez;46692486;Pinto;PowerPoint;Capacitación;25;12;Thursday
621;317;14;2026-10-12;Presente;Word;10;Sofía;Pérez;45717595;Sumampa;Word;Capacitación;27;10;Monday
622;488;43;2026-08-01;Presente;Excel;8;Lucía;Pérez;34211259;Los Telares;Excel;Capacitación;21;8;Saturday
623;361;29;2026-09-03;Presente;Impresión 3D;9;Lucía;Rodríguez;36053899;Sumampa;Impresión 3D;Capacitación;39;9;Thursday
624;69;22;2026-06-17;Presente;Python;6;María;Gómez;45628192;Villa Ojo de Agua;Python;Capacitación;36;6;Wednesday
625;93;32;2026-01-07;Presente;Python;1;Lucía;Pérez;42185537;Villa Ojo de Agua;Python;Capacitación;26;1;Wednesday
626;107;2;2026-08-12;Presente;Python;8;Sofía;Gómez;43976159;Los Telares;Python;Capacitación;21;8;Wednesday
627;114;25;2026-03-26;Presente;PowerPoint;3;Sofía;Pérez;31024301;Pinto;PowerPoint;Capacitación;25;3;Thursday
628;270;16;2026-02-18;Presente;Canva;2;Juan;Torres;40022026;Sol de Julio;Canva;Capacitación;35;2;Wednesday
629;234;5;2026-12-08;Presente;PowerPoint;12;Ana;Fernández;43013984;Pinto;PowerPoint;Capacitación;34;12;Tuesday
630;481;2;2026-03-02;Presente;Python;3;Micaela;Rodríguez;45424992;Villa Ojo de Agua;Python;Capacitación;21;3;Monday
631;212;19;2026-04-26;Presente;Impresión 3D;4;Lucía;Rojas;36970830;Villa Ojo de Agua;Impresión 3D;Capacitación;45;4;Sunday
632;462;44;2026-09-22;Presente;Word;9;Sofía;Rojas;33581517;Sumampa;Word;Capacitación;47;9;Tuesday
633;168;18;2026-02-20;Presente;Robótica;2;María;López;30273292;Añatuya;Robótica;Capacitación;36;2;Friday
634;367;24;2026-08-19;Presente;Word;8;María;Díaz;48185595;Pinto;Word;Capacitación;23;8;Wednesday
635;59;19;2026-12-10;Presente;Impresión 3D;12;Juan;Torres;39922739;Bandera;Impresión 3D;Capacitación;45;12;Thursday
636;72;46;2026-06-17;Presente;Canva;6;Luis;Suárez;47099248;Sumampa;Canva;Capacitación;35;6;Wednesday
637;463;12;2026-05-13;Presente;Python;5;Sofía;Suárez;48624116;Sumampa;Python;Capacitación;35;5;Wednesday
638;283;24;2026-03-02;Presente;Word;3;Carlos;Martínez;30268583;Pinto;Word;Capacitación;23;3;Monday
639;480;35;2026-11-24;Presente;PowerPoint;11;José;Rodríguez;34762156;Pinto;PowerPoint;Capacitación;35;11;Tuesday
640;349;46;2026-08-27;Presente;Canva;8;Pedro;López;34660024;Añatuya;Canva;Capacitación;35;8;Thursday
641;373;43;2026-02-01;Presente;Excel;2;Juan;Gómez;43105288;Sumampa;Excel;Capacitación;21;2;Sunday
642;331;20;2026-11-02;Presente;Ciudadanía Digital;11;María;Rodríguez;35098078;Añatuya;Ciudadanía Digital;Capacitación;31;11;Monday
643;68;1;2026-01-13;Presente;Alfabetización Digital;1;Ana;Suárez;38323344;Sol de Julio;Alfabetización Digital;Capacitación;27;1;Tuesday
644;353;20;2026-05-24;Presente;Ciudadanía Digital;5;Pedro;Suárez;36890763;Los Telares;Ciudadanía Digital;Capacitación;31;5;Sunday
645;184;16;2026-09-03;Presente;Canva;9;Luis;Martínez;48364429;Sol de Julio;Canva;Capacitación;35;9;Thursday
646;302;10;2026-09-18;Presente;Ciudadanía Digital;9;Ana;Pérez;40043342;Villa Ojo de Agua;Ciudadanía Digital;Capacitación;31;9;Friday
647;241;29;2026-02-13;Presente;Impresión 3D;2;Pedro;Gómez;49246247;Pinto;Impresión 3D;Capacitación;39;2;Friday
648;131;17;2026-03-13;Presente;Marketing Digital;3;Juan;Martínez;37723527;Bandera;Marketing Digital;Capacitación;24;3;Friday
649;73;32;2026-02-13;Presente;Python;2;Sofía;Fernández;43663794;Añatuya;Python;Capacitación;26;2;Friday
650;289;23;2026-04-05;Presente;Excel;4;Micaela;Rodríguez;46795266;Añatuya;Excel;Capacitación;38;4;Sunday
651;274;45;2026-02-03;Presente;PowerPoint;2;José;Torres;46015365;Bandera;PowerPoint;Capacitación;40;2;Tuesday
652;223;37;2026-12-10;Presente;Marketing Digital;12;Pedro;López;32163127;Los Telares;Marketing Digital;Capacitación;26;12;Thursday
653;100;38;2026-12-21;Presente;Robótica;12;Ana;Rodríguez;42873794;Sol de Julio;Robótica;Capacitación;39;12;Monday
654;230;5;2026-02-18;Presente;PowerPoint;2;Carlos;López;47887991;Sol de Julio;PowerPoint;Capacitación;34;2;Wednesday
655;343;32;2026-07-08;Presente;Python;7;Sofía;Gómez;36022824;Villa Ojo de Agua;Python;Capacitación;26;7;Wednesday
656;334;16;2026-10-04;Presente;Canva;10;María;Rojas;35501674;Sol de Julio;Canva;Capacitación;35;10;Sunday
657;369;21;2026-03-08;Presente;Alfabetización Digital;3;José;Torres;43632221;Bandera;Alfabetización Digital;Capacitación;23;3;Sunday
658;129;50;2026-07-15;Presente;Ciudadanía Digital;7;Ana;Díaz;42838150;Bandera;Ciudadanía Digital;Capacitación;34;7;Wednesday
659;235;14;2026-11-10;Presente;Word;11;Carlos;Rojas;44594486;Pinto;Word;Capacitación;27;11;Tuesday
660;11;11;2026-04-09;Presente;Alfabetización Digital;4;Lucía;Díaz;37880355;Villa Ojo de Agua;Alfabetización Digital;Capacitación;44;4;Thursday
661;64;15;2026-04-20;Presente;PowerPoint;4;Juan;Díaz;36464683;Sol de Julio;PowerPoint;Capacitación;38;4;Monday
662;119;27;2026-05-27;Presente;Marketing Digital;5;Pedro;Martínez;47055400;Villa Ojo de Agua;Marketing Digital;Capacitación;38;5;Wednesday
663;338;42;2026-05-28;Presente;Python;5;María;Martínez;32736893;Sol de Julio;Python;Capacitación;29;5;Thursday
664;259;35;2026-07-09;Presente;PowerPoint;7;Lucía;Suárez;49939072;Añatuya;PowerPoint;Capacitación;35;7;Thursday
665;306;15;2026-01-19;Presente;PowerPoint;1;José;Fernández;35495266;Añatuya;PowerPoint;Capacitación;38;1;Monday
666;209;27;2026-05-22;Presente;Marketing Digital;5;Lucía;Pérez;37902891;Villa Ojo de Agua;Marketing Digital;Capacitación;38;5;Friday
667;24;30;2026-11-15;Presente;Ciudadanía Digital;11;Pedro;Suárez;47273973;Bandera;Ciudadanía Digital;Capacitación;33;11;Sunday
668;266;33;2026-05-03;Presente;Excel;5;Juan;Fernández;47490307;Bandera;Excel;Capacitación;24;5;Sunday
669;289;11;2026-02-13;Presente;Alfabetización Digital;2;Micaela;Rodríguez;46795266;Añatuya;Alfabetización Digital;Capacitación;44;2;Friday
670;142;37;2026-12-01;Presente;Marketing Digital;12;Lucía;Rodríguez;34191704;Añatuya;Marketing Digital;Capacitación;26;12;Tuesday
671;189;33;2026-08-21;Presente;Excel;8;Luis;Gómez;46920536;Villa Ojo de Agua;Excel;Capacitación;24;8;Friday
672;279;38;2026-08-07;Presente;Robótica;8;Luis;Martínez;47810748;Sumampa;Robótica;Capacitación;39;8;Friday
673;334;35;2026-04-03;Presente;PowerPoint;4;María;Rojas;35501674;Sol de Julio;PowerPoint;Capacitación;35;4;Friday
674;246;13;2026-03-22;Presente;Excel;3;Pedro;López;44016887;Sumampa;Excel;Capacitación;25;3;Sunday
675;367;30;2026-04-17;Presente;Ciudadanía Digital;4;María;Díaz;48185595;Pinto;Ciudadanía Digital;Capacitación;33;4;Friday
676;465;2;2026-04-10;Presente;Python;4;Juan;Rodríguez;34048649;Pinto;Python;Capacitación;21;4;Friday
677;211;38;2026-12-07;Presente;Robótica;12;Pedro;Rodríguez;41705443;Sol de Julio;Robótica;Capacitación;39;12;Monday
678;396;21;2026-12-14;Presente;Alfabetización Digital;12;Juan;Fernández;44261434;Villa Ojo de Agua;Alfabetización Digital;Capacitación;23;12;Monday
679;470;44;2026-07-11;Presente;Word;7;María;Gómez;40414733;Villa Ojo de Agua;Word;Capacitación;47;7;Saturday
680;290;11;2026-05-23;Presente;Alfabetización Digital;5;Sofía;Suárez;40676783;Sol de Julio;Alfabetización Digital;Capacitación;44;5;Saturday
681;6;47;2026-05-28;Presente;Marketing Digital;5;José;Rodríguez;43523626;Bandera;Marketing Digital;Capacitación;33;5;Thursday
682;142;17;2026-11-07;Presente;Marketing Digital;11;Lucía;Rodríguez;34191704;Añatuya;Marketing Digital;Capacitación;24;11;Saturday
683;101;46;2026-01-03;Presente;Canva;1;Micaela;Díaz;37475483;Bandera;Canva;Capacitación;35;1;Saturday
684;317;29;2026-03-01;Presente;Impresión 3D;3;Sofía;Pérez;45717595;Sumampa;Impresión 3D;Capacitación;39;3;Sunday
685;321;24;2026-01-17;Presente;Word;1;Sofía;Díaz;32260564;Los Telares;Word;Capacitación;23;1;Saturday
686;101;43;2026-03-19;Presente;Excel;3;Micaela;Díaz;37475483;Bandera;Excel;Capacitación;21;3;Thursday
687;460;37;2026-07-03;Presente;Marketing Digital;7;José;Rodríguez;36395011;Añatuya;Marketing Digital;Capacitación;26;7;Friday
688;220;36;2026-08-27;Presente;Canva;8;Ana;Martínez;45742770;Los Telares;Canva;Capacitación;20;8;Thursday
689;496;35;2026-11-09;Presente;PowerPoint;11;Lucía;Torres;39868335;Sol de Julio;PowerPoint;Capacitación;35;11;Monday
690;319;30;2026-12-17;Presente;Ciudadanía Digital;12;Micaela;Torres;44875517;Villa Ojo de Agua;Ciudadanía Digital;Capacitación;33;12;Thursday
691;174;1;2026-08-07;Presente;Alfabetización Digital;8;María;Rojas;42071303;Añatuya;Alfabetización Digital;Capacitación;27;8;Friday
692;431;10;2026-06-05;Presente;Ciudadanía Digital;6;Carlos;Suárez;47707700;Los Telares;Ciudadanía Digital;Capacitación;31;6;Friday
693;61;47;2026-06-26;Presente;Marketing Digital;6;Lucía;Torres;49381921;Los Telares;Marketing Digital;Capacitación;33;6;Friday
694;6;13;2026-01-07;Presente;Excel;1;José;Rodríguez;43523626;Bandera;Excel;Capacitación;25;1;Wednesday
695;88;33;2026-01-26;Presente;Excel;1;María;Suárez;31300286;Bandera;Excel;Capacitación;24;1;Monday
696;248;43;2026-08-05;Presente;Excel;8;Carlos;Torres;42912530;Los Telares;Excel;Capacitación;21;8;Wednesday
697;208;15;2026-09-28;Presente;PowerPoint;9;Lucía;Rojas;32856465;Sumampa;PowerPoint;Capacitación;38;9;Monday
698;240;9;2026-08-13;Presente;Impresión 3D;8;Sofía;Rodríguez;39792286;Pinto;Impresión 3D;Capacitación;38;8;Thursday
699;351;2;2026-07-01;Presente;Python;7;Carlos;Pérez;34716976;Pinto;Python;Capacitación;21;7;Wednesday
700;390;50;2026-12-26;Presente;Ciudadanía Digital;12;Luis;Díaz;40944493;Los Telares;Ciudadanía Digital;Capacitación;34;12;Saturday
701;26;31;2026-06-01;Presente;Alfabetización Digital;6;María;Martínez;31156450;Sumampa;Alfabetización Digital;Capacitación;45;6;Monday
702;282;32;2026-03-06;Presente;Python;3;Micaela;Fernández;49933289;Los Telares;Python;Capacitación;26;3;Friday
703;433;41;2026-05-08;Presente;Alfabetización Digital;5;Sofía;Martínez;39843560;Pinto;Alfabetización Digital;Capacitación;40;5;Friday
704;297;49;2026-05-04;Presente;Impresión 3D;5;Juan;Pérez;40572288;Pinto;Impresión 3D;Capacitación;23;5;Monday
705;129;41;2026-04-16;Presente;Alfabetización Digital;4;Ana;Díaz;42838150;Bandera;Alfabetización Digital;Capacitación;40;4;Thursday
706;72;27;2026-12-21;Presente;Marketing Digital;12;Luis;Suárez;47099248;Sumampa;Marketing Digital;Capacitación;38;12;Monday
707;8;12;2026-01-24;Presente;Python;1;Sofía;Pérez;43578410;Sol de Julio;Python;Capacitación;35;1;Saturday
708;86;12;2026-04-06;Presente;Python;4;Micaela;Torres;32077312;Añatuya;Python;Capacitación;35;4;Monday
709;401;25;2026-04-20;Presente;PowerPoint;4;José;Martínez;41667360;Villa Ojo de Agua;PowerPoint;Capacitación;25;4;Monday
710;471;6;2026-11-10;Presente;Canva;11;Luis;López;46137834;Sumampa;Canva;Capacitación;43;11;Tuesday
711;368;4;2026-07-09;Presente;Word;7;Pedro;Torres;45773353;Bandera;Word;Capacitación;46;7;Thursday
712;358;22;2026-09-10;Presente;Python;9;Luis;López;37137532;Los Telares;Python;Capacitación;36;9;Thursday
713;207;20;2026-06-09;Presente;Ciudadanía Digital;6;Micaela;Pérez;39788688;Los Telares;Ciudadanía Digital;Capacitación;31;6;Tuesday
714;132;27;2026-04-24;Presente;Marketing Digital;4;María;Fernández;32103884;Los Telares;Marketing Digital;Capacitación;38;4;Friday
715;380;1;2026-01-18;Presente;Alfabetización Digital;1;María;López;49506471;Los Telares;Alfabetización Digital;Capacitación;27;1;Sunday
716;159;48;2026-04-23;Presente;Robótica;4;Luis;López;44606655;Los Telares;Robótica;Capacitación;24;4;Thursday
717;315;20;2026-10-12;Presente;Ciudadanía Digital;10;Pedro;Pérez;37932636;Pinto;Ciudadanía Digital;Capacitación;31;10;Monday
718;77;7;2026-08-02;Presente;Marketing Digital;8;José;Martínez;41096760;Sumampa;Marketing Digital;Capacitación;34;8;Sunday
719;123;23;2026-05-12;Presente;Excel;5;Ana;Gómez;46780935;Añatuya;Excel;Capacitación;38;5;Tuesday
720;203;7;2026-03-17;Presente;Marketing Digital;3;Carlos;Fernández;33291655;Sumampa;Marketing Digital;Capacitación;34;3;Tuesday
721;354;10;2026-11-23;Presente;Ciudadanía Digital;11;Carlos;Fernández;41969316;Pinto;Ciudadanía Digital;Capacitación;31;11;Monday
722;368;7;2026-02-09;Presente;Marketing Digital;2;Pedro;Torres;45773353;Bandera;Marketing Digital;Capacitación;34;2;Monday
723;254;40;2026-09-19;Presente;Ciudadanía Digital;9;María;Rodríguez;40625922;Sol de Julio;Ciudadanía Digital;Capacitación;38;9;Saturday
724;394;14;2026-04-09;Presente;Word;4;Micaela;Rodríguez;41192047;Sumampa;Word;Capacitación;27;4;Thursday
725;4;50;2026-12-15;Presente;Ciudadanía Digital;12;Sofía;Suárez;37031326;Sol de Julio;Ciudadanía Digital;Capacitación;34;12;Tuesday
726;403;49;2026-01-01;Presente;Impresión 3D;1;Juan;Suárez;40314380;Sumampa;Impresión 3D;Capacitación;23;1;Thursday
727;6;14;2026-10-13;Presente;Word;10;José;Rodríguez;43523626;Bandera;Word;Capacitación;27;10;Tuesday
728;144;39;2026-12-01;Presente;Impresión 3D;12;Sofía;Rojas;31424630;Bandera;Impresión 3D;Capacitación;25;12;Tuesday
729;10;24;2026-09-19;Presente;Word;9;Carlos;Rodríguez;35055177;Villa Ojo de Agua;Word;Capacitación;23;9;Saturday
730;353;14;2026-10-23;Presente;Word;10;Pedro;Suárez;36890763;Los Telares;Word;Capacitación;27;10;Friday
731;182;27;2026-05-20;Presente;Marketing Digital;5;José;Suárez;41858131;Bandera;Marketing Digital;Capacitación;38;5;Wednesday
732;216;16;2026-03-03;Presente;Canva;3;Micaela;López;47206953;Pinto;Canva;Capacitación;35;3;Tuesday
733;228;38;2026-04-02;Presente;Robótica;4;Sofía;Fernández;38920308;Los Telares;Robótica;Capacitación;39;4;Thursday
734;166;41;2026-09-25;Presente;Alfabetización Digital;9;Luis;Rodríguez;42105075;Villa Ojo de Agua;Alfabetización Digital;Capacitación;40;9;Friday
735;278;16;2026-04-06;Presente;Canva;4;Pedro;Rodríguez;41561823;Bandera;Canva;Capacitación;35;4;Monday
736;161;28;2026-07-28;Presente;Robótica;7;Carlos;Fernández;30585216;Villa Ojo de Agua;Robótica;Capacitación;21;7;Tuesday
737;11;8;2026-01-03;Presente;Robótica;1;Lucía;Díaz;37880355;Villa Ojo de Agua;Robótica;Capacitación;35;1;Saturday
738;412;1;2026-06-10;Presente;Alfabetización Digital;6;Sofía;Suárez;35602779;Los Telares;Alfabetización Digital;Capacitación;27;6;Wednesday
739;21;30;2026-09-05;Presente;Ciudadanía Digital;9;Carlos;Martínez;33282689;Bandera;Ciudadanía Digital;Capacitación;33;9;Saturday
740;446;42;2026-11-20;Presente;Python;11;Luis;Gómez;49630143;Sol de Julio;Python;Capacitación;29;11;Friday
741;428;10;2026-10-18;Presente;Ciudadanía Digital;10;Pedro;Pérez;42589884;Añatuya;Ciudadanía Digital;Capacitación;31;10;Sunday
742;164;27;2026-12-07;Presente;Marketing Digital;12;Micaela;Díaz;40799652;Pinto;Marketing Digital;Capacitación;38;12;Monday
743;180;40;2026-01-26;Presente;Ciudadanía Digital;1;Carlos;Rojas;32607251;Sol de Julio;Ciudadanía Digital;Capacitación;38;1;Monday
744;254;3;2026-11-16;Presente;Excel;11;María;Rodríguez;40625922;Sol de Julio;Excel;Capacitación;40;11;Monday
745;270;49;2026-10-15;Presente;Impresión 3D;10;Juan;Torres;40022026;Sol de Julio;Impresión 3D;Capacitación;23;10;Thursday
746;315;39;2026-04-02;Presente;Impresión 3D;4;Pedro;Pérez;37932636;Pinto;Impresión 3D;Capacitación;25;4;Thursday
747;62;21;2026-12-18;Presente;Alfabetización Digital;12;Pedro;Gómez;37144438;Pinto;Alfabetización Digital;Capacitación;23;12;Friday
748;492;14;2026-10-18;Presente;Word;10;Micaela;Torres;42487463;Los Telares;Word;Capacitación;27;10;Sunday
749;294;37;2026-04-01;Presente;Marketing Digital;4;Luis;Suárez;41259253;Los Telares;Marketing Digital;Capacitación;26;4;Wednesday
750;284;10;2026-09-11;Presente;Ciudadanía Digital;9;Juan;Suárez;38736630;Los Telares;Ciudadanía Digital;Capacitación;31;9;Friday
751;240;43;2026-03-02;Presente;Excel;3;Sofía;Rodríguez;39792286;Pinto;Excel;Capacitación;21;3;Monday
752;335;27;2026-01-19;Presente;Marketing Digital;1;María;Pérez;45956848;Pinto;Marketing Digital;Capacitación;38;1;Monday
753;241;3;2026-02-15;Presente;Excel;2;Pedro;Gómez;49246247;Pinto;Excel;Capacitación;40;2;Sunday
754;392;19;2026-03-01;Presente;Impresión 3D;3;José;López;47560747;Añatuya;Impresión 3D;Capacitación;45;3;Sunday
755;77;47;2026-11-24;Presente;Marketing Digital;11;José;Martínez;41096760;Sumampa;Marketing Digital;Capacitación;33;11;Tuesday
756;353;25;2026-11-10;Presente;PowerPoint;11;Pedro;Suárez;36890763;Los Telares;PowerPoint;Capacitación;25;11;Tuesday
757;467;27;2026-08-28;Presente;Marketing Digital;8;Lucía;Martínez;36066051;Villa Ojo de Agua;Marketing Digital;Capacitación;38;8;Friday
758;167;33;2026-05-22;Presente;Excel;5;Carlos;López;43851567;Añatuya;Excel;Capacitación;24;5;Friday
759;168;39;2026-09-18;Presente;Impresión 3D;9;María;López;30273292;Añatuya;Impresión 3D;Capacitación;25;9;Friday
760;350;37;2026-01-08;Presente;Marketing Digital;1;Carlos;López;48211342;Villa Ojo de Agua;Marketing Digital;Capacitación;26;1;Thursday
761;156;2;2026-09-28;Presente;Python;9;María;Martínez;40616711;Sol de Julio;Python;Capacitación;21;9;Monday
762;189;14;2026-11-19;Presente;Word;11;Luis;Gómez;46920536;Villa Ojo de Agua;Word;Capacitación;27;11;Thursday
763;40;5;2026-03-17;Presente;PowerPoint;3;Sofía;Rojas;44998060;Sol de Julio;PowerPoint;Capacitación;34;3;Tuesday
764;309;42;2026-04-13;Presente;Python;4;Juan;López;36349213;Sumampa;Python;Capacitación;29;4;Monday
765;15;40;2026-12-03;Presente;Ciudadanía Digital;12;María;Torres;45981305;Añatuya;Ciudadanía Digital;Capacitación;38;12;Thursday
766;155;3;2026-01-27;Presente;Excel;1;Micaela;Torres;40172077;Pinto;Excel;Capacitación;40;1;Tuesday
767;408;7;2026-05-23;Presente;Marketing Digital;5;Carlos;Fernández;33963718;Villa Ojo de Agua;Marketing Digital;Capacitación;34;5;Saturday
768;226;30;2026-06-13;Presente;Ciudadanía Digital;6;Lucía;Suárez;36123672;Sumampa;Ciudadanía Digital;Capacitación;33;6;Saturday
769;178;21;2026-07-15;Presente;Alfabetización Digital;7;Ana;Torres;33676375;Añatuya;Alfabetización Digital;Capacitación;23;7;Wednesday
770;99;13;2026-12-03;Presente;Excel;12;Juan;Suárez;41183572;Añatuya;Excel;Capacitación;25;12;Thursday
771;119;23;2026-06-11;Presente;Excel;6;Pedro;Martínez;47055400;Villa Ojo de Agua;Excel;Capacitación;38;6;Thursday
772;399;39;2026-07-03;Presente;Impresión 3D;7;Ana;Díaz;42468635;Los Telares;Impresión 3D;Capacitación;25;7;Friday
773;90;16;2026-05-25;Presente;Canva;5;Pedro;Gómez;49817965;Añatuya;Canva;Capacitación;35;5;Monday
774;306;16;2026-10-15;Presente;Canva;10;José;Fernández;35495266;Añatuya;Canva;Capacitación;35;10;Thursday
775;224;16;2026-09-19;Presente;Canva;9;Lucía;Fernández;47763218;Añatuya;Canva;Capacitación;35;9;Saturday
776;131;37;2026-10-23;Presente;Marketing Digital;10;Juan;Martínez;37723527;Bandera;Marketing Digital;Capacitación;26;10;Friday
777;389;33;2026-04-13;Presente;Excel;4;Ana;López;49704931;Bandera;Excel;Capacitación;24;4;Monday
778;264;27;2026-04-16;Presente;Marketing Digital;4;José;Fernández;46473796;Añatuya;Marketing Digital;Capacitación;38;4;Thursday
779;185;26;2026-05-09;Presente;Canva;5;José;Rodríguez;32154666;Sumampa;Canva;Capacitación;35;5;Saturday
780;19;29;2026-03-26;Presente;Impresión 3D;3;José;Suárez;40104801;Sol de Julio;Impresión 3D;Capacitación;39;3;Thursday
781;168;32;2026-06-08;Presente;Python;6;María;López;30273292;Añatuya;Python;Capacitación;26;6;Monday
782;392;40;2026-10-16;Presente;Ciudadanía Digital;10;José;López;47560747;Añatuya;Ciudadanía Digital;Capacitación;38;10;Friday
783;363;19;2026-11-21;Presente;Impresión 3D;11;Lucía;Gómez;44702928;Bandera;Impresión 3D;Capacitación;45;11;Saturday
784;9;22;2026-04-01;Presente;Python;4;María;Gómez;30864639;Pinto;Python;Capacitación;36;4;Wednesday
785;395;18;2026-03-18;Presente;Robótica;3;Micaela;Rodríguez;49586214;Sol de Julio;Robótica;Capacitación;36;3;Wednesday
786;330;5;2026-08-07;Presente;PowerPoint;8;Sofía;Fernández;49387781;Sumampa;PowerPoint;Capacitación;34;8;Friday
787;236;3;2026-05-01;Presente;Excel;5;José;Torres;31858957;Añatuya;Excel;Capacitación;40;5;Friday
788;346;42;2026-07-22;Presente;Python;7;Luis;Pérez;48962966;Sol de Julio;Python;Capacitación;29;7;Wednesday
789;316;10;2026-06-12;Presente;Ciudadanía Digital;6;María;Martínez;49013958;Los Telares;Ciudadanía Digital;Capacitación;31;6;Friday
790;14;4;2026-05-14;Presente;Word;5;Micaela;Díaz;38860550;Bandera;Word;Capacitación;46;5;Thursday
791;416;27;2026-03-11;Presente;Marketing Digital;3;María;Díaz;46685403;Bandera;Marketing Digital;Capacitación;38;3;Wednesday
792;119;28;2026-11-26;Presente;Robótica;11;Pedro;Martínez;47055400;Villa Ojo de Agua;Robótica;Capacitación;21;11;Thursday
793;135;1;2026-12-10;Presente;Alfabetización Digital;12;María;Rojas;48116206;Pinto;Alfabetización Digital;Capacitación;27;12;Thursday
794;193;20;2026-02-28;Presente;Ciudadanía Digital;2;Pedro;Díaz;31476908;Pinto;Ciudadanía Digital;Capacitación;31;2;Saturday
795;213;47;2026-01-06;Presente;Marketing Digital;1;Ana;Fernández;37315167;Los Telares;Marketing Digital;Capacitación;33;1;Tuesday
796;21;25;2026-08-01;Presente;PowerPoint;8;Carlos;Martínez;33282689;Bandera;PowerPoint;Capacitación;25;8;Saturday
797;113;25;2026-07-05;Presente;PowerPoint;7;Ana;Fernández;37545616;Los Telares;PowerPoint;Capacitación;25;7;Sunday
798;277;39;2026-12-24;Presente;Impresión 3D;12;Pedro;Suárez;49903175;Añatuya;Impresión 3D;Capacitación;25;12;Thursday
799;314;14;2026-08-18;Presente;Word;8;Luis;López;33954006;Bandera;Word;Capacitación;27;8;Tuesday
800;66;21;2026-06-09;Presente;Alfabetización Digital;6;Ana;Rojas;37495613;Sumampa;Alfabetización Digital;Capacitación;23;6;Tuesday
801;336;21;2026-05-07;Presente;Alfabetización Digital;5;Lucía;Rodríguez;38467996;Bandera;Alfabetización Digital;Capacitación;23;5;Thursday
802;321;17;2026-06-17;Presente;Marketing Digital;6;Sofía;Díaz;32260564;Los Telares;Marketing Digital;Capacitación;24;6;Wednesday
803;124;13;2026-01-13;Presente;Excel;1;María;Fernández;48663357;Sumampa;Excel;Capacitación;25;1;Tuesday
804;401;30;2026-08-03;Presente;Ciudadanía Digital;8;José;Martínez;41667360;Villa Ojo de Agua;Ciudadanía Digital;Capacitación;33;8;Monday
805;48;27;2026-10-18;Presente;Marketing Digital;10;Luis;Martínez;35327101;Villa Ojo de Agua;Marketing Digital;Capacitación;38;10;Sunday
806;8;38;2026-07-26;Presente;Robótica;7;Sofía;Pérez;43578410;Sol de Julio;Robótica;Capacitación;39;7;Sunday
807;222;7;2026-12-06;Presente;Marketing Digital;12;María;Torres;49242631;Sol de Julio;Marketing Digital;Capacitación;34;12;Sunday
808;383;31;2026-07-01;Presente;Alfabetización Digital;7;Juan;Torres;46825965;Pinto;Alfabetización Digital;Capacitación;45;7;Wednesday
809;65;25;2026-12-11;Presente;PowerPoint;12;Juan;López;49619964;Pinto;PowerPoint;Capacitación;25;12;Friday
810;102;19;2026-04-16;Presente;Impresión 3D;4;Micaela;Díaz;41096482;Villa Ojo de Agua;Impresión 3D;Capacitación;45;4;Thursday
811;425;21;2026-04-24;Presente;Alfabetización Digital;4;María;Suárez;34877232;Sol de Julio;Alfabetización Digital;Capacitación;23;4;Friday
812;242;50;2026-07-05;Presente;Ciudadanía Digital;7;Pedro;Díaz;48631370;Los Telares;Ciudadanía Digital;Capacitación;34;7;Sunday
813;142;24;2026-08-01;Presente;Word;8;Lucía;Rodríguez;34191704;Añatuya;Word;Capacitación;23;8;Saturday
814;425;2;2026-07-19;Presente;Python;7;María;Suárez;34877232;Sol de Julio;Python;Capacitación;21;7;Sunday
815;113;15;2026-09-15;Presente;PowerPoint;9;Ana;Fernández;37545616;Los Telares;PowerPoint;Capacitación;38;9;Tuesday
816;343;20;2026-09-19;Presente;Ciudadanía Digital;9;Sofía;Gómez;36022824;Villa Ojo de Agua;Ciudadanía Digital;Capacitación;31;9;Saturday
817;438;12;2026-09-23;Presente;Python;9;Lucía;López;30424281;Bandera;Python;Capacitación;35;9;Wednesday
818;399;28;2026-01-22;Presente;Robótica;1;Ana;Díaz;42468635;Los Telares;Robótica;Capacitación;21;1;Thursday
819;422;48;2026-09-27;Presente;Robótica;9;Micaela;Gómez;47438257;Bandera;Robótica;Capacitación;24;9;Sunday
820;415;23;2026-01-17;Presente;Excel;1;Carlos;López;30599507;Añatuya;Excel;Capacitación;38;1;Saturday
821;54;28;2026-08-12;Presente;Robótica;8;Pedro;Martínez;48988061;Sol de Julio;Robótica;Capacitación;21;8;Wednesday
822;493;14;2026-05-16;Presente;Word;5;Carlos;Fernández;31454887;Villa Ojo de Agua;Word;Capacitación;27;5;Saturday
823;261;5;2026-02-01;Presente;PowerPoint;2;Luis;Torres;44203096;Sol de Julio;PowerPoint;Capacitación;34;2;Sunday
824;125;12;2026-10-13;Presente;Python;10;Ana;Rojas;30965910;Sol de Julio;Python;Capacitación;35;10;Tuesday
825;257;32;2026-04-03;Presente;Python;4;Sofía;Martínez;40738418;Añatuya;Python;Capacitación;26;4;Friday
826;361;27;2026-01-02;Presente;Marketing Digital;1;Lucía;Rodríguez;36053899;Sumampa;Marketing Digital;Capacitación;38;1;Friday
827;331;22;2026-01-07;Presente;Python;1;María;Rodríguez;35098078;Añatuya;Python;Capacitación;36;1;Wednesday
828;103;14;2026-01-23;Presente;Word;1;Pedro;Torres;39724580;Bandera;Word;Capacitación;27;1;Friday
829;347;44;2026-04-06;Presente;Word;4;Carlos;Gómez;34977791;Pinto;Word;Capacitación;47;4;Monday
830;425;9;2026-02-07;Presente;Impresión 3D;2;María;Suárez;34877232;Sol de Julio;Impresión 3D;Capacitación;38;2;Saturday
831;149;16;2026-05-05;Presente;Canva;5;José;Torres;31135379;Bandera;Canva;Capacitación;35;5;Tuesday
832;468;23;2026-07-10;Presente;Excel;7;Juan;Torres;47979558;Pinto;Excel;Capacitación;38;7;Friday
833;417;25;2026-12-17;Presente;PowerPoint;12;Luis;López;43070651;Los Telares;PowerPoint;Capacitación;25;12;Thursday
834;457;35;2026-10-01;Presente;PowerPoint;10;Ana;Suárez;41713496;Villa Ojo de Agua;PowerPoint;Capacitación;35;10;Thursday
835;365;6;2026-08-16;Presente;Canva;8;Carlos;Rodríguez;44425040;Los Telares;Canva;Capacitación;43;8;Sunday
836;265;5;2026-02-16;Presente;PowerPoint;2;Carlos;Díaz;30010232;Añatuya;PowerPoint;Capacitación;34;2;Monday
837;123;16;2026-04-24;Presente;Canva;4;Ana;Gómez;46780935;Añatuya;Canva;Capacitación;35;4;Friday
838;191;21;2026-04-11;Presente;Alfabetización Digital;4;Luis;Pérez;46541273;Los Telares;Alfabetización Digital;Capacitación;23;4;Saturday
839;206;5;2026-10-02;Presente;PowerPoint;10;Juan;López;30249224;Los Telares;PowerPoint;Capacitación;34;10;Friday
840;470;45;2026-02-04;Presente;PowerPoint;2;María;Gómez;40414733;Villa Ojo de Agua;PowerPoint;Capacitación;40;2;Wednesday
841;152;38;2026-04-17;Presente;Robótica;4;Lucía;Díaz;44200134;Añatuya;Robótica;Capacitación;39;4;Friday
842;189;36;2026-02-03;Presente;Canva;2;Luis;Gómez;46920536;Villa Ojo de Agua;Canva;Capacitación;20;2;Tuesday
843;437;26;2026-05-02;Presente;Canva;5;José;Fernández;43703622;Bandera;Canva;Capacitación;35;5;Saturday
844;454;42;2026-08-22;Presente;Python;8;María;Gómez;32220435;Sol de Julio;Python;Capacitación;29;8;Saturday
845;156;32;2026-08-15;Presente;Python;8;María;Martínez;40616711;Sol de Julio;Python;Capacitación;26;8;Saturday
846;119;26;2026-03-11;Presente;Canva;3;Pedro;Martínez;47055400;Villa Ojo de Agua;Canva;Capacitación;35;3;Wednesday
847;316;3;2026-05-02;Presente;Excel;5;María;Martínez;49013958;Los Telares;Excel;Capacitación;40;5;Saturday
848;293;46;2026-04-07;Presente;Canva;4;Carlos;Martínez;46005510;Sumampa;Canva;Capacitación;35;4;Tuesday
849;372;35;2026-02-14;Presente;PowerPoint;2;Ana;Torres;45422344;Los Telares;PowerPoint;Capacitación;35;2;Saturday
850;332;29;2026-01-15;Presente;Impresión 3D;1;Pedro;López;32753926;Añatuya;Impresión 3D;Capacitación;39;1;Thursday
851;441;35;2026-05-13;Presente;PowerPoint;5;Sofía;Martínez;37199922;Sumampa;PowerPoint;Capacitación;35;5;Wednesday
852;323;33;2026-11-21;Presente;Excel;11;María;Gómez;38196290;Añatuya;Excel;Capacitación;24;11;Saturday
853;206;40;2026-06-23;Presente;Ciudadanía Digital;6;Juan;López;30249224;Los Telares;Ciudadanía Digital;Capacitación;38;6;Tuesday
854;258;36;2026-08-01;Presente;Canva;8;Luis;Martínez;43017061;Sumampa;Canva;Capacitación;20;8;Saturday
855;204;46;2026-09-05;Presente;Canva;9;José;Martínez;40803047;Bandera;Canva;Capacitación;35;9;Saturday
856;209;25;2026-07-22;Presente;PowerPoint;7;Lucía;Pérez;37902891;Villa Ojo de Agua;PowerPoint;Capacitación;25;7;Wednesday
857;143;42;2026-12-28;Presente;Python;12;José;Martínez;33418383;Bandera;Python;Capacitación;29;12;Monday
858;234;2;2026-07-19;Presente;Python;7;Ana;Fernández;43013984;Pinto;Python;Capacitación;21;7;Sunday
859;329;40;2026-09-06;Presente;Ciudadanía Digital;9;José;Rojas;30036479;Villa Ojo de Agua;Ciudadanía Digital;Capacitación;38;9;Sunday
860;429;49;2026-08-18;Presente;Impresión 3D;8;María;Pérez;34319579;Los Telares;Impresión 3D;Capacitación;23;8;Tuesday
861;495;35;2026-09-18;Presente;PowerPoint;9;Sofía;López;46575642;Añatuya;PowerPoint;Capacitación;35;9;Friday
862;71;45;2026-03-26;Presente;PowerPoint;3;María;Gómez;36010764;Sumampa;PowerPoint;Capacitación;40;3;Thursday
863;338;34;2026-11-14;Presente;Word;11;María;Martínez;32736893;Sol de Julio;Word;Capacitación;47;11;Saturday
864;301;32;2026-09-16;Presente;Python;9;Pedro;Martínez;39980199;Pinto;Python;Capacitación;26;9;Wednesday
865;73;17;2026-06-28;Presente;Marketing Digital;6;Sofía;Fernández;43663794;Añatuya;Marketing Digital;Capacitación;24;6;Sunday
866;340;4;2026-10-28;Presente;Word;10;Lucía;Díaz;41417859;Añatuya;Word;Capacitación;46;10;Wednesday
867;492;1;2026-09-07;Presente;Alfabetización Digital;9;Micaela;Torres;42487463;Los Telares;Alfabetización Digital;Capacitación;27;9;Monday
868;475;6;2026-02-16;Presente;Canva;2;José;Rojas;45856757;Sol de Julio;Canva;Capacitación;43;2;Monday
869;435;3;2026-05-21;Presente;Excel;5;Pedro;Rodríguez;30708720;Sol de Julio;Excel;Capacitación;40;5;Thursday
870;64;12;2026-11-13;Presente;Python;11;Juan;Díaz;36464683;Sol de Julio;Python;Capacitación;35;11;Friday
871;431;19;2026-05-05;Presente;Impresión 3D;5;Carlos;Suárez;47707700;Los Telares;Impresión 3D;Capacitación;45;5;Tuesday
872;293;12;2026-01-25;Presente;Python;1;Carlos;Martínez;46005510;Sumampa;Python;Capacitación;35;1;Sunday
873;278;39;2026-04-01;Presente;Impresión 3D;4;Pedro;Rodríguez;41561823;Bandera;Impresión 3D;Capacitación;25;4;Wednesday
874;59;24;2026-11-15;Presente;Word;11;Juan;Torres;39922739;Bandera;Word;Capacitación;23;11;Sunday
875;364;22;2026-06-22;Presente;Python;6;María;Díaz;41646844;Sumampa;Python;Capacitación;36;6;Monday
876;318;17;2026-05-25;Presente;Marketing Digital;5;Sofía;Rodríguez;38110079;Villa Ojo de Agua;Marketing Digital;Capacitación;24;5;Monday
877;206;46;2026-04-25;Presente;Canva;4;Juan;López;30249224;Los Telares;Canva;Capacitación;35;4;Saturday
878;461;31;2026-03-08;Presente;Alfabetización Digital;3;Juan;López;38542540;Añatuya;Alfabetización Digital;Capacitación;45;3;Sunday
879;34;32;2026-12-21;Presente;Python;12;Carlos;Fernández;43780130;Sol de Julio;Python;Capacitación;26;12;Monday
880;472;25;2026-07-06;Presente;PowerPoint;7;Luis;Díaz;40997777;Añatuya;PowerPoint;Capacitación;25;7;Monday
881;142;50;2026-05-15;Presente;Ciudadanía Digital;5;Lucía;Rodríguez;34191704;Añatuya;Ciudadanía Digital;Capacitación;34;5;Friday
882;119;26;2026-02-17;Presente;Canva;2;Pedro;Martínez;47055400;Villa Ojo de Agua;Canva;Capacitación;35;2;Tuesday
883;151;30;2026-07-16;Presente;Ciudadanía Digital;7;Pedro;López;40456268;Villa Ojo de Agua;Ciudadanía Digital;Capacitación;33;7;Thursday
884;441;32;2026-07-19;Presente;Python;7;Sofía;Martínez;37199922;Sumampa;Python;Capacitación;26;7;Sunday
885;171;2;2026-03-12;Presente;Python;3;José;Díaz;32323268;Pinto;Python;Capacitación;21;3;Thursday
886;62;2;2026-09-06;Presente;Python;9;Pedro;Gómez;37144438;Pinto;Python;Capacitación;21;9;Sunday
887;333;45;2026-01-03;Presente;PowerPoint;1;José;Gómez;46032769;Villa Ojo de Agua;PowerPoint;Capacitación;40;1;Saturday
888;137;20;2026-06-01;Presente;Ciudadanía Digital;6;Sofía;López;38637807;Villa Ojo de Agua;Ciudadanía Digital;Capacitación;31;6;Monday
889;395;26;2026-04-03;Presente;Canva;4;Micaela;Rodríguez;49586214;Sol de Julio;Canva;Capacitación;35;4;Friday
890;32;24;2026-05-14;Presente;Word;5;Sofía;Rodríguez;48122797;Sumampa;Word;Capacitación;23;5;Thursday
891;13;41;2026-02-23;Presente;Alfabetización Digital;2;María;Pérez;39085013;Bandera;Alfabetización Digital;Capacitación;40;2;Monday
892;86;1;2026-04-08;Presente;Alfabetización Digital;4;Micaela;Torres;32077312;Añatuya;Alfabetización Digital;Capacitación;27;4;Wednesday
893;404;42;2026-09-09;Presente;Python;9;María;López;37032574;Bandera;Python;Capacitación;29;9;Wednesday
894;317;33;2026-09-03;Presente;Excel;9;Sofía;Pérez;45717595;Sumampa;Excel;Capacitación;24;9;Thursday
895;176;4;2026-08-23;Presente;Word;8;Ana;Gómez;38210813;Los Telares;Word;Capacitación;46;8;Sunday
896;178;24;2026-09-04;Presente;Word;9;Ana;Torres;33676375;Añatuya;Word;Capacitación;23;9;Friday
897;134;3;2026-05-13;Presente;Excel;5;Juan;Martínez;47882337;Añatuya;Excel;Capacitación;40;5;Wednesday
898;211;4;2026-09-23;Presente;Word;9;Pedro;Rodríguez;41705443;Sol de Julio;Word;Capacitación;46;9;Wednesday
899;66;4;2026-09-26;Presente;Word;9;Ana;Rojas;37495613;Sumampa;Word;Capacitación;46;9;Saturday
900;83;15;2026-10-22;Presente;PowerPoint;10;María;Suárez;45645293;Bandera;PowerPoint;Capacitación;38;10;Thursday
901;69;31;2026-01-03;Presente;Alfabetización Digital;1;María;Gómez;45628192;Villa Ojo de Agua;Alfabetización Digital;Capacitación;45;1;Saturday
902;291;50;2026-08-18;Presente;Ciudadanía Digital;8;Juan;Fernández;34004297;Villa Ojo de Agua;Ciudadanía Digital;Capacitación;34;8;Tuesday
903;165;34;2026-11-01;Presente;Word;11;Juan;Fernández;41577089;Sumampa;Word;Capacitación;47;11;Sunday
904;87;32;2026-08-10;Presente;Python;8;María;Suárez;31495043;Sol de Julio;Python;Capacitación;26;8;Monday
905;94;17;2026-06-17;Presente;Marketing Digital;6;Luis;Torres;33998465;Pinto;Marketing Digital;Capacitación;24;6;Wednesday
906;277;14;2026-03-18;Presente;Word;3;Pedro;Suárez;49903175;Añatuya;Word;Capacitación;27;3;Wednesday
907;351;19;2026-11-19;Presente;Impresión 3D;11;Carlos;Pérez;34716976;Pinto;Impresión 3D;Capacitación;45;11;Thursday
908;55;40;2026-01-01;Presente;Ciudadanía Digital;1;Pedro;Fernández;32954267;Sumampa;Ciudadanía Digital;Capacitación;38;1;Thursday
909;461;50;2026-01-10;Presente;Ciudadanía Digital;1;Juan;López;38542540;Añatuya;Ciudadanía Digital;Capacitación;34;1;Saturday
910;236;45;2026-11-01;Presente;PowerPoint;11;José;Torres;31858957;Añatuya;PowerPoint;Capacitación;40;11;Sunday
911;273;9;2026-03-08;Presente;Impresión 3D;3;Luis;Torres;39076920;Bandera;Impresión 3D;Capacitación;38;3;Sunday
912;450;21;2026-01-21;Presente;Alfabetización Digital;1;Pedro;Díaz;41853911;Sol de Julio;Alfabetización Digital;Capacitación;23;1;Wednesday
913;91;15;2026-04-18;Presente;PowerPoint;4;Micaela;Díaz;31377676;Pinto;PowerPoint;Capacitación;38;4;Saturday
914;253;14;2026-07-28;Presente;Word;7;Sofía;Martínez;33035713;Villa Ojo de Agua;Word;Capacitación;27;7;Tuesday
915;415;13;2026-03-01;Presente;Excel;3;Carlos;López;30599507;Añatuya;Excel;Capacitación;25;3;Sunday
916;2;44;2026-12-06;Presente;Word;12;Ana;Torres;39537814;Pinto;Word;Capacitación;47;12;Sunday
917;133;41;2026-08-03;Presente;Alfabetización Digital;8;Juan;Rojas;45817015;Villa Ojo de Agua;Alfabetización Digital;Capacitación;40;8;Monday
918;495;37;2026-07-20;Presente;Marketing Digital;7;Sofía;López;46575642;Añatuya;Marketing Digital;Capacitación;26;7;Monday
919;498;46;2026-08-08;Presente;Canva;8;María;López;40258060;Sol de Julio;Canva;Capacitación;35;8;Saturday
920;314;22;2026-12-08;Presente;Python;12;Luis;López;33954006;Bandera;Python;Capacitación;36;12;Tuesday
921;158;24;2026-10-25;Presente;Word;10;Luis;Rojas;35527294;Los Telares;Word;Capacitación;23;10;Sunday
922;233;9;2026-10-28;Presente;Impresión 3D;10;María;Fernández;37320068;Añatuya;Impresión 3D;Capacitación;38;10;Wednesday
923;368;10;2026-07-22;Presente;Ciudadanía Digital;7;Pedro;Torres;45773353;Bandera;Ciudadanía Digital;Capacitación;31;7;Wednesday
924;56;7;2026-05-13;Presente;Marketing Digital;5;Micaela;Pérez;39350398;Pinto;Marketing Digital;Capacitación;34;5;Wednesday
925;227;15;2026-12-15;Presente;PowerPoint;12;Micaela;López;44143280;Sumampa;PowerPoint;Capacitación;38;12;Tuesday
926;329;23;2026-10-26;Presente;Excel;10;José;Rojas;30036479;Villa Ojo de Agua;Excel;Capacitación;38;10;Monday
927;268;44;2026-10-04;Presente;Word;10;Carlos;López;41336292;Bandera;Word;Capacitación;47;10;Sunday
928;73;25;2026-02-10;Presente;PowerPoint;2;Sofía;Fernández;43663794;Añatuya;PowerPoint;Capacitación;25;2;Tuesday
929;416;46;2026-06-18;Presente;Canva;6;María;Díaz;46685403;Bandera;Canva;Capacitación;35;6;Thursday
930;331;48;2026-01-22;Presente;Robótica;1;María;Rodríguez;35098078;Añatuya;Robótica;Capacitación;24;1;Thursday
931;198;7;2026-09-19;Presente;Marketing Digital;9;Sofía;Torres;44508087;Pinto;Marketing Digital;Capacitación;34;9;Saturday
932;493;4;2026-08-12;Presente;Word;8;Carlos;Fernández;31454887;Villa Ojo de Agua;Word;Capacitación;46;8;Wednesday
933;441;50;2026-06-25;Presente;Ciudadanía Digital;6;Sofía;Martínez;37199922;Sumampa;Ciudadanía Digital;Capacitación;34;6;Thursday
934;243;34;2026-10-04;Presente;Word;10;Micaela;Torres;36255630;Sumampa;Word;Capacitación;47;10;Sunday
935;42;28;2026-02-20;Presente;Robótica;2;Ana;Díaz;48356653;Villa Ojo de Agua;Robótica;Capacitación;21;2;Friday
936;155;37;2026-05-04;Presente;Marketing Digital;5;Micaela;Torres;40172077;Pinto;Marketing Digital;Capacitación;26;5;Monday
937;252;39;2026-09-19;Presente;Impresión 3D;9;María;Díaz;45615111;Bandera;Impresión 3D;Capacitación;25;9;Saturday
938;104;14;2026-08-27;Presente;Word;8;Carlos;Pérez;48271193;Bandera;Word;Capacitación;27;8;Thursday
939;27;4;2026-07-28;Presente;Word;7;Pedro;Martínez;37902858;Añatuya;Word;Capacitación;46;7;Tuesday
940;353;35;2026-09-27;Presente;PowerPoint;9;Pedro;Suárez;36890763;Los Telares;PowerPoint;Capacitación;35;9;Sunday
941;474;44;2026-03-10;Presente;Word;3;Pedro;Martínez;37822917;Bandera;Word;Capacitación;47;3;Tuesday
942;291;45;2026-12-27;Presente;PowerPoint;12;Juan;Fernández;34004297;Villa Ojo de Agua;PowerPoint;Capacitación;40;12;Sunday
943;471;39;2026-09-02;Presente;Impresión 3D;9;Luis;López;46137834;Sumampa;Impresión 3D;Capacitación;25;9;Wednesday
944;168;31;2026-09-12;Presente;Alfabetización Digital;9;María;López;30273292;Añatuya;Alfabetización Digital;Capacitación;45;9;Saturday
945;487;12;2026-03-18;Presente;Python;3;Luis;Rodríguez;40328063;Villa Ojo de Agua;Python;Capacitación;35;3;Wednesday
946;500;46;2026-09-15;Presente;Canva;9;Ana;Gómez;39775209;Añatuya;Canva;Capacitación;35;9;Tuesday
947;352;40;2026-10-06;Presente;Ciudadanía Digital;10;Sofía;Pérez;36753606;Sol de Julio;Ciudadanía Digital;Capacitación;38;10;Tuesday
948;376;19;2026-11-03;Presente;Impresión 3D;11;Luis;Pérez;38314458;Bandera;Impresión 3D;Capacitación;45;11;Tuesday
949;432;6;2026-04-23;Presente;Canva;4;Carlos;Fernández;36850633;Pinto;Canva;Capacitación;43;4;Thursday
950;265;25;2026-12-14;Presente;PowerPoint;12;Carlos;Díaz;30010232;Añatuya;PowerPoint;Capacitación;25;12;Monday
951;247;30;2026-08-27;Presente;Ciudadanía Digital;8;José;Martínez;44910524;Pinto;Ciudadanía Digital;Capacitación;33;8;Thursday
952;135;50;2026-08-09;Presente;Ciudadanía Digital;8;María;Rojas;48116206;Pinto;Ciudadanía Digital;Capacitación;34;8;Sunday
953;351;19;2026-02-22;Presente;Impresión 3D;2;Carlos;Pérez;34716976;Pinto;Impresión 3D;Capacitación;45;2;Sunday
954;445;39;2026-07-02;Presente;Impresión 3D;7;Lucía;López;37276131;Sol de Julio;Impresión 3D;Capacitación;25;7;Thursday
955;362;48;2026-10-09;Presente;Robótica;10;Lucía;Fernández;40310082;Añatuya;Robótica;Capacitación;24;10;Friday
956;172;37;2026-04-17;Presente;Marketing Digital;4;Ana;Rodríguez;31152932;Sumampa;Marketing Digital;Capacitación;26;4;Friday
957;458;19;2026-11-18;Presente;Impresión 3D;11;Micaela;Fernández;39265777;Sol de Julio;Impresión 3D;Capacitación;45;11;Wednesday
958;27;24;2026-10-18;Presente;Word;10;Pedro;Martínez;37902858;Añatuya;Word;Capacitación;23;10;Sunday
959;491;23;2026-10-22;Presente;Excel;10;Ana;Díaz;38656494;Sol de Julio;Excel;Capacitación;38;10;Thursday
960;127;41;2026-10-02;Presente;Alfabetización Digital;10;Ana;Gómez;47850551;Bandera;Alfabetización Digital;Capacitación;40;10;Friday
961;220;41;2026-06-22;Presente;Alfabetización Digital;6;Ana;Martínez;45742770;Los Telares;Alfabetización Digital;Capacitación;40;6;Monday
962;469;17;2026-03-23;Presente;Marketing Digital;3;Carlos;Rodríguez;46774324;Los Telares;Marketing Digital;Capacitación;24;3;Monday
963;394;15;2026-04-23;Presente;PowerPoint;4;Micaela;Rodríguez;41192047;Sumampa;PowerPoint;Capacitación;38;4;Thursday
964;191;30;2026-06-18;Presente;Ciudadanía Digital;6;Luis;Pérez;46541273;Los Telares;Ciudadanía Digital;Capacitación;33;6;Thursday
965;207;11;2026-05-13;Presente;Alfabetización Digital;5;Micaela;Pérez;39788688;Los Telares;Alfabetización Digital;Capacitación;44;5;Wednesday
966;130;24;2026-01-03;Presente;Word;1;Lucía;Díaz;48099532;Bandera;Word;Capacitación;23;1;Saturday
967;377;9;2026-03-22;Presente;Impresión 3D;3;Lucía;López;46765456;Sol de Julio;Impresión 3D;Capacitación;38;3;Sunday
968;152;49;2026-01-26;Presente;Impresión 3D;1;Lucía;Díaz;44200134;Añatuya;Impresión 3D;Capacitación;23;1;Monday
969;379;42;2026-04-05;Presente;Python;4;José;Rojas;42064078;Sol de Julio;Python;Capacitación;29;4;Sunday
970;62;31;2026-09-16;Presente;Alfabetización Digital;9;Pedro;Gómez;37144438;Pinto;Alfabetización Digital;Capacitación;45;9;Wednesday
971;317;22;2026-03-26;Presente;Python;3;Sofía;Pérez;45717595;Sumampa;Python;Capacitación;36;3;Thursday
972;68;33;2026-04-23;Presente;Excel;4;Ana;Suárez;38323344;Sol de Julio;Excel;Capacitación;24;4;Thursday
973;23;24;2026-08-27;Presente;Word;8;Carlos;Díaz;38885424;Añatuya;Word;Capacitación;23;8;Thursday
974;216;16;2026-03-23;Presente;Canva;3;Micaela;López;47206953;Pinto;Canva;Capacitación;35;3;Monday
975;331;31;2026-10-03;Presente;Alfabetización Digital;10;María;Rodríguez;35098078;Añatuya;Alfabetización Digital;Capacitación;45;10;Saturday
976;19;28;2026-02-13;Presente;Robótica;2;José;Suárez;40104801;Sol de Julio;Robótica;Capacitación;21;2;Friday
977;223;25;2026-09-23;Presente;PowerPoint;9;Pedro;López;32163127;Los Telares;PowerPoint;Capacitación;25;9;Wednesday
978;201;17;2026-05-20;Presente;Marketing Digital;5;Micaela;Martínez;47985418;Villa Ojo de Agua;Marketing Digital;Capacitación;24;5;Wednesday
979;245;21;2026-08-28;Presente;Alfabetización Digital;8;Juan;Torres;39038369;Villa Ojo de Agua;Alfabetización Digital;Capacitación;23;8;Friday
980;493;30;2026-09-02;Presente;Ciudadanía Digital;9;Carlos;Fernández;31454887;Villa Ojo de Agua;Ciudadanía Digital;Capacitación;33;9;Wednesday
981;399;45;2026-01-25;Presente;PowerPoint;1;Ana;Díaz;42468635;Los Telares;PowerPoint;Capacitación;40;1;Sunday
982;54;36;2026-09-22;Presente;Canva;9;Pedro;Martínez;48988061;Sol de Julio;Canva;Capacitación;20;9;Tuesday
983;84;18;2026-08-23;Presente;Robótica;8;Lucía;Torres;46549767;Villa Ojo de Agua;Robótica;Capacitación;36;8;Sunday
984;241;16;2026-06-12;Presente;Canva;6;Pedro;Gómez;49246247;Pinto;Canva;Capacitación;35;6;Friday
985;306;49;2026-08-01;Presente;Impresión 3D;8;José;Fernández;35495266;Añatuya;Impresión 3D;Capacitación;23;8;Saturday
986;220;41;2026-10-07;Presente;Alfabetización Digital;10;Ana;Martínez;45742770;Los Telares;Alfabetización Digital;Capacitación;40;10;Wednesday
987;425;38;2026-07-15;Presente;Robótica;7;María;Suárez;34877232;Sol de Julio;Robótica;Capacitación;39;7;Wednesday
988;459;28;2026-01-17;Presente;Robótica;1;Sofía;Gómez;33077473;Bandera;Robótica;Capacitación;21;1;Saturday
989;473;30;2026-12-06;Presente;Ciudadanía Digital;12;Juan;Rojas;41018932;Villa Ojo de Agua;Ciudadanía Digital;Capacitación;33;12;Sunday
990;248;30;2026-07-21;Presente;Ciudadanía Digital;7;Carlos;Torres;42912530;Los Telares;Ciudadanía Digital;Capacitación;33;7;Tuesday
991;189;10;2026-09-22;Presente;Ciudadanía Digital;9;Luis;Gómez;46920536;Villa Ojo de Agua;Ciudadanía Digital;Capacitación;31;9;Tuesday
992;167;20;2026-04-11;Presente;Ciudadanía Digital;4;Carlos;López;43851567;Añatuya;Ciudadanía Digital;Capacitación;31;4;Saturday
993;137;21;2026-04-13;Presente;Alfabetización Digital;4;Sofía;López;38637807;Villa Ojo de Agua;Alfabetización Digital;Capacitación;23;4;Monday
994;187;4;2026-08-08;Presente;Word;8;Micaela;Gómez;33368497;Los Telares;Word;Capacitación;46;8;Saturday
995;14;17;2026-05-17;Presente;Marketing Digital;5;Micaela;Díaz;38860550;Bandera;Marketing Digital;Capacitación;24;5;Sunday
996;53;25;2026-02-08;Presente;PowerPoint;2;Ana;Martínez;36212200;Sumampa;PowerPoint;Capacitación;25;2;Sunday
997;258;14;2026-12-18;Presente;Word;12;Luis;Martínez;43017061;Sumampa;Word;Capacitación;27;12;Friday
998;156;20;2026-09-11;Presente;Ciudadanía Digital;9;María;Martínez;40616711;Sol de Julio;Ciudadanía Digital;Capacitación;31;9;Friday
999;412;23;2026-02-03;Presente;Excel;2;Sofía;Suárez;35602779;Los Telares;Excel;Capacitación;38;2;Tuesday
1000;395;1;2026-04-12;Presente;Alfabetización Digital;4;Micaela;Rodríguez;49586214;Sol de Julio;Alfabetización Digital;Capacitación;27;4;Sunday
1001;127;11;2026-01-07;Presente;Alfabetización Digital;1;Ana;Gómez;47850551;Bandera;Alfabetización Digital;Capacitación;44;1;Wednesday
1002;325;17;2026-04-12;Presente;Marketing Digital;4;Lucía;Fernández;48684879;Sumampa;Marketing Digital;Capacitación;24;4;Sunday
1003;425;39;2026-09-25;Presente;Impresión 3D;9;María;Suárez;34877232;Sol de Julio;Impresión 3D;Capacitación;25;9;Friday
1004;157;13;2026-09-08;Presente;Excel;9;José;Gómez;37717966;Bandera;Excel;Capacitación;25;9;Tuesday
1005;248;2;2026-12-17;Presente;Python;12;Carlos;Torres;42912530;Los Telares;Python;Capacitación;21;12;Thursday
1006;331;40;2026-08-19;Presente;Ciudadanía Digital;8;María;Rodríguez;35098078;Añatuya;Ciudadanía Digital;Capacitación;38;8;Wednesday
1007;359;21;2026-08-05;Presente;Alfabetización Digital;8;Sofía;Rojas;32790056;Sol de Julio;Alfabetización Digital;Capacitación;23;8;Wednesday
1008;498;37;2026-07-14;Presente;Marketing Digital;7;María;López;40258060;Sol de Julio;Marketing Digital;Capacitación;26;7;Tuesday
1009;496;26;2026-07-09;Presente;Canva;7;Lucía;Torres;39868335;Sol de Julio;Canva;Capacitación;35;7;Thursday
1010;425;9;2026-10-21;Presente;Impresión 3D;10;María;Suárez;34877232;Sol de Julio;Impresión 3D;Capacitación;38;10;Wednesday
1011;86;42;2026-10-09;Presente;Python;10;Micaela;Torres;32077312;Añatuya;Python;Capacitación;29;10;Friday
1012;490;3;2026-06-18;Presente;Excel;6;Luis;Fernández;34322199;Villa Ojo de Agua;Excel;Capacitación;40;6;Thursday
1013;73;13;2026-03-05;Presente;Excel;3;Sofía;Fernández;43663794;Añatuya;Excel;Capacitación;25;3;Thursday
1014;181;39;2026-11-04;Presente;Impresión 3D;11;Ana;Martínez;42004738;Pinto;Impresión 3D;Capacitación;25;11;Wednesday
1015;423;16;2026-03-12;Presente;Canva;3;Micaela;Gómez;32455449;Sumampa;Canva;Capacitación;35;3;Thursday
1016;159;30;2026-07-07;Presente;Ciudadanía Digital;7;Luis;López;44606655;Los Telares;Ciudadanía Digital;Capacitación;33;7;Tuesday
1017;398;30;2026-02-20;Presente;Ciudadanía Digital;2;Lucía;Fernández;33665544;Bandera;Ciudadanía Digital;Capacitación;33;2;Friday
1018;103;2;2026-06-18;Presente;Python;6;Pedro;Torres;39724580;Bandera;Python;Capacitación;21;6;Thursday
1019;413;34;2026-11-15;Presente;Word;11;Sofía;Pérez;41178938;Los Telares;Word;Capacitación;47;11;Sunday
1020;104;28;2026-01-05;Presente;Robótica;1;Carlos;Pérez;48271193;Bandera;Robótica;Capacitación;21;1;Monday
1021;351;29;2026-11-25;Presente;Impresión 3D;11;Carlos;Pérez;34716976;Pinto;Impresión 3D;Capacitación;39;11;Wednesday
1022;498;47;2026-01-08;Presente;Marketing Digital;1;María;López;40258060;Sol de Julio;Marketing Digital;Capacitación;33;1;Thursday
1023;116;9;2026-06-11;Presente;Impresión 3D;6;Ana;Martínez;43079622;Sumampa;Impresión 3D;Capacitación;38;6;Thursday
1024;11;32;2026-07-14;Presente;Python;7;Lucía;Díaz;37880355;Villa Ojo de Agua;Python;Capacitación;26;7;Tuesday
1025;46;31;2026-03-27;Presente;Alfabetización Digital;3;Micaela;Gómez;36582935;Sumampa;Alfabetización Digital;Capacitación;45;3;Friday
1026;383;9;2026-03-28;Presente;Impresión 3D;3;Juan;Torres;46825965;Pinto;Impresión 3D;Capacitación;38;3;Saturday
1027;13;34;2026-03-12;Presente;Word;3;María;Pérez;39085013;Bandera;Word;Capacitación;47;3;Thursday
1028;127;25;2026-03-24;Presente;PowerPoint;3;Ana;Gómez;47850551;Bandera;PowerPoint;Capacitación;25;3;Tuesday
1029;380;28;2026-07-22;Presente;Robótica;7;María;López;49506471;Los Telares;Robótica;Capacitación;21;7;Wednesday
1030;287;17;2026-07-28;Presente;Marketing Digital;7;Pedro;Pérez;39576398;Pinto;Marketing Digital;Capacitación;24;7;Tuesday
1031;435;40;2026-07-13;Presente;Ciudadanía Digital;7;Pedro;Rodríguez;30708720;Sol de Julio;Ciudadanía Digital;Capacitación;38;7;Monday
1032;207;14;2026-06-22;Presente;Word;6;Micaela;Pérez;39788688;Los Telares;Word;Capacitación;27;6;Monday
1033;462;29;2026-04-12;Presente;Impresión 3D;4;Sofía;Rojas;33581517;Sumampa;Impresión 3D;Capacitación;39;4;Sunday
1034;38;44;2026-10-14;Presente;Word;10;Lucía;Fernández;34774425;Añatuya;Word;Capacitación;47;10;Wednesday
1035;317;13;2026-03-04;Presente;Excel;3;Sofía;Pérez;45717595;Sumampa;Excel;Capacitación;25;3;Wednesday
1036;136;34;2026-05-22;Presente;Word;5;Ana;Rodríguez;37994853;Los Telares;Word;Capacitación;47;5;Friday
1037;283;37;2026-01-15;Presente;Marketing Digital;1;Carlos;Martínez;30268583;Pinto;Marketing Digital;Capacitación;26;1;Thursday
1038;8;9;2026-08-16;Presente;Impresión 3D;8;Sofía;Pérez;43578410;Sol de Julio;Impresión 3D;Capacitación;38;8;Sunday
1039;416;45;2026-03-04;Presente;PowerPoint;3;María;Díaz;46685403;Bandera;PowerPoint;Capacitación;40;3;Wednesday
1040;346;26;2026-10-21;Presente;Canva;10;Luis;Pérez;48962966;Sol de Julio;Canva;Capacitación;35;10;Wednesday
1041;424;45;2026-05-21;Presente;PowerPoint;5;Pedro;Torres;41388547;Sumampa;PowerPoint;Capacitación;40;5;Thursday
1042;373;44;2026-11-26;Presente;Word;11;Juan;Gómez;43105288;Sumampa;Word;Capacitación;47;11;Thursday
1043;193;24;2026-09-03;Presente;Word;9;Pedro;Díaz;31476908;Pinto;Word;Capacitación;23;9;Thursday
1044;300;19;2026-11-13;Presente;Impresión 3D;11;Micaela;Fernández;39906094;Sol de Julio;Impresión 3D;Capacitación;45;11;Friday
1045;440;1;2026-07-19;Presente;Alfabetización Digital;7;María;Torres;43927582;Bandera;Alfabetización Digital;Capacitación;27;7;Sunday
1046;55;15;2026-09-13;Presente;PowerPoint;9;Pedro;Fernández;32954267;Sumampa;PowerPoint;Capacitación;38;9;Sunday
1047;127;42;2026-02-06;Presente;Python;2;Ana;Gómez;47850551;Bandera;Python;Capacitación;29;2;Friday
1048;213;13;2026-04-11;Presente;Excel;4;Ana;Fernández;37315167;Los Telares;Excel;Capacitación;25;4;Saturday
1049;117;25;2026-01-26;Presente;PowerPoint;1;Ana;López;36636483;Villa Ojo de Agua;PowerPoint;Capacitación;25;1;Monday
1050;119;49;2026-06-22;Presente;Impresión 3D;6;Pedro;Martínez;47055400;Villa Ojo de Agua;Impresión 3D;Capacitación;23;6;Monday
1051;387;26;2026-02-23;Presente;Canva;2;Pedro;Gómez;35461685;Sol de Julio;Canva;Capacitación;35;2;Monday
1052;145;18;2026-04-08;Presente;Robótica;4;Ana;Torres;46212453;Bandera;Robótica;Capacitación;36;4;Wednesday
1053;241;28;2026-04-25;Presente;Robótica;4;Pedro;Gómez;49246247;Pinto;Robótica;Capacitación;21;4;Saturday
1054;124;22;2026-12-02;Presente;Python;12;María;Fernández;48663357;Sumampa;Python;Capacitación;36;12;Wednesday
1055;27;24;2026-12-23;Presente;Word;12;Pedro;Martínez;37902858;Añatuya;Word;Capacitación;23;12;Wednesday
1056;24;11;2026-10-26;Presente;Alfabetización Digital;10;Pedro;Suárez;47273973;Bandera;Alfabetización Digital;Capacitación;44;10;Monday
1057;181;25;2026-05-27;Presente;PowerPoint;5;Ana;Martínez;42004738;Pinto;PowerPoint;Capacitación;25;5;Wednesday
1058;257;10;2026-11-25;Presente;Ciudadanía Digital;11;Sofía;Martínez;40738418;Añatuya;Ciudadanía Digital;Capacitación;31;11;Wednesday
1059;394;28;2026-09-05;Presente;Robótica;9;Micaela;Rodríguez;41192047;Sumampa;Robótica;Capacitación;21;9;Saturday
1060;278;44;2026-01-17;Presente;Word;1;Pedro;Rodríguez;41561823;Bandera;Word;Capacitación;47;1;Saturday
1061;343;5;2026-02-28;Presente;PowerPoint;2;Sofía;Gómez;36022824;Villa Ojo de Agua;PowerPoint;Capacitación;34;2;Saturday
1062;395;3;2026-02-22;Presente;Excel;2;Micaela;Rodríguez;49586214;Sol de Julio;Excel;Capacitación;40;2;Sunday
1063;184;46;2026-05-20;Presente;Canva;5;Luis;Martínez;48364429;Sol de Julio;Canva;Capacitación;35;5;Wednesday
1064;354;26;2026-07-23;Presente;Canva;7;Carlos;Fernández;41969316;Pinto;Canva;Capacitación;35;7;Thursday
1065;282;27;2026-06-12;Presente;Marketing Digital;6;Micaela;Fernández;49933289;Los Telares;Marketing Digital;Capacitación;38;6;Friday
1066;172;31;2026-09-23;Presente;Alfabetización Digital;9;Ana;Rodríguez;31152932;Sumampa;Alfabetización Digital;Capacitación;45;9;Wednesday
1067;455;36;2026-02-02;Presente;Canva;2;Sofía;Rojas;38473329;Bandera;Canva;Capacitación;20;2;Monday
1068;452;32;2026-04-26;Presente;Python;4;Pedro;Rojas;33723718;Los Telares;Python;Capacitación;26;4;Sunday
1069;471;34;2026-09-12;Presente;Word;9;Luis;López;46137834;Sumampa;Word;Capacitación;47;9;Saturday
1070;51;24;2026-01-20;Presente;Word;1;José;Gómez;43837643;Los Telares;Word;Capacitación;23;1;Tuesday
1071;384;22;2026-07-18;Presente;Python;7;María;Pérez;34122685;Sumampa;Python;Capacitación;36;7;Saturday
1072;481;31;2026-11-04;Presente;Alfabetización Digital;11;Micaela;Rodríguez;45424992;Villa Ojo de Agua;Alfabetización Digital;Capacitación;45;11;Wednesday
1073;34;5;2026-06-25;Presente;PowerPoint;6;Carlos;Fernández;43780130;Sol de Julio;PowerPoint;Capacitación;34;6;Thursday
1074;177;48;2026-12-26;Presente;Robótica;12;María;Díaz;42371436;Bandera;Robótica;Capacitación;24;12;Saturday
1075;489;20;2026-10-23;Presente;Ciudadanía Digital;10;María;López;42651426;Sol de Julio;Ciudadanía Digital;Capacitación;31;10;Friday
1076;329;33;2026-12-10;Presente;Excel;12;José;Rojas;30036479;Villa Ojo de Agua;Excel;Capacitación;24;12;Thursday
1077;331;22;2026-10-25;Presente;Python;10;María;Rodríguez;35098078;Añatuya;Python;Capacitación;36;10;Sunday
1078;451;26;2026-11-26;Presente;Canva;11;Carlos;Rodríguez;40107712;Villa Ojo de Agua;Canva;Capacitación;35;11;Thursday
1079;59;42;2026-12-11;Presente;Python;12;Juan;Torres;39922739;Bandera;Python;Capacitación;29;12;Friday
1080;364;3;2026-12-03;Presente;Excel;12;María;Díaz;41646844;Sumampa;Excel;Capacitación;40;12;Thursday
1081;22;37;2026-03-11;Presente;Marketing Digital;3;Carlos;Pérez;39895465;Pinto;Marketing Digital;Capacitación;26;3;Wednesday
1082;153;4;2026-03-25;Presente;Word;3;Sofía;Rodríguez;43150241;Sol de Julio;Word;Capacitación;46;3;Wednesday
1083;376;37;2026-09-18;Presente;Marketing Digital;9;Luis;Pérez;38314458;Bandera;Marketing Digital;Capacitación;26;9;Friday
1084;66;23;2026-02-09;Presente;Excel;2;Ana;Rojas;37495613;Sumampa;Excel;Capacitación;38;2;Monday
1085;88;34;2026-11-09;Presente;Word;11;María;Suárez;31300286;Bandera;Word;Capacitación;47;11;Monday
1086;334;48;2026-09-19;Presente;Robótica;9;María;Rojas;35501674;Sol de Julio;Robótica;Capacitación;24;9;Saturday
1087;201;31;2026-09-20;Presente;Alfabetización Digital;9;Micaela;Martínez;47985418;Villa Ojo de Agua;Alfabetización Digital;Capacitación;45;9;Sunday
1088;150;23;2026-04-14;Presente;Excel;4;Carlos;Díaz;46175418;Los Telares;Excel;Capacitación;38;4;Tuesday
1089;67;17;2026-11-24;Presente;Marketing Digital;11;Micaela;Gómez;34772337;Los Telares;Marketing Digital;Capacitación;24;11;Tuesday
1090;245;10;2026-06-02;Presente;Ciudadanía Digital;6;Juan;Torres;39038369;Villa Ojo de Agua;Ciudadanía Digital;Capacitación;31;6;Tuesday
1091;214;30;2026-07-07;Presente;Ciudadanía Digital;7;José;Suárez;30991429;Los Telares;Ciudadanía Digital;Capacitación;33;7;Tuesday
1092;74;23;2026-07-25;Presente;Excel;7;Lucía;Suárez;43728390;Sumampa;Excel;Capacitación;38;7;Saturday
1093;343;16;2026-10-10;Presente;Canva;10;Sofía;Gómez;36022824;Villa Ojo de Agua;Canva;Capacitación;35;10;Saturday
1094;346;13;2026-06-15;Presente;Excel;6;Luis;Pérez;48962966;Sol de Julio;Excel;Capacitación;25;6;Monday
1095;90;50;2026-01-24;Presente;Ciudadanía Digital;1;Pedro;Gómez;49817965;Añatuya;Ciudadanía Digital;Capacitación;34;1;Saturday
1096;263;26;2026-03-03;Presente;Canva;3;Carlos;Fernández;47794091;Villa Ojo de Agua;Canva;Capacitación;35;3;Tuesday
1097;135;38;2026-06-25;Presente;Robótica;6;María;Rojas;48116206;Pinto;Robótica;Capacitación;39;6;Thursday
1098;170;32;2026-01-27;Presente;Python;1;Sofía;Rodríguez;34755533;Sumampa;Python;Capacitación;26;1;Tuesday
1099;495;10;2026-01-28;Presente;Ciudadanía Digital;1;Sofía;López;46575642;Añatuya;Ciudadanía Digital;Capacitación;31;1;Wednesday
1100;363;10;2026-10-24;Presente;Ciudadanía Digital;10;Lucía;Gómez;44702928;Bandera;Ciudadanía Digital;Capacitación;31;10;Saturday
1101;32;23;2026-08-13;Presente;Excel;8;Sofía;Rodríguez;48122797;Sumampa;Excel;Capacitación;38;8;Thursday
1102;333;16;2026-06-03;Presente;Canva;6;José;Gómez;46032769;Villa Ojo de Agua;Canva;Capacitación;35;6;Wednesday
1103;172;34;2026-08-02;Presente;Word;8;Ana;Rodríguez;31152932;Sumampa;Word;Capacitación;47;8;Sunday
1104;20;37;2026-09-20;Presente;Marketing Digital;9;Pedro;Suárez;33893888;Sumampa;Marketing Digital;Capacitación;26;9;Sunday
1105;335;9;2026-10-10;Presente;Impresión 3D;10;María;Pérez;45956848;Pinto;Impresión 3D;Capacitación;38;10;Saturday
1106;67;25;2026-08-24;Presente;PowerPoint;8;Micaela;Gómez;34772337;Los Telares;PowerPoint;Capacitación;25;8;Monday
1107;406;28;2026-07-01;Presente;Robótica;7;Ana;Pérez;40396225;Sol de Julio;Robótica;Capacitación;21;7;Wednesday
1108;382;42;2026-06-09;Presente;Python;6;Sofía;Rojas;47331754;Sol de Julio;Python;Capacitación;29;6;Tuesday
1109;82;41;2026-11-18;Presente;Alfabetización Digital;11;Sofía;Martínez;39989675;Villa Ojo de Agua;Alfabetización Digital;Capacitación;40;11;Wednesday
1110;383;2;2026-09-18;Presente;Python;9;Juan;Torres;46825965;Pinto;Python;Capacitación;21;9;Friday
1111;9;31;2026-08-23;Presente;Alfabetización Digital;8;María;Gómez;30864639;Pinto;Alfabetización Digital;Capacitación;45;8;Sunday
1112;349;29;2026-07-24;Presente;Impresión 3D;7;Pedro;López;34660024;Añatuya;Impresión 3D;Capacitación;39;7;Friday
1113;25;1;2026-12-15;Presente;Alfabetización Digital;12;Lucía;Díaz;36401168;Pinto;Alfabetización Digital;Capacitación;27;12;Tuesday
1114;423;20;2026-07-22;Presente;Ciudadanía Digital;7;Micaela;Gómez;32455449;Sumampa;Ciudadanía Digital;Capacitación;31;7;Wednesday
1115;267;32;2026-05-15;Presente;Python;5;Lucía;Rojas;32560612;Añatuya;Python;Capacitación;26;5;Friday
1116;460;14;2026-09-06;Presente;Word;9;José;Rodríguez;36395011;Añatuya;Word;Capacitación;27;9;Sunday
1117;67;26;2026-10-04;Presente;Canva;10;Micaela;Gómez;34772337;Los Telares;Canva;Capacitación;35;10;Sunday
1118;215;10;2026-08-09;Presente;Ciudadanía Digital;8;José;Rojas;36611779;Sol de Julio;Ciudadanía Digital;Capacitación;31;8;Sunday
1119;241;32;2026-03-12;Presente;Python;3;Pedro;Gómez;49246247;Pinto;Python;Capacitación;26;3;Thursday
1120;368;33;2026-05-06;Presente;Excel;5;Pedro;Torres;45773353;Bandera;Excel;Capacitación;24;5;Wednesday
1121;400;40;2026-09-15;Presente;Ciudadanía Digital;9;María;Torres;36468521;Sumampa;Ciudadanía Digital;Capacitación;38;9;Tuesday
1122;358;3;2026-01-10;Presente;Excel;1;Luis;López;37137532;Los Telares;Excel;Capacitación;40;1;Saturday
1123;295;47;2026-04-07;Presente;Marketing Digital;4;Sofía;Torres;49429261;Los Telares;Marketing Digital;Capacitación;33;4;Tuesday
1124;202;3;2026-08-14;Presente;Excel;8;Micaela;Martínez;43918660;Sol de Julio;Excel;Capacitación;40;8;Friday
1125;386;36;2026-01-21;Presente;Canva;1;Sofía;Rojas;43374533;Sumampa;Canva;Capacitación;20;1;Wednesday
1126;355;27;2026-05-11;Presente;Marketing Digital;5;Luis;Rojas;47577462;Los Telares;Marketing Digital;Capacitación;38;5;Monday
1127;380;43;2026-09-08;Presente;Excel;9;María;López;49506471;Los Telares;Excel;Capacitación;21;9;Tuesday
1128;420;37;2026-05-08;Presente;Marketing Digital;5;José;Suárez;33030853;Villa Ojo de Agua;Marketing Digital;Capacitación;26;5;Friday
1129;24;45;2026-10-11;Presente;PowerPoint;10;Pedro;Suárez;47273973;Bandera;PowerPoint;Capacitación;40;10;Sunday
1130;441;27;2026-06-28;Presente;Marketing Digital;6;Sofía;Martínez;37199922;Sumampa;Marketing Digital;Capacitación;38;6;Sunday
1131;30;23;2026-02-16;Presente;Excel;2;Sofía;Pérez;31314489;Villa Ojo de Agua;Excel;Capacitación;38;2;Monday
1132;35;29;2026-02-19;Presente;Impresión 3D;2;Micaela;López;49948639;Villa Ojo de Agua;Impresión 3D;Capacitación;39;2;Thursday
1133;424;4;2026-07-24;Presente;Word;7;Pedro;Torres;41388547;Sumampa;Word;Capacitación;46;7;Friday
1134;418;4;2026-10-24;Presente;Word;10;Pedro;Gómez;30873779;Añatuya;Word;Capacitación;46;10;Saturday
1135;478;13;2026-04-06;Presente;Excel;4;María;Suárez;47882212;Sol de Julio;Excel;Capacitación;25;4;Monday
1136;7;13;2026-05-10;Presente;Excel;5;Micaela;Gómez;46109116;Sumampa;Excel;Capacitación;25;5;Sunday
1137;209;31;2026-10-04;Presente;Alfabetización Digital;10;Lucía;Pérez;37902891;Villa Ojo de Agua;Alfabetización Digital;Capacitación;45;10;Sunday
1138;360;8;2026-10-06;Presente;Robótica;10;Micaela;Torres;47175104;Añatuya;Robótica;Capacitación;35;10;Tuesday
1139;93;16;2026-11-27;Presente;Canva;11;Lucía;Pérez;42185537;Villa Ojo de Agua;Canva;Capacitación;35;11;Friday
1140;163;28;2026-09-16;Presente;Robótica;9;María;Martínez;46323459;Sumampa;Robótica;Capacitación;21;9;Wednesday
1141;119;17;2026-07-20;Presente;Marketing Digital;7;Pedro;Martínez;47055400;Villa Ojo de Agua;Marketing Digital;Capacitación;24;7;Monday
1142;6;41;2026-12-06;Presente;Alfabetización Digital;12;José;Rodríguez;43523626;Bandera;Alfabetización Digital;Capacitación;40;12;Sunday
1143;290;40;2026-06-19;Presente;Ciudadanía Digital;6;Sofía;Suárez;40676783;Sol de Julio;Ciudadanía Digital;Capacitación;38;6;Friday
1144;117;12;2026-09-12;Presente;Python;9;Ana;López;36636483;Villa Ojo de Agua;Python;Capacitación;35;9;Saturday
1145;499;49;2026-03-24;Presente;Impresión 3D;3;Juan;Fernández;40503084;Bandera;Impresión 3D;Capacitación;23;3;Tuesday
1146;495;40;2026-08-15;Presente;Ciudadanía Digital;8;Sofía;López;46575642;Añatuya;Ciudadanía Digital;Capacitación;38;8;Saturday
1147;195;3;2026-03-18;Presente;Excel;3;Ana;Martínez;35333448;Pinto;Excel;Capacitación;40;3;Wednesday
1148;160;39;2026-03-04;Presente;Impresión 3D;3;Lucía;Gómez;49007647;Sol de Julio;Impresión 3D;Capacitación;25;3;Wednesday
1149;284;18;2026-07-02;Presente;Robótica;7;Juan;Suárez;38736630;Los Telares;Robótica;Capacitación;36;7;Thursday
1150;269;33;2026-08-17;Presente;Excel;8;Ana;Gómez;48931081;Sumampa;Excel;Capacitación;24;8;Monday
1151;117;45;2026-01-20;Presente;PowerPoint;1;Ana;López;36636483;Villa Ojo de Agua;PowerPoint;Capacitación;40;1;Tuesday
1152;402;4;2026-05-05;Presente;Word;5;Micaela;Gómez;49302982;Añatuya;Word;Capacitación;46;5;Tuesday
1153;151;35;2026-03-21;Presente;PowerPoint;3;Pedro;López;40456268;Villa Ojo de Agua;PowerPoint;Capacitación;35;3;Saturday
1154;361;42;2026-06-11;Presente;Python;6;Lucía;Rodríguez;36053899;Sumampa;Python;Capacitación;29;6;Thursday
1155;215;49;2026-03-12;Presente;Impresión 3D;3;José;Rojas;36611779;Sol de Julio;Impresión 3D;Capacitación;23;3;Thursday
1156;304;45;2026-05-04;Presente;PowerPoint;5;Ana;Rodríguez;45714090;Sol de Julio;PowerPoint;Capacitación;40;5;Monday
1157;240;6;2026-06-19;Presente;Canva;6;Sofía;Rodríguez;39792286;Pinto;Canva;Capacitación;43;6;Friday
1158;208;36;2026-08-01;Presente;Canva;8;Lucía;Rojas;32856465;Sumampa;Canva;Capacitación;20;8;Saturday
1159;233;29;2026-07-19;Presente;Impresión 3D;7;María;Fernández;37320068;Añatuya;Impresión 3D;Capacitación;39;7;Sunday
1160;306;31;2026-01-12;Presente;Alfabetización Digital;1;José;Fernández;35495266;Añatuya;Alfabetización Digital;Capacitación;45;1;Monday
1161;77;44;2026-11-27;Presente;Word;11;José;Martínez;41096760;Sumampa;Word;Capacitación;47;11;Friday
1162;80;8;2026-12-28;Presente;Robótica;12;Sofía;Rojas;44764418;Sol de Julio;Robótica;Capacitación;35;12;Monday
1163;196;47;2026-10-03;Presente;Marketing Digital;10;Lucía;Martínez;36335303;Sumampa;Marketing Digital;Capacitación;33;10;Saturday
1164;310;34;2026-10-23;Presente;Word;10;María;Gómez;42021784;Villa Ojo de Agua;Word;Capacitación;47;10;Friday
1165;242;6;2026-11-09;Presente;Canva;11;Pedro;Díaz;48631370;Los Telares;Canva;Capacitación;43;11;Monday
1166;211;32;2026-02-27;Presente;Python;2;Pedro;Rodríguez;41705443;Sol de Julio;Python;Capacitación;26;2;Friday
1167;463;45;2026-03-08;Presente;PowerPoint;3;Sofía;Suárez;48624116;Sumampa;PowerPoint;Capacitación;40;3;Sunday
1168;77;25;2026-02-02;Presente;PowerPoint;2;José;Martínez;41096760;Sumampa;PowerPoint;Capacitación;25;2;Monday
1169;317;20;2026-07-19;Presente;Ciudadanía Digital;7;Sofía;Pérez;45717595;Sumampa;Ciudadanía Digital;Capacitación;31;7;Sunday
1170;209;4;2026-06-07;Presente;Word;6;Lucía;Pérez;37902891;Villa Ojo de Agua;Word;Capacitación;46;6;Sunday
1171;35;43;2026-06-20;Presente;Excel;6;Micaela;López;49948639;Villa Ojo de Agua;Excel;Capacitación;21;6;Saturday
1172;302;23;2026-06-01;Presente;Excel;6;Ana;Pérez;40043342;Villa Ojo de Agua;Excel;Capacitación;38;6;Monday
1173;252;10;2026-03-11;Presente;Ciudadanía Digital;3;María;Díaz;45615111;Bandera;Ciudadanía Digital;Capacitación;31;3;Wednesday
1174;137;8;2026-11-11;Presente;Robótica;11;Sofía;López;38637807;Villa Ojo de Agua;Robótica;Capacitación;35;11;Wednesday
1175;380;42;2026-03-27;Presente;Python;3;María;López;49506471;Los Telares;Python;Capacitación;29;3;Friday
1176;329;28;2026-07-14;Presente;Robótica;7;José;Rojas;30036479;Villa Ojo de Agua;Robótica;Capacitación;21;7;Tuesday
1177;371;30;2026-05-14;Presente;Ciudadanía Digital;5;José;Rodríguez;38671319;Villa Ojo de Agua;Ciudadanía Digital;Capacitación;33;5;Thursday
1178;283;49;2026-09-10;Presente;Impresión 3D;9;Carlos;Martínez;30268583;Pinto;Impresión 3D;Capacitación;23;9;Thursday
1179;35;4;2026-03-01;Presente;Word;3;Micaela;López;49948639;Villa Ojo de Agua;Word;Capacitación;46;3;Sunday
1180;1;49;2026-01-27;Presente;Impresión 3D;1;Micaela;Torres;40859857;Villa Ojo de Agua;Impresión 3D;Capacitación;23;1;Tuesday
1181;5;41;2026-12-09;Presente;Alfabetización Digital;12;Pedro;Suárez;31889133;Sumampa;Alfabetización Digital;Capacitación;40;12;Wednesday
1182;458;26;2026-07-25;Presente;Canva;7;Micaela;Fernández;39265777;Sol de Julio;Canva;Capacitación;35;7;Saturday
1183;176;32;2026-09-13;Presente;Python;9;Ana;Gómez;38210813;Los Telares;Python;Capacitación;26;9;Sunday
1184;159;25;2026-02-28;Presente;PowerPoint;2;Luis;López;44606655;Los Telares;PowerPoint;Capacitación;25;2;Saturday
1185;452;37;2026-09-07;Presente;Marketing Digital;9;Pedro;Rojas;33723718;Los Telares;Marketing Digital;Capacitación;26;9;Monday
1186;401;36;2026-03-26;Presente;Canva;3;José;Martínez;41667360;Villa Ojo de Agua;Canva;Capacitación;20;3;Thursday
1187;384;16;2026-01-09;Presente;Canva;1;María;Pérez;34122685;Sumampa;Canva;Capacitación;35;1;Friday
1188;409;28;2026-11-26;Presente;Robótica;11;Micaela;Suárez;41876724;Los Telares;Robótica;Capacitación;21;11;Thursday
1189;220;39;2026-04-04;Presente;Impresión 3D;4;Ana;Martínez;45742770;Los Telares;Impresión 3D;Capacitación;25;4;Saturday
1190;451;29;2026-10-01;Presente;Impresión 3D;10;Carlos;Rodríguez;40107712;Villa Ojo de Agua;Impresión 3D;Capacitación;39;10;Thursday
1191;261;25;2026-07-10;Presente;PowerPoint;7;Luis;Torres;44203096;Sol de Julio;PowerPoint;Capacitación;25;7;Friday
1192;38;25;2026-01-28;Presente;PowerPoint;1;Lucía;Fernández;34774425;Añatuya;PowerPoint;Capacitación;25;1;Wednesday
1193;95;46;2026-07-24;Presente;Canva;7;Micaela;Rodríguez;40630952;Los Telares;Canva;Capacitación;35;7;Friday
1194;221;39;2026-03-19;Presente;Impresión 3D;3;Sofía;Suárez;36376999;Sumampa;Impresión 3D;Capacitación;25;3;Thursday
1195;423;32;2026-06-15;Presente;Python;6;Micaela;Gómez;32455449;Sumampa;Python;Capacitación;26;6;Monday
1196;65;10;2026-03-25;Presente;Ciudadanía Digital;3;Juan;López;49619964;Pinto;Ciudadanía Digital;Capacitación;31;3;Wednesday
1197;431;3;2026-07-26;Presente;Excel;7;Carlos;Suárez;47707700;Los Telares;Excel;Capacitación;40;7;Sunday
1198;345;18;2026-01-24;Presente;Robótica;1;Lucía;Rojas;44450553;Añatuya;Robótica;Capacitación;36;1;Saturday
1199;195;20;2026-07-26;Presente;Ciudadanía Digital;7;Ana;Martínez;35333448;Pinto;Ciudadanía Digital;Capacitación;31;7;Sunday
1200;46;38;2026-03-24;Presente;Robótica;3;Micaela;Gómez;36582935;Sumampa;Robótica;Capacitación;39;3;Tuesday
1201;206;49;2026-04-18;Presente;Impresión 3D;4;Juan;López;30249224;Los Telares;Impresión 3D;Capacitación;23;4;Saturday
1202;331;5;2026-01-14;Presente;PowerPoint;1;María;Rodríguez;35098078;Añatuya;PowerPoint;Capacitación;34;1;Wednesday
1203;50;10;2026-09-17;Presente;Ciudadanía Digital;9;José;Suárez;43768738;Pinto;Ciudadanía Digital;Capacitación;31;9;Thursday
1204;259;45;2026-08-11;Presente;PowerPoint;8;Lucía;Suárez;49939072;Añatuya;PowerPoint;Capacitación;40;8;Tuesday
1205;220;31;2026-05-19;Presente;Alfabetización Digital;5;Ana;Martínez;45742770;Los Telares;Alfabetización Digital;Capacitación;45;5;Tuesday
1206;355;6;2026-06-18;Presente;Canva;6;Luis;Rojas;47577462;Los Telares;Canva;Capacitación;43;6;Thursday
1207;490;6;2026-12-20;Presente;Canva;12;Luis;Fernández;34322199;Villa Ojo de Agua;Canva;Capacitación;43;12;Sunday
1208;285;10;2026-12-01;Presente;Ciudadanía Digital;12;Lucía;Díaz;45339213;Añatuya;Ciudadanía Digital;Capacitación;31;12;Tuesday
1209;169;27;2026-02-03;Presente;Marketing Digital;2;Sofía;Torres;41310276;Bandera;Marketing Digital;Capacitación;38;2;Tuesday
1210;402;35;2026-07-24;Presente;PowerPoint;7;Micaela;Gómez;49302982;Añatuya;PowerPoint;Capacitación;35;7;Friday
1211;275;28;2026-07-14;Presente;Robótica;7;Luis;Rojas;41792117;Pinto;Robótica;Capacitación;21;7;Tuesday
1212;397;19;2026-09-08;Presente;Impresión 3D;9;María;Martínez;31611346;Pinto;Impresión 3D;Capacitación;45;9;Tuesday
1213;434;17;2026-08-01;Presente;Marketing Digital;8;María;Rodríguez;46599728;Añatuya;Marketing Digital;Capacitación;24;8;Saturday
1214;455;46;2026-05-07;Presente;Canva;5;Sofía;Rojas;38473329;Bandera;Canva;Capacitación;35;5;Thursday
1215;315;12;2026-11-09;Presente;Python;11;Pedro;Pérez;37932636;Pinto;Python;Capacitación;35;11;Monday
1216;119;15;2026-04-12;Presente;PowerPoint;4;Pedro;Martínez;47055400;Villa Ojo de Agua;PowerPoint;Capacitación;38;4;Sunday
1217;453;20;2026-08-20;Presente;Ciudadanía Digital;8;Lucía;Martínez;34125739;Sumampa;Ciudadanía Digital;Capacitación;31;8;Thursday
1218;178;8;2026-03-13;Presente;Robótica;3;Ana;Torres;33676375;Añatuya;Robótica;Capacitación;35;3;Friday
1219;321;13;2026-12-17;Presente;Excel;12;Sofía;Díaz;32260564;Los Telares;Excel;Capacitación;25;12;Thursday
1220;216;26;2026-11-26;Presente;Canva;11;Micaela;López;47206953;Pinto;Canva;Capacitación;35;11;Thursday
1221;55;38;2026-08-10;Presente;Robótica;8;Pedro;Fernández;32954267;Sumampa;Robótica;Capacitación;39;8;Monday
1222;471;46;2026-06-26;Presente;Canva;6;Luis;López;46137834;Sumampa;Canva;Capacitación;35;6;Friday
1223;229;25;2026-09-02;Presente;PowerPoint;9;María;Díaz;35622201;Sumampa;PowerPoint;Capacitación;25;9;Wednesday
1224;426;34;2026-11-22;Presente;Word;11;Ana;Fernández;41005250;Añatuya;Word;Capacitación;47;11;Sunday
1225;337;32;2026-04-03;Presente;Python;4;José;Torres;35492865;Bandera;Python;Capacitación;26;4;Friday
1226;261;31;2026-10-06;Presente;Alfabetización Digital;10;Luis;Torres;44203096;Sol de Julio;Alfabetización Digital;Capacitación;45;10;Tuesday
1227;262;35;2026-12-05;Presente;PowerPoint;12;Luis;Rodríguez;49552205;Villa Ojo de Agua;PowerPoint;Capacitación;35;12;Saturday
1228;44;38;2026-02-12;Presente;Robótica;2;Luis;López;30894205;Sol de Julio;Robótica;Capacitación;39;2;Thursday
1229;4;28;2026-12-04;Presente;Robótica;12;Sofía;Suárez;37031326;Sol de Julio;Robótica;Capacitación;21;12;Friday
1230;298;31;2026-04-24;Presente;Alfabetización Digital;4;Sofía;Rojas;30231951;Villa Ojo de Agua;Alfabetización Digital;Capacitación;45;4;Friday
1231;413;16;2026-06-14;Presente;Canva;6;Sofía;Pérez;41178938;Los Telares;Canva;Capacitación;35;6;Sunday
1232;461;2;2026-02-10;Presente;Python;2;Juan;López;38542540;Añatuya;Python;Capacitación;21;2;Tuesday
1233;492;37;2026-06-06;Presente;Marketing Digital;6;Micaela;Torres;42487463;Los Telares;Marketing Digital;Capacitación;26;6;Saturday
1234;55;37;2026-01-20;Presente;Marketing Digital;1;Pedro;Fernández;32954267;Sumampa;Marketing Digital;Capacitación;26;1;Tuesday
1235;368;20;2026-01-14;Presente;Ciudadanía Digital;1;Pedro;Torres;45773353;Bandera;Ciudadanía Digital;Capacitación;31;1;Wednesday
1236;351;50;2026-07-27;Presente;Ciudadanía Digital;7;Carlos;Pérez;34716976;Pinto;Ciudadanía Digital;Capacitación;34;7;Monday
1237;246;11;2026-03-05;Presente;Alfabetización Digital;3;Pedro;López;44016887;Sumampa;Alfabetización Digital;Capacitación;44;3;Thursday
1238;186;14;2026-01-22;Presente;Word;1;José;Pérez;33334532;Villa Ojo de Agua;Word;Capacitación;27;1;Thursday
1239;90;14;2026-05-22;Presente;Word;5;Pedro;Gómez;49817965;Añatuya;Word;Capacitación;27;5;Friday
1240;53;34;2026-10-14;Presente;Word;10;Ana;Martínez;36212200;Sumampa;Word;Capacitación;47;10;Wednesday
1241;225;17;2026-10-11;Presente;Marketing Digital;10;Micaela;Rojas;32088417;Sumampa;Marketing Digital;Capacitación;24;10;Sunday
1242;117;18;2026-02-07;Presente;Robótica;2;Ana;López;36636483;Villa Ojo de Agua;Robótica;Capacitación;36;2;Saturday
1243;385;36;2026-08-27;Presente;Canva;8;Pedro;Pérez;35567171;Sol de Julio;Canva;Capacitación;20;8;Thursday
1244;412;25;2026-09-18;Presente;PowerPoint;9;Sofía;Suárez;35602779;Los Telares;PowerPoint;Capacitación;25;9;Friday
1245;240;2;2026-08-08;Presente;Python;8;Sofía;Rodríguez;39792286;Pinto;Python;Capacitación;21;8;Saturday
1246;199;2;2026-07-13;Presente;Python;7;María;Gómez;35546411;Añatuya;Python;Capacitación;21;7;Monday
1247;357;5;2026-03-10;Presente;PowerPoint;3;Pedro;López;49127886;Sumampa;PowerPoint;Capacitación;34;3;Tuesday
1248;329;44;2026-07-20;Presente;Word;7;José;Rojas;30036479;Villa Ojo de Agua;Word;Capacitación;47;7;Monday
1249;389;27;2026-11-23;Presente;Marketing Digital;11;Ana;López;49704931;Bandera;Marketing Digital;Capacitación;38;11;Monday
1250;130;4;2026-05-26;Presente;Word;5;Lucía;Díaz;48099532;Bandera;Word;Capacitación;46;5;Tuesday
1251;110;4;2026-06-26;Presente;Word;6;Micaela;Gómez;46646841;Sumampa;Word;Capacitación;46;6;Friday
1252;65;15;2026-04-11;Presente;PowerPoint;4;Juan;López;49619964;Pinto;PowerPoint;Capacitación;38;4;Saturday
1253;427;1;2026-02-14;Presente;Alfabetización Digital;2;Lucía;Rodríguez;35304029;Bandera;Alfabetización Digital;Capacitación;27;2;Saturday
1254;245;41;2026-04-05;Presente;Alfabetización Digital;4;Juan;Torres;39038369;Villa Ojo de Agua;Alfabetización Digital;Capacitación;40;4;Sunday
1255;422;6;2026-12-22;Presente;Canva;12;Micaela;Gómez;47438257;Bandera;Canva;Capacitación;43;12;Tuesday
1256;241;11;2026-08-03;Presente;Alfabetización Digital;8;Pedro;Gómez;49246247;Pinto;Alfabetización Digital;Capacitación;44;8;Monday
1257;69;18;2026-01-04;Presente;Robótica;1;María;Gómez;45628192;Villa Ojo de Agua;Robótica;Capacitación;36;1;Sunday
1258;150;40;2026-01-04;Presente;Ciudadanía Digital;1;Carlos;Díaz;46175418;Los Telares;Ciudadanía Digital;Capacitación;38;1;Sunday
1259;352;13;2026-05-09;Presente;Excel;5;Sofía;Pérez;36753606;Sol de Julio;Excel;Capacitación;25;5;Saturday
1260;74;10;2026-03-07;Presente;Ciudadanía Digital;3;Lucía;Suárez;43728390;Sumampa;Ciudadanía Digital;Capacitación;31;3;Saturday
1261;87;27;2026-06-12;Presente;Marketing Digital;6;María;Suárez;31495043;Sol de Julio;Marketing Digital;Capacitación;38;6;Friday
1262;373;43;2026-12-11;Presente;Excel;12;Juan;Gómez;43105288;Sumampa;Excel;Capacitación;21;12;Friday
1263;167;1;2026-01-05;Presente;Alfabetización Digital;1;Carlos;López;43851567;Añatuya;Alfabetización Digital;Capacitación;27;1;Monday
1264;220;43;2026-07-12;Presente;Excel;7;Ana;Martínez;45742770;Los Telares;Excel;Capacitación;21;7;Sunday
1265;446;46;2026-05-03;Presente;Canva;5;Luis;Gómez;49630143;Sol de Julio;Canva;Capacitación;35;5;Sunday
1266;317;24;2026-03-17;Presente;Word;3;Sofía;Pérez;45717595;Sumampa;Word;Capacitación;23;3;Tuesday
1267;210;35;2026-05-26;Presente;PowerPoint;5;Pedro;Rojas;45951640;Bandera;PowerPoint;Capacitación;35;5;Tuesday
1268;400;17;2026-01-07;Presente;Marketing Digital;1;María;Torres;36468521;Sumampa;Marketing Digital;Capacitación;24;1;Wednesday
1269;28;6;2026-04-22;Presente;Canva;4;José;Torres;41993868;Añatuya;Canva;Capacitación;43;4;Wednesday
1270;13;27;2026-01-01;Presente;Marketing Digital;1;María;Pérez;39085013;Bandera;Marketing Digital;Capacitación;38;1;Thursday
1271;7;29;2026-01-25;Presente;Impresión 3D;1;Micaela;Gómez;46109116;Sumampa;Impresión 3D;Capacitación;39;1;Sunday
1272;110;14;2026-03-07;Presente;Word;3;Micaela;Gómez;46646841;Sumampa;Word;Capacitación;27;3;Saturday
1273;391;1;2026-09-11;Presente;Alfabetización Digital;9;José;Suárez;41104814;Añatuya;Alfabetización Digital;Capacitación;27;9;Friday
1274;388;2;2026-02-12;Presente;Python;2;José;Gómez;48084909;Añatuya;Python;Capacitación;21;2;Thursday
1275;314;44;2026-10-01;Presente;Word;10;Luis;López;33954006;Bandera;Word;Capacitación;47;10;Thursday
1276;288;14;2026-04-27;Presente;Word;4;Juan;Rodríguez;31637217;Añatuya;Word;Capacitación;27;4;Monday
1277;269;26;2026-12-03;Presente;Canva;12;Ana;Gómez;48931081;Sumampa;Canva;Capacitación;35;12;Thursday
1278;319;46;2026-07-01;Presente;Canva;7;Micaela;Torres;44875517;Villa Ojo de Agua;Canva;Capacitación;35;7;Wednesday
1279;111;30;2026-09-15;Presente;Ciudadanía Digital;9;José;López;35903632;Sol de Julio;Ciudadanía Digital;Capacitación;33;9;Tuesday
1280;283;11;2026-11-05;Presente;Alfabetización Digital;11;Carlos;Martínez;30268583;Pinto;Alfabetización Digital;Capacitación;44;11;Thursday
1281;82;12;2026-09-23;Presente;Python;9;Sofía;Martínez;39989675;Villa Ojo de Agua;Python;Capacitación;35;9;Wednesday
1282;233;47;2026-08-28;Presente;Marketing Digital;8;María;Fernández;37320068;Añatuya;Marketing Digital;Capacitación;33;8;Friday
1283;121;23;2026-05-24;Presente;Excel;5;Lucía;López;48531995;Sumampa;Excel;Capacitación;38;5;Sunday
1284;245;47;2026-10-15;Presente;Marketing Digital;10;Juan;Torres;39038369;Villa Ojo de Agua;Marketing Digital;Capacitación;33;10;Thursday
1285;378;37;2026-06-18;Presente;Marketing Digital;6;Luis;Gómez;33893139;Villa Ojo de Agua;Marketing Digital;Capacitación;26;6;Thursday
1286;475;45;2026-07-27;Presente;PowerPoint;7;José;Rojas;45856757;Sol de Julio;PowerPoint;Capacitación;40;7;Monday
1287;314;17;2026-10-01;Presente;Marketing Digital;10;Luis;López;33954006;Bandera;Marketing Digital;Capacitación;24;10;Thursday
1288;493;44;2026-12-18;Presente;Word;12;Carlos;Fernández;31454887;Villa Ojo de Agua;Word;Capacitación;47;12;Friday
1289;471;27;2026-06-18;Presente;Marketing Digital;6;Luis;López;46137834;Sumampa;Marketing Digital;Capacitación;38;6;Thursday
1290;412;24;2026-11-04;Presente;Word;11;Sofía;Suárez;35602779;Los Telares;Word;Capacitación;23;11;Wednesday
1291;136;10;2026-10-04;Presente;Ciudadanía Digital;10;Ana;Rodríguez;37994853;Los Telares;Ciudadanía Digital;Capacitación;31;10;Sunday
1292;217;21;2026-07-26;Presente;Alfabetización Digital;7;Pedro;Rodríguez;37113577;Añatuya;Alfabetización Digital;Capacitación;23;7;Sunday
1293;71;11;2026-10-22;Presente;Alfabetización Digital;10;María;Gómez;36010764;Sumampa;Alfabetización Digital;Capacitación;44;10;Thursday
1294;317;36;2026-11-08;Presente;Canva;11;Sofía;Pérez;45717595;Sumampa;Canva;Capacitación;20;11;Sunday
1295;375;48;2026-10-05;Presente;Robótica;10;Ana;Gómez;33204029;Los Telares;Robótica;Capacitación;24;10;Monday
1296;51;31;2026-05-03;Presente;Alfabetización Digital;5;José;Gómez;43837643;Los Telares;Alfabetización Digital;Capacitación;45;5;Sunday
1297;182;35;2026-08-18;Presente;PowerPoint;8;José;Suárez;41858131;Bandera;PowerPoint;Capacitación;35;8;Tuesday
1298;288;44;2026-06-21;Presente;Word;6;Juan;Rodríguez;31637217;Añatuya;Word;Capacitación;47;6;Sunday
1299;98;25;2026-04-07;Presente;PowerPoint;4;Sofía;Martínez;40269401;Villa Ojo de Agua;PowerPoint;Capacitación;25;4;Tuesday
1300;205;4;2026-07-06;Presente;Word;7;José;Gómez;48386318;Pinto;Word;Capacitación;46;7;Monday
1301;428;33;2026-04-15;Presente;Excel;4;Pedro;Pérez;42589884;Añatuya;Excel;Capacitación;24;4;Wednesday
1302;67;23;2026-11-18;Presente;Excel;11;Micaela;Gómez;34772337;Los Telares;Excel;Capacitación;38;11;Wednesday
1303;36;10;2026-02-14;Presente;Ciudadanía Digital;2;Juan;Gómez;41774348;Pinto;Ciudadanía Digital;Capacitación;31;2;Saturday
1304;59;48;2026-07-07;Presente;Robótica;7;Juan;Torres;39922739;Bandera;Robótica;Capacitación;24;7;Tuesday
1305;355;50;2026-10-22;Presente;Ciudadanía Digital;10;Luis;Rojas;47577462;Los Telares;Ciudadanía Digital;Capacitación;34;10;Thursday
1306;93;32;2026-07-04;Presente;Python;7;Lucía;Pérez;42185537;Villa Ojo de Agua;Python;Capacitación;26;7;Saturday
1307;479;35;2026-09-15;Presente;PowerPoint;9;Pedro;Rojas;33574026;Añatuya;PowerPoint;Capacitación;35;9;Tuesday
1308;264;24;2026-05-02;Presente;Word;5;José;Fernández;46473796;Añatuya;Word;Capacitación;23;5;Saturday
1309;383;23;2026-02-18;Presente;Excel;2;Juan;Torres;46825965;Pinto;Excel;Capacitación;38;2;Wednesday
1310;36;8;2026-12-27;Presente;Robótica;12;Juan;Gómez;41774348;Pinto;Robótica;Capacitación;35;12;Sunday
1311;217;11;2026-10-27;Presente;Alfabetización Digital;10;Pedro;Rodríguez;37113577;Añatuya;Alfabetización Digital;Capacitación;44;10;Tuesday
1312;451;33;2026-05-27;Presente;Excel;5;Carlos;Rodríguez;40107712;Villa Ojo de Agua;Excel;Capacitación;24;5;Wednesday
1313;288;14;2026-09-04;Presente;Word;9;Juan;Rodríguez;31637217;Añatuya;Word;Capacitación;27;9;Friday
1314;67;11;2026-08-08;Presente;Alfabetización Digital;8;Micaela;Gómez;34772337;Los Telares;Alfabetización Digital;Capacitación;44;8;Saturday
1315;488;6;2026-10-09;Presente;Canva;10;Lucía;Pérez;34211259;Los Telares;Canva;Capacitación;43;10;Friday
1316;109;10;2026-02-17;Presente;Ciudadanía Digital;2;María;Fernández;46506589;Pinto;Ciudadanía Digital;Capacitación;31;2;Tuesday
1317;11;10;2026-02-27;Presente;Ciudadanía Digital;2;Lucía;Díaz;37880355;Villa Ojo de Agua;Ciudadanía Digital;Capacitación;31;2;Friday
1318;35;30;2026-01-08;Presente;Ciudadanía Digital;1;Micaela;López;49948639;Villa Ojo de Agua;Ciudadanía Digital;Capacitación;33;1;Thursday
1319;52;45;2026-02-09;Presente;PowerPoint;2;Ana;Pérez;34164805;Los Telares;PowerPoint;Capacitación;40;2;Monday
1320;47;28;2026-09-26;Presente;Robótica;9;Micaela;Rodríguez;36965594;Pinto;Robótica;Capacitación;21;9;Saturday
1321;70;28;2026-08-07;Presente;Robótica;8;Luis;Pérez;37468319;Villa Ojo de Agua;Robótica;Capacitación;21;8;Friday
1322;166;31;2026-05-09;Presente;Alfabetización Digital;5;Luis;Rodríguez;42105075;Villa Ojo de Agua;Alfabetización Digital;Capacitación;45;5;Saturday
1323;151;5;2026-11-02;Presente;PowerPoint;11;Pedro;López;40456268;Villa Ojo de Agua;PowerPoint;Capacitación;34;11;Monday
1324;418;12;2026-02-04;Presente;Python;2;Pedro;Gómez;30873779;Añatuya;Python;Capacitación;35;2;Wednesday
1325;437;20;2026-02-14;Presente;Ciudadanía Digital;2;José;Fernández;43703622;Bandera;Ciudadanía Digital;Capacitación;31;2;Saturday
1326;158;50;2026-03-12;Presente;Ciudadanía Digital;3;Luis;Rojas;35527294;Los Telares;Ciudadanía Digital;Capacitación;34;3;Thursday
1327;272;26;2026-02-03;Presente;Canva;2;Pedro;Rojas;43419469;Los Telares;Canva;Capacitación;35;2;Tuesday
1328;32;48;2026-10-22;Presente;Robótica;10;Sofía;Rodríguez;48122797;Sumampa;Robótica;Capacitación;24;10;Thursday
1329;328;45;2026-07-24;Presente;PowerPoint;7;Carlos;Gómez;36118998;Villa Ojo de Agua;PowerPoint;Capacitación;40;7;Friday
1330;424;23;2026-01-01;Presente;Excel;1;Pedro;Torres;41388547;Sumampa;Excel;Capacitación;38;1;Thursday
1331;108;26;2026-12-12;Presente;Canva;12;Sofía;Rodríguez;41594573;Añatuya;Canva;Capacitación;35;12;Saturday
1332;359;9;2026-04-04;Presente;Impresión 3D;4;Sofía;Rojas;32790056;Sol de Julio;Impresión 3D;Capacitación;38;4;Saturday
1333;337;1;2026-01-07;Presente;Alfabetización Digital;1;José;Torres;35492865;Bandera;Alfabetización Digital;Capacitación;27;1;Wednesday
1334;75;43;2026-04-01;Presente;Excel;4;Lucía;Díaz;38616621;Bandera;Excel;Capacitación;21;4;Wednesday
1335;327;44;2026-06-22;Presente;Word;6;Micaela;Rodríguez;37982195;Sol de Julio;Word;Capacitación;47;6;Monday
1336;183;34;2026-05-14;Presente;Word;5;Juan;Rodríguez;44320473;Bandera;Word;Capacitación;47;5;Thursday
1337;144;1;2026-08-07;Presente;Alfabetización Digital;8;Sofía;Rojas;31424630;Bandera;Alfabetización Digital;Capacitación;27;8;Friday
1338;15;44;2026-02-15;Presente;Word;2;María;Torres;45981305;Añatuya;Word;Capacitación;47;2;Sunday
1339;109;32;2026-06-05;Presente;Python;6;María;Fernández;46506589;Pinto;Python;Capacitación;26;6;Friday
1340;29;29;2026-10-05;Presente;Impresión 3D;10;Juan;Pérez;43363767;Villa Ojo de Agua;Impresión 3D;Capacitación;39;10;Monday
1341;187;25;2026-12-14;Presente;PowerPoint;12;Micaela;Gómez;33368497;Los Telares;PowerPoint;Capacitación;25;12;Monday
1342;407;49;2026-10-14;Presente;Impresión 3D;10;Juan;Rodríguez;48057128;Villa Ojo de Agua;Impresión 3D;Capacitación;23;10;Wednesday
1343;115;27;2026-03-10;Presente;Marketing Digital;3;Ana;Gómez;33023410;Los Telares;Marketing Digital;Capacitación;38;3;Tuesday
1344;119;37;2026-02-24;Presente;Marketing Digital;2;Pedro;Martínez;47055400;Villa Ojo de Agua;Marketing Digital;Capacitación;26;2;Tuesday
1345;317;26;2026-09-23;Presente;Canva;9;Sofía;Pérez;45717595;Sumampa;Canva;Capacitación;35;9;Wednesday
1346;335;29;2026-01-28;Presente;Impresión 3D;1;María;Pérez;45956848;Pinto;Impresión 3D;Capacitación;39;1;Wednesday
1347;383;11;2026-08-04;Presente;Alfabetización Digital;8;Juan;Torres;46825965;Pinto;Alfabetización Digital;Capacitación;44;8;Tuesday
1348;59;49;2026-06-09;Presente;Impresión 3D;6;Juan;Torres;39922739;Bandera;Impresión 3D;Capacitación;23;6;Tuesday
1349;18;45;2026-07-03;Presente;PowerPoint;7;Ana;Rodríguez;42801168;Añatuya;PowerPoint;Capacitación;40;7;Friday
1350;242;31;2026-02-01;Presente;Alfabetización Digital;2;Pedro;Díaz;48631370;Los Telares;Alfabetización Digital;Capacitación;45;2;Sunday
1351;433;37;2026-02-23;Presente;Marketing Digital;2;Sofía;Martínez;39843560;Pinto;Marketing Digital;Capacitación;26;2;Monday
1352;178;38;2026-08-16;Presente;Robótica;8;Ana;Torres;33676375;Añatuya;Robótica;Capacitación;39;8;Sunday
1353;165;28;2026-04-02;Presente;Robótica;4;Juan;Fernández;41577089;Sumampa;Robótica;Capacitación;21;4;Thursday
1354;454;44;2026-10-11;Presente;Word;10;María;Gómez;32220435;Sol de Julio;Word;Capacitación;47;10;Sunday
1355;386;43;2026-12-04;Presente;Excel;12;Sofía;Rojas;43374533;Sumampa;Excel;Capacitación;21;12;Friday
1356;122;34;2026-11-05;Presente;Word;11;José;Suárez;45134153;Bandera;Word;Capacitación;47;11;Thursday
1357;27;40;2026-02-11;Presente;Ciudadanía Digital;2;Pedro;Martínez;37902858;Añatuya;Ciudadanía Digital;Capacitación;38;2;Wednesday
1358;497;6;2026-06-19;Presente;Canva;6;Lucía;López;46630688;Añatuya;Canva;Capacitación;43;6;Friday
1359;192;16;2026-11-27;Presente;Canva;11;José;Gómez;39234977;Sol de Julio;Canva;Capacitación;35;11;Friday
1360;297;36;2026-01-21;Presente;Canva;1;Juan;Pérez;40572288;Pinto;Canva;Capacitación;20;1;Wednesday
1361;98;47;2026-08-05;Presente;Marketing Digital;8;Sofía;Martínez;40269401;Villa Ojo de Agua;Marketing Digital;Capacitación;33;8;Wednesday
1362;467;23;2026-03-18;Presente;Excel;3;Lucía;Martínez;36066051;Villa Ojo de Agua;Excel;Capacitación;38;3;Wednesday
1363;254;25;2026-02-12;Presente;PowerPoint;2;María;Rodríguez;40625922;Sol de Julio;PowerPoint;Capacitación;25;2;Thursday
1364;479;48;2026-11-23;Presente;Robótica;11;Pedro;Rojas;33574026;Añatuya;Robótica;Capacitación;24;11;Monday
1365;150;12;2026-11-05;Presente;Python;11;Carlos;Díaz;46175418;Los Telares;Python;Capacitación;35;11;Thursday
1366;328;11;2026-12-20;Presente;Alfabetización Digital;12;Carlos;Gómez;36118998;Villa Ojo de Agua;Alfabetización Digital;Capacitación;44;12;Sunday
1367;207;1;2026-07-13;Presente;Alfabetización Digital;7;Micaela;Pérez;39788688;Los Telares;Alfabetización Digital;Capacitación;27;7;Monday
1368;364;17;2026-11-17;Presente;Marketing Digital;11;María;Díaz;41646844;Sumampa;Marketing Digital;Capacitación;24;11;Tuesday
1369;467;15;2026-02-06;Presente;PowerPoint;2;Lucía;Martínez;36066051;Villa Ojo de Agua;PowerPoint;Capacitación;38;2;Friday
1370;329;12;2026-09-10;Presente;Python;9;José;Rojas;30036479;Villa Ojo de Agua;Python;Capacitación;35;9;Thursday
1371;449;28;2026-01-18;Presente;Robótica;1;Luis;Torres;33529199;Añatuya;Robótica;Capacitación;21;1;Sunday
1372;440;26;2026-10-27;Presente;Canva;10;María;Torres;43927582;Bandera;Canva;Capacitación;35;10;Tuesday
1373;128;25;2026-07-17;Presente;PowerPoint;7;Lucía;Torres;36453798;Villa Ojo de Agua;PowerPoint;Capacitación;25;7;Friday
1374;260;17;2026-05-21;Presente;Marketing Digital;5;Pedro;Fernández;47075409;Sumampa;Marketing Digital;Capacitación;24;5;Thursday
1375;23;23;2026-09-09;Presente;Excel;9;Carlos;Díaz;38885424;Añatuya;Excel;Capacitación;38;9;Wednesday
1376;335;43;2026-09-22;Presente;Excel;9;María;Pérez;45956848;Pinto;Excel;Capacitación;21;9;Tuesday
1377;131;33;2026-05-18;Presente;Excel;5;Juan;Martínez;37723527;Bandera;Excel;Capacitación;24;5;Monday
1378;161;30;2026-05-20;Presente;Ciudadanía Digital;5;Carlos;Fernández;30585216;Villa Ojo de Agua;Ciudadanía Digital;Capacitación;33;5;Wednesday
1379;383;43;2026-07-27;Presente;Excel;7;Juan;Torres;46825965;Pinto;Excel;Capacitación;21;7;Monday
1380;13;45;2026-04-16;Presente;PowerPoint;4;María;Pérez;39085013;Bandera;PowerPoint;Capacitación;40;4;Thursday
1381;190;15;2026-02-15;Presente;PowerPoint;2;Luis;Pérez;30869792;Villa Ojo de Agua;PowerPoint;Capacitación;38;2;Sunday
1382;165;33;2026-02-13;Presente;Excel;2;Juan;Fernández;41577089;Sumampa;Excel;Capacitación;24;2;Friday
1383;21;47;2026-02-06;Presente;Marketing Digital;2;Carlos;Martínez;33282689;Bandera;Marketing Digital;Capacitación;33;2;Friday
1384;439;31;2026-06-09;Presente;Alfabetización Digital;6;Juan;Pérez;49757007;Bandera;Alfabetización Digital;Capacitación;45;6;Tuesday
1385;138;3;2026-11-24;Presente;Excel;11;Sofía;López;34374680;Bandera;Excel;Capacitación;40;11;Tuesday
1386;456;14;2026-09-18;Presente;Word;9;José;Torres;38207685;Los Telares;Word;Capacitación;27;9;Friday
1387;10;39;2026-07-08;Presente;Impresión 3D;7;Carlos;Rodríguez;35055177;Villa Ojo de Agua;Impresión 3D;Capacitación;25;7;Wednesday
1388;468;39;2026-11-04;Presente;Impresión 3D;11;Juan;Torres;47979558;Pinto;Impresión 3D;Capacitación;25;11;Wednesday
1389;480;40;2026-10-10;Presente;Ciudadanía Digital;10;José;Rodríguez;34762156;Pinto;Ciudadanía Digital;Capacitación;38;10;Saturday
1390;307;22;2026-01-26;Presente;Python;1;Sofía;Martínez;37509083;Añatuya;Python;Capacitación;36;1;Monday
1391;154;23;2026-06-16;Presente;Excel;6;Juan;Rojas;47875722;Sumampa;Excel;Capacitación;38;6;Tuesday
1392;217;46;2026-05-01;Presente;Canva;5;Pedro;Rodríguez;37113577;Añatuya;Canva;Capacitación;35;5;Friday
1393;192;11;2026-03-16;Presente;Alfabetización Digital;3;José;Gómez;39234977;Sol de Julio;Alfabetización Digital;Capacitación;44;3;Monday
1394;139;24;2026-08-02;Presente;Word;8;María;Rodríguez;35660678;Bandera;Word;Capacitación;23;8;Sunday
1395;172;28;2026-01-21;Presente;Robótica;1;Ana;Rodríguez;31152932;Sumampa;Robótica;Capacitación;21;1;Wednesday
1396;479;30;2026-03-07;Presente;Ciudadanía Digital;3;Pedro;Rojas;33574026;Añatuya;Ciudadanía Digital;Capacitación;33;3;Saturday
1397;347;30;2026-10-12;Presente;Ciudadanía Digital;10;Carlos;Gómez;34977791;Pinto;Ciudadanía Digital;Capacitación;33;10;Monday
1398;367;44;2026-08-04;Presente;Word;8;María;Díaz;48185595;Pinto;Word;Capacitación;47;8;Tuesday
1399;198;35;2026-05-04;Presente;PowerPoint;5;Sofía;Torres;44508087;Pinto;PowerPoint;Capacitación;35;5;Monday
1400;125;47;2026-09-05;Presente;Marketing Digital;9;Ana;Rojas;30965910;Sol de Julio;Marketing Digital;Capacitación;33;9;Saturday
1401;244;34;2026-11-03;Presente;Word;11;Micaela;Rodríguez;37687649;Sumampa;Word;Capacitación;47;11;Tuesday
1402;138;29;2026-08-22;Presente;Impresión 3D;8;Sofía;López;34374680;Bandera;Impresión 3D;Capacitación;39;8;Saturday
1403;135;43;2026-01-07;Presente;Excel;1;María;Rojas;48116206;Pinto;Excel;Capacitación;21;1;Wednesday
1404;201;7;2026-04-11;Presente;Marketing Digital;4;Micaela;Martínez;47985418;Villa Ojo de Agua;Marketing Digital;Capacitación;34;4;Saturday
1405;99;25;2026-12-06;Presente;PowerPoint;12;Juan;Suárez;41183572;Añatuya;PowerPoint;Capacitación;25;12;Sunday
1406;146;50;2026-08-26;Presente;Ciudadanía Digital;8;Lucía;Torres;38356319;Bandera;Ciudadanía Digital;Capacitación;34;8;Wednesday
1407;331;27;2026-05-19;Presente;Marketing Digital;5;María;Rodríguez;35098078;Añatuya;Marketing Digital;Capacitación;38;5;Tuesday
1408;308;30;2026-08-03;Presente;Ciudadanía Digital;8;Juan;López;35029863;Villa Ojo de Agua;Ciudadanía Digital;Capacitación;33;8;Monday
1409;473;49;2026-08-07;Presente;Impresión 3D;8;Juan;Rojas;41018932;Villa Ojo de Agua;Impresión 3D;Capacitación;23;8;Friday
1410;485;38;2026-02-26;Presente;Robótica;2;Carlos;Rodríguez;31215637;Añatuya;Robótica;Capacitación;39;2;Thursday
1411;255;28;2026-12-24;Presente;Robótica;12;Pedro;Suárez;40367063;Añatuya;Robótica;Capacitación;21;12;Thursday
1412;52;36;2026-12-09;Presente;Canva;12;Ana;Pérez;34164805;Los Telares;Canva;Capacitación;20;12;Wednesday
1413;421;36;2026-05-17;Presente;Canva;5;Luis;Torres;33389266;Sumampa;Canva;Capacitación;20;5;Sunday
1414;295;28;2026-12-04;Presente;Robótica;12;Sofía;Torres;49429261;Los Telares;Robótica;Capacitación;21;12;Friday
1415;61;2;2026-04-10;Presente;Python;4;Lucía;Torres;49381921;Los Telares;Python;Capacitación;21;4;Friday
1416;226;42;2026-07-04;Presente;Python;7;Lucía;Suárez;36123672;Sumampa;Python;Capacitación;29;7;Saturday
1417;157;23;2026-08-18;Presente;Excel;8;José;Gómez;37717966;Bandera;Excel;Capacitación;38;8;Tuesday
1418;482;22;2026-03-21;Presente;Python;3;Carlos;Fernández;32551781;Villa Ojo de Agua;Python;Capacitación;36;3;Saturday
1419;95;33;2026-09-21;Presente;Excel;9;Micaela;Rodríguez;40630952;Los Telares;Excel;Capacitación;24;9;Monday
1420;341;1;2026-06-27;Presente;Alfabetización Digital;6;Carlos;Martínez;39733658;Añatuya;Alfabetización Digital;Capacitación;27;6;Saturday
1421;73;24;2026-07-05;Presente;Word;7;Sofía;Fernández;43663794;Añatuya;Word;Capacitación;23;7;Sunday
1422;298;18;2026-04-03;Presente;Robótica;4;Sofía;Rojas;30231951;Villa Ojo de Agua;Robótica;Capacitación;36;4;Friday
1423;58;33;2026-10-17;Presente;Excel;10;Carlos;Rojas;31066275;Pinto;Excel;Capacitación;24;10;Saturday
1424;461;9;2026-04-20;Presente;Impresión 3D;4;Juan;López;38542540;Añatuya;Impresión 3D;Capacitación;38;4;Monday
1425;446;27;2026-09-05;Presente;Marketing Digital;9;Luis;Gómez;49630143;Sol de Julio;Marketing Digital;Capacitación;38;9;Saturday
1426;392;12;2026-03-01;Presente;Python;3;José;López;47560747;Añatuya;Python;Capacitación;35;3;Sunday
1427;375;40;2026-08-10;Presente;Ciudadanía Digital;8;Ana;Gómez;33204029;Los Telares;Ciudadanía Digital;Capacitación;38;8;Monday
1428;192;36;2026-06-18;Presente;Canva;6;José;Gómez;39234977;Sol de Julio;Canva;Capacitación;20;6;Thursday
1429;366;8;2026-01-02;Presente;Robótica;1;Lucía;Torres;31587109;Villa Ojo de Agua;Robótica;Capacitación;35;1;Friday
1430;65;37;2026-12-12;Presente;Marketing Digital;12;Juan;López;49619964;Pinto;Marketing Digital;Capacitación;26;12;Saturday
1431;25;33;2026-07-01;Presente;Excel;7;Lucía;Díaz;36401168;Pinto;Excel;Capacitación;24;7;Wednesday
1432;14;24;2026-11-07;Presente;Word;11;Micaela;Díaz;38860550;Bandera;Word;Capacitación;23;11;Saturday
1433;260;38;2026-11-15;Presente;Robótica;11;Pedro;Fernández;47075409;Sumampa;Robótica;Capacitación;39;11;Sunday
1434;414;17;2026-08-21;Presente;Marketing Digital;8;Juan;Rojas;39781917;Villa Ojo de Agua;Marketing Digital;Capacitación;24;8;Friday
1435;282;13;2026-04-28;Presente;Excel;4;Micaela;Fernández;49933289;Los Telares;Excel;Capacitación;25;4;Tuesday
1436;421;31;2026-08-07;Presente;Alfabetización Digital;8;Luis;Torres;33389266;Sumampa;Alfabetización Digital;Capacitación;45;8;Friday
1437;128;23;2026-07-08;Presente;Excel;7;Lucía;Torres;36453798;Villa Ojo de Agua;Excel;Capacitación;38;7;Wednesday
1438;464;13;2026-02-11;Presente;Excel;2;José;Pérez;33878619;Añatuya;Excel;Capacitación;25;2;Wednesday
1439;274;42;2026-08-04;Presente;Python;8;José;Torres;46015365;Bandera;Python;Capacitación;29;8;Tuesday
1440;439;40;2026-12-23;Presente;Ciudadanía Digital;12;Juan;Pérez;49757007;Bandera;Ciudadanía Digital;Capacitación;38;12;Wednesday
1441;260;30;2026-02-15;Presente;Ciudadanía Digital;2;Pedro;Fernández;47075409;Sumampa;Ciudadanía Digital;Capacitación;33;2;Sunday
1442;491;37;2026-02-19;Presente;Marketing Digital;2;Ana;Díaz;38656494;Sol de Julio;Marketing Digital;Capacitación;26;2;Thursday
1443;244;17;2026-01-18;Presente;Marketing Digital;1;Micaela;Rodríguez;37687649;Sumampa;Marketing Digital;Capacitación;24;1;Sunday
1444;174;28;2026-07-16;Presente;Robótica;7;María;Rojas;42071303;Añatuya;Robótica;Capacitación;21;7;Thursday
1445;355;8;2026-05-14;Presente;Robótica;5;Luis;Rojas;47577462;Los Telares;Robótica;Capacitación;35;5;Thursday
1446;28;50;2026-11-04;Presente;Ciudadanía Digital;11;José;Torres;41993868;Añatuya;Ciudadanía Digital;Capacitación;34;11;Wednesday
1447;152;22;2026-12-24;Presente;Python;12;Lucía;Díaz;44200134;Añatuya;Python;Capacitación;36;12;Thursday
1448;32;26;2026-12-15;Presente;Canva;12;Sofía;Rodríguez;48122797;Sumampa;Canva;Capacitación;35;12;Tuesday
1449;261;25;2026-11-27;Presente;PowerPoint;11;Luis;Torres;44203096;Sol de Julio;PowerPoint;Capacitación;25;11;Friday
1450;37;27;2026-09-08;Presente;Marketing Digital;9;José;Martínez;39708105;Villa Ojo de Agua;Marketing Digital;Capacitación;38;9;Tuesday
1451;500;50;2026-05-18;Presente;Ciudadanía Digital;5;Ana;Gómez;39775209;Añatuya;Ciudadanía Digital;Capacitación;34;5;Monday
1452;74;44;2026-12-16;Presente;Word;12;Lucía;Suárez;43728390;Sumampa;Word;Capacitación;47;12;Wednesday
1453;277;19;2026-05-16;Presente;Impresión 3D;5;Pedro;Suárez;49903175;Añatuya;Impresión 3D;Capacitación;45;5;Saturday
1454;135;25;2026-10-16;Presente;PowerPoint;10;María;Rojas;48116206;Pinto;PowerPoint;Capacitación;25;10;Friday
1455;123;4;2026-03-04;Presente;Word;3;Ana;Gómez;46780935;Añatuya;Word;Capacitación;46;3;Wednesday
1456;484;4;2026-09-24;Presente;Word;9;Juan;Díaz;32740420;Bandera;Word;Capacitación;46;9;Thursday
1457;337;40;2026-04-15;Presente;Ciudadanía Digital;4;José;Torres;35492865;Bandera;Ciudadanía Digital;Capacitación;38;4;Wednesday
1458;164;29;2026-10-13;Presente;Impresión 3D;10;Micaela;Díaz;40799652;Pinto;Impresión 3D;Capacitación;39;10;Tuesday
1459;223;39;2026-06-15;Presente;Impresión 3D;6;Pedro;López;32163127;Los Telares;Impresión 3D;Capacitación;25;6;Monday
1460;370;16;2026-12-03;Presente;Canva;12;José;Gómez;30716136;Los Telares;Canva;Capacitación;35;12;Thursday
1461;262;47;2026-02-07;Presente;Marketing Digital;2;Luis;Rodríguez;49552205;Villa Ojo de Agua;Marketing Digital;Capacitación;33;2;Saturday
1462;169;31;2026-11-02;Presente;Alfabetización Digital;11;Sofía;Torres;41310276;Bandera;Alfabetización Digital;Capacitación;45;11;Monday
1463;489;16;2026-05-07;Presente;Canva;5;María;López;42651426;Sol de Julio;Canva;Capacitación;35;5;Thursday
1464;246;34;2026-08-19;Presente;Word;8;Pedro;López;44016887;Sumampa;Word;Capacitación;47;8;Wednesday
1465;89;38;2026-04-25;Presente;Robótica;4;Lucía;Suárez;36241397;Sol de Julio;Robótica;Capacitación;39;4;Saturday
1466;474;29;2026-01-27;Presente;Impresión 3D;1;Pedro;Martínez;37822917;Bandera;Impresión 3D;Capacitación;39;1;Tuesday
1467;303;10;2026-10-04;Presente;Ciudadanía Digital;10;Lucía;Torres;30623229;Sol de Julio;Ciudadanía Digital;Capacitación;31;10;Sunday
1468;368;17;2026-02-13;Presente;Marketing Digital;2;Pedro;Torres;45773353;Bandera;Marketing Digital;Capacitación;24;2;Friday
1469;274;1;2026-06-15;Presente;Alfabetización Digital;6;José;Torres;46015365;Bandera;Alfabetización Digital;Capacitación;27;6;Monday
1470;121;28;2026-06-02;Presente;Robótica;6;Lucía;López;48531995;Sumampa;Robótica;Capacitación;21;6;Tuesday
1471;191;10;2026-04-11;Presente;Ciudadanía Digital;4;Luis;Pérez;46541273;Los Telares;Ciudadanía Digital;Capacitación;31;4;Saturday
1472;456;38;2026-04-14;Presente;Robótica;4;José;Torres;38207685;Los Telares;Robótica;Capacitación;39;4;Tuesday
1473;205;20;2026-09-02;Presente;Ciudadanía Digital;9;José;Gómez;48386318;Pinto;Ciudadanía Digital;Capacitación;31;9;Wednesday
1474;182;18;2026-02-12;Presente;Robótica;2;José;Suárez;41858131;Bandera;Robótica;Capacitación;36;2;Thursday
1475;317;32;2026-05-10;Presente;Python;5;Sofía;Pérez;45717595;Sumampa;Python;Capacitación;26;5;Sunday
1476;176;21;2026-06-08;Presente;Alfabetización Digital;6;Ana;Gómez;38210813;Los Telares;Alfabetización Digital;Capacitación;23;6;Monday
1477;72;47;2026-06-09;Presente;Marketing Digital;6;Luis;Suárez;47099248;Sumampa;Marketing Digital;Capacitación;33;6;Tuesday
1478;54;6;2026-11-17;Presente;Canva;11;Pedro;Martínez;48988061;Sol de Julio;Canva;Capacitación;43;11;Tuesday
1479;379;37;2026-07-19;Presente;Marketing Digital;7;José;Rojas;42064078;Sol de Julio;Marketing Digital;Capacitación;26;7;Sunday
1480;271;32;2026-08-25;Presente;Python;8;Lucía;Martínez;39965294;Sumampa;Python;Capacitación;26;8;Tuesday
1481;493;24;2026-04-27;Presente;Word;4;Carlos;Fernández;31454887;Villa Ojo de Agua;Word;Capacitación;23;4;Monday
1482;4;30;2026-09-01;Presente;Ciudadanía Digital;9;Sofía;Suárez;37031326;Sol de Julio;Ciudadanía Digital;Capacitación;33;9;Tuesday
1483;421;8;2026-02-07;Presente;Robótica;2;Luis;Torres;33389266;Sumampa;Robótica;Capacitación;35;2;Saturday
1484;201;44;2026-04-24;Presente;Word;4;Micaela;Martínez;47985418;Villa Ojo de Agua;Word;Capacitación;47;4;Friday
1485;331;18;2026-02-24;Presente;Robótica;2;María;Rodríguez;35098078;Añatuya;Robótica;Capacitación;36;2;Tuesday
1486;23;24;2026-05-07;Presente;Word;5;Carlos;Díaz;38885424;Añatuya;Word;Capacitación;23;5;Thursday
1487;370;18;2026-03-20;Presente;Robótica;3;José;Gómez;30716136;Los Telares;Robótica;Capacitación;36;3;Friday
1488;266;10;2026-11-14;Presente;Ciudadanía Digital;11;Juan;Fernández;47490307;Bandera;Ciudadanía Digital;Capacitación;31;11;Saturday
1489;378;6;2026-07-13;Presente;Canva;7;Luis;Gómez;33893139;Villa Ojo de Agua;Canva;Capacitación;43;7;Monday
1490;450;3;2026-12-20;Presente;Excel;12;Pedro;Díaz;41853911;Sol de Julio;Excel;Capacitación;40;12;Sunday
1491;76;36;2026-08-04;Presente;Canva;8;Ana;Rojas;37056763;Pinto;Canva;Capacitación;20;8;Tuesday
1492;38;34;2026-05-21;Presente;Word;5;Lucía;Fernández;34774425;Añatuya;Word;Capacitación;47;5;Thursday
1493;74;4;2026-08-09;Presente;Word;8;Lucía;Suárez;43728390;Sumampa;Word;Capacitación;46;8;Sunday
1494;457;3;2026-02-07;Presente;Excel;2;Ana;Suárez;41713496;Villa Ojo de Agua;Excel;Capacitación;40;2;Saturday
1495;381;6;2026-09-24;Presente;Canva;9;Ana;Fernández;36634857;Pinto;Canva;Capacitación;43;9;Thursday
1496;152;34;2026-02-24;Presente;Word;2;Lucía;Díaz;44200134;Añatuya;Word;Capacitación;47;2;Tuesday
1497;104;20;2026-08-09;Presente;Ciudadanía Digital;8;Carlos;Pérez;48271193;Bandera;Ciudadanía Digital;Capacitación;31;8;Sunday
1498;91;29;2026-09-07;Presente;Impresión 3D;9;Micaela;Díaz;31377676;Pinto;Impresión 3D;Capacitación;39;9;Monday
1499;484;18;2026-08-17;Presente;Robótica;8;Juan;Díaz;32740420;Bandera;Robótica;Capacitación;36;8;Monday
1500;283;5;2026-06-17;Presente;PowerPoint;6;Carlos;Martínez;30268583;Pinto;PowerPoint;Capacitación;34;6;Wednesday
1501;463;22;2026-02-08;Presente;Python;2;Sofía;Suárez;48624116;Sumampa;Python;Capacitación;36;2;Sunday
1502;98;9;2026-08-22;Presente;Impresión 3D;8;Sofía;Martínez;40269401;Villa Ojo de Agua;Impresión 3D;Capacitación;38;8;Saturday
1503;384;50;2026-01-05;Presente;Ciudadanía Digital;1;María;Pérez;34122685;Sumampa;Ciudadanía Digital;Capacitación;34;1;Monday
1504;137;18;2026-04-08;Presente;Robótica;4;Sofía;López;38637807;Villa Ojo de Agua;Robótica;Capacitación;36;4;Wednesday
1505;136;32;2026-09-03;Presente;Python;9;Ana;Rodríguez;37994853;Los Telares;Python;Capacitación;26;9;Thursday
1506;305;7;2026-06-19;Presente;Marketing Digital;6;Sofía;Rodríguez;42902455;Pinto;Marketing Digital;Capacitación;34;6;Friday
1507;168;13;2026-02-17;Presente;Excel;2;María;López;30273292;Añatuya;Excel;Capacitación;25;2;Tuesday
1508;365;31;2026-04-22;Presente;Alfabetización Digital;4;Carlos;Rodríguez;44425040;Los Telares;Alfabetización Digital;Capacitación;45;4;Wednesday
1509;269;39;2026-06-05;Presente;Impresión 3D;6;Ana;Gómez;48931081;Sumampa;Impresión 3D;Capacitación;25;6;Friday
1510;196;15;2026-09-23;Presente;PowerPoint;9;Lucía;Martínez;36335303;Sumampa;PowerPoint;Capacitación;38;9;Wednesday
1511;291;28;2026-12-16;Presente;Robótica;12;Juan;Fernández;34004297;Villa Ojo de Agua;Robótica;Capacitación;21;12;Wednesday
1512;402;26;2026-09-03;Presente;Canva;9;Micaela;Gómez;49302982;Añatuya;Canva;Capacitación;35;9;Thursday
1513;370;50;2026-02-27;Presente;Ciudadanía Digital;2;José;Gómez;30716136;Los Telares;Ciudadanía Digital;Capacitación;34;2;Friday
1514;267;49;2026-07-15;Presente;Impresión 3D;7;Lucía;Rojas;32560612;Añatuya;Impresión 3D;Capacitación;23;7;Wednesday
1515;141;46;2026-09-14;Presente;Canva;9;María;Pérez;45909630;Sol de Julio;Canva;Capacitación;35;9;Monday
1516;3;38;2026-06-27;Presente;Robótica;6;Carlos;Rodríguez;30325753;Sol de Julio;Robótica;Capacitación;39;6;Saturday
1517;122;15;2026-07-20;Presente;PowerPoint;7;José;Suárez;45134153;Bandera;PowerPoint;Capacitación;38;7;Monday
1518;291;39;2026-02-28;Presente;Impresión 3D;2;Juan;Fernández;34004297;Villa Ojo de Agua;Impresión 3D;Capacitación;25;2;Saturday
1519;272;6;2026-07-08;Presente;Canva;7;Pedro;Rojas;43419469;Los Telares;Canva;Capacitación;43;7;Wednesday
1520;325;35;2026-02-17;Presente;PowerPoint;2;Lucía;Fernández;48684879;Sumampa;PowerPoint;Capacitación;35;2;Tuesday
1521;175;30;2026-02-20;Presente;Ciudadanía Digital;2;Carlos;Rodríguez;30196596;Villa Ojo de Agua;Ciudadanía Digital;Capacitación;33;2;Friday
1522;430;11;2026-03-06;Presente;Alfabetización Digital;3;Lucía;Suárez;49080690;Sumampa;Alfabetización Digital;Capacitación;44;3;Friday
1523;204;46;2026-01-25;Presente;Canva;1;José;Martínez;40803047;Bandera;Canva;Capacitación;35;1;Sunday
1524;5;18;2026-03-06;Presente;Robótica;3;Pedro;Suárez;31889133;Sumampa;Robótica;Capacitación;36;3;Friday
1525;339;16;2026-08-14;Presente;Canva;8;Pedro;Díaz;35608041;Sol de Julio;Canva;Capacitación;35;8;Friday
1526;119;14;2026-03-24;Presente;Word;3;Pedro;Martínez;47055400;Villa Ojo de Agua;Word;Capacitación;27;3;Tuesday
1527;469;31;2026-09-26;Presente;Alfabetización Digital;9;Carlos;Rodríguez;46774324;Los Telares;Alfabetización Digital;Capacitación;45;9;Saturday
1528;33;26;2026-10-02;Presente;Canva;10;Carlos;Torres;41233149;Sol de Julio;Canva;Capacitación;35;10;Friday
1529;154;14;2026-03-15;Presente;Word;3;Juan;Rojas;47875722;Sumampa;Word;Capacitación;27;3;Sunday
1530;19;7;2026-01-23;Presente;Marketing Digital;1;José;Suárez;40104801;Sol de Julio;Marketing Digital;Capacitación;34;1;Friday
1531;365;22;2026-08-18;Presente;Python;8;Carlos;Rodríguez;44425040;Los Telares;Python;Capacitación;36;8;Tuesday
1532;330;29;2026-08-11;Presente;Impresión 3D;8;Sofía;Fernández;49387781;Sumampa;Impresión 3D;Capacitación;39;8;Tuesday
1533;475;14;2026-11-19;Presente;Word;11;José;Rojas;45856757;Sol de Julio;Word;Capacitación;27;11;Thursday
1534;419;40;2026-07-14;Presente;Ciudadanía Digital;7;Luis;López;37308945;Bandera;Ciudadanía Digital;Capacitación;38;7;Tuesday
1535;448;50;2026-05-23;Presente;Ciudadanía Digital;5;Carlos;Martínez;49200319;Los Telares;Ciudadanía Digital;Capacitación;34;5;Saturday
1536;5;9;2026-04-06;Presente;Impresión 3D;4;Pedro;Suárez;31889133;Sumampa;Impresión 3D;Capacitación;38;4;Monday
1537;466;34;2026-11-11;Presente;Word;11;Micaela;Rodríguez;36125111;Los Telares;Word;Capacitación;47;11;Wednesday
1538;26;5;2026-04-18;Presente;PowerPoint;4;María;Martínez;31156450;Sumampa;PowerPoint;Capacitación;34;4;Saturday
1539;183;36;2026-05-08;Presente;Canva;5;Juan;Rodríguez;44320473;Bandera;Canva;Capacitación;20;5;Friday
1540;257;37;2026-02-08;Presente;Marketing Digital;2;Sofía;Martínez;40738418;Añatuya;Marketing Digital;Capacitación;26;2;Sunday
1541;173;8;2026-10-05;Presente;Robótica;10;María;Martínez;45185439;Villa Ojo de Agua;Robótica;Capacitación;35;10;Monday
1542;26;14;2026-12-09;Presente;Word;12;María;Martínez;31156450;Sumampa;Word;Capacitación;27;12;Wednesday
1543;165;34;2026-09-17;Presente;Word;9;Juan;Fernández;41577089;Sumampa;Word;Capacitación;47;9;Thursday
1544;334;41;2026-01-01;Presente;Alfabetización Digital;1;María;Rojas;35501674;Sol de Julio;Alfabetización Digital;Capacitación;40;1;Thursday
1545;321;48;2026-02-19;Presente;Robótica;2;Sofía;Díaz;32260564;Los Telares;Robótica;Capacitación;24;2;Thursday
1546;276;31;2026-02-19;Presente;Alfabetización Digital;2;María;López;34038029;Sumampa;Alfabetización Digital;Capacitación;45;2;Thursday
1547;367;49;2026-09-04;Presente;Impresión 3D;9;María;Díaz;48185595;Pinto;Impresión 3D;Capacitación;23;9;Friday
1548;314;49;2026-03-27;Presente;Impresión 3D;3;Luis;López;33954006;Bandera;Impresión 3D;Capacitación;23;3;Friday
1549;392;24;2026-11-06;Presente;Word;11;José;López;47560747;Añatuya;Word;Capacitación;23;11;Friday
1550;236;29;2026-11-14;Presente;Impresión 3D;11;José;Torres;31858957;Añatuya;Impresión 3D;Capacitación;39;11;Saturday
1551;331;47;2026-10-28;Presente;Marketing Digital;10;María;Rodríguez;35098078;Añatuya;Marketing Digital;Capacitación;33;10;Wednesday
1552;480;14;2026-09-20;Presente;Word;9;José;Rodríguez;34762156;Pinto;Word;Capacitación;27;9;Sunday
1553;499;16;2026-01-11;Presente;Canva;1;Juan;Fernández;40503084;Bandera;Canva;Capacitación;35;1;Sunday
1554;402;41;2026-08-03;Presente;Alfabetización Digital;8;Micaela;Gómez;49302982;Añatuya;Alfabetización Digital;Capacitación;40;8;Monday
1555;221;44;2026-06-12;Presente;Word;6;Sofía;Suárez;36376999;Sumampa;Word;Capacitación;47;6;Friday
1556;331;30;2026-06-10;Presente;Ciudadanía Digital;6;María;Rodríguez;35098078;Añatuya;Ciudadanía Digital;Capacitación;33;6;Wednesday
1557;274;18;2026-12-27;Presente;Robótica;12;José;Torres;46015365;Bandera;Robótica;Capacitación;36;12;Sunday
1558;101;31;2026-04-23;Presente;Alfabetización Digital;4;Micaela;Díaz;37475483;Bandera;Alfabetización Digital;Capacitación;45;4;Thursday
1559;210;35;2026-09-16;Presente;PowerPoint;9;Pedro;Rojas;45951640;Bandera;PowerPoint;Capacitación;35;9;Wednesday
1560;461;20;2026-07-20;Presente;Ciudadanía Digital;7;Juan;López;38542540;Añatuya;Ciudadanía Digital;Capacitación;31;7;Monday
1561;346;12;2026-06-01;Presente;Python;6;Luis;Pérez;48962966;Sol de Julio;Python;Capacitación;35;6;Monday
1562;458;4;2026-07-07;Presente;Word;7;Micaela;Fernández;39265777;Sol de Julio;Word;Capacitación;46;7;Tuesday
1563;4;5;2026-06-28;Presente;PowerPoint;6;Sofía;Suárez;37031326;Sol de Julio;PowerPoint;Capacitación;34;6;Sunday
1564;59;46;2026-01-13;Presente;Canva;1;Juan;Torres;39922739;Bandera;Canva;Capacitación;35;1;Tuesday
1565;244;12;2026-11-14;Presente;Python;11;Micaela;Rodríguez;37687649;Sumampa;Python;Capacitación;35;11;Saturday
1566;143;3;2026-05-28;Presente;Excel;5;José;Martínez;33418383;Bandera;Excel;Capacitación;40;5;Thursday
1567;476;42;2026-03-23;Presente;Python;3;Ana;Rojas;45760368;Sol de Julio;Python;Capacitación;29;3;Monday
1568;285;10;2026-10-01;Presente;Ciudadanía Digital;10;Lucía;Díaz;45339213;Añatuya;Ciudadanía Digital;Capacitación;31;10;Thursday
1569;50;18;2026-03-07;Presente;Robótica;3;José;Suárez;43768738;Pinto;Robótica;Capacitación;36;3;Saturday
1570;38;44;2026-08-07;Presente;Word;8;Lucía;Fernández;34774425;Añatuya;Word;Capacitación;47;8;Friday
1571;188;3;2026-06-03;Presente;Excel;6;Luis;Suárez;46669122;Sol de Julio;Excel;Capacitación;40;6;Wednesday
1572;129;22;2026-05-18;Presente;Python;5;Ana;Díaz;42838150;Bandera;Python;Capacitación;36;5;Monday
1573;445;49;2026-06-10;Presente;Impresión 3D;6;Lucía;López;37276131;Sol de Julio;Impresión 3D;Capacitación;23;6;Wednesday
1574;300;39;2026-12-07;Presente;Impresión 3D;12;Micaela;Fernández;39906094;Sol de Julio;Impresión 3D;Capacitación;25;12;Monday
1575;462;49;2026-11-27;Presente;Impresión 3D;11;Sofía;Rojas;33581517;Sumampa;Impresión 3D;Capacitación;23;11;Friday
1576;59;36;2026-04-16;Presente;Canva;4;Juan;Torres;39922739;Bandera;Canva;Capacitación;20;4;Thursday
1577;218;17;2026-01-04;Presente;Marketing Digital;1;Micaela;Díaz;46165817;Bandera;Marketing Digital;Capacitación;24;1;Sunday
1578;133;13;2026-12-26;Presente;Excel;12;Juan;Rojas;45817015;Villa Ojo de Agua;Excel;Capacitación;25;12;Saturday
1579;184;27;2026-06-28;Presente;Marketing Digital;6;Luis;Martínez;48364429;Sol de Julio;Marketing Digital;Capacitación;38;6;Sunday
1580;450;3;2026-06-27;Presente;Excel;6;Pedro;Díaz;41853911;Sol de Julio;Excel;Capacitación;40;6;Saturday
1581;299;14;2026-09-13;Presente;Word;9;María;Fernández;46089256;Villa Ojo de Agua;Word;Capacitación;27;9;Sunday
1582;328;27;2026-04-15;Presente;Marketing Digital;4;Carlos;Gómez;36118998;Villa Ojo de Agua;Marketing Digital;Capacitación;38;4;Wednesday
1583;443;36;2026-09-27;Presente;Canva;9;Lucía;Rojas;31886522;Añatuya;Canva;Capacitación;20;9;Sunday
1584;404;37;2026-04-28;Presente;Marketing Digital;4;María;López;37032574;Bandera;Marketing Digital;Capacitación;26;4;Tuesday
1585;118;29;2026-11-15;Presente;Impresión 3D;11;Juan;Suárez;46692486;Pinto;Impresión 3D;Capacitación;39;11;Sunday
1586;71;20;2026-08-24;Presente;Ciudadanía Digital;8;María;Gómez;36010764;Sumampa;Ciudadanía Digital;Capacitación;31;8;Monday
1587;321;42;2026-01-01;Presente;Python;1;Sofía;Díaz;32260564;Los Telares;Python;Capacitación;29;1;Thursday
1588;296;21;2026-01-10;Presente;Alfabetización Digital;1;Micaela;Torres;49602855;Sumampa;Alfabetización Digital;Capacitación;23;1;Saturday
1589;163;26;2026-04-14;Presente;Canva;4;María;Martínez;46323459;Sumampa;Canva;Capacitación;35;4;Tuesday
1590;328;43;2026-03-16;Presente;Excel;3;Carlos;Gómez;36118998;Villa Ojo de Agua;Excel;Capacitación;21;3;Monday
1591;175;3;2026-11-01;Presente;Excel;11;Carlos;Rodríguez;30196596;Villa Ojo de Agua;Excel;Capacitación;40;11;Sunday
1592;4;47;2026-12-04;Presente;Marketing Digital;12;Sofía;Suárez;37031326;Sol de Julio;Marketing Digital;Capacitación;33;12;Friday
1593;130;27;2026-02-24;Presente;Marketing Digital;2;Lucía;Díaz;48099532;Bandera;Marketing Digital;Capacitación;38;2;Tuesday
1594;204;1;2026-06-27;Presente;Alfabetización Digital;6;José;Martínez;40803047;Bandera;Alfabetización Digital;Capacitación;27;6;Saturday
1595;227;20;2026-10-08;Presente;Ciudadanía Digital;10;Micaela;López;44143280;Sumampa;Ciudadanía Digital;Capacitación;31;10;Thursday
1596;118;42;2026-11-24;Presente;Python;11;Juan;Suárez;46692486;Pinto;Python;Capacitación;29;11;Tuesday
1597;371;36;2026-07-08;Presente;Canva;7;José;Rodríguez;38671319;Villa Ojo de Agua;Canva;Capacitación;20;7;Wednesday
1598;79;26;2026-08-10;Presente;Canva;8;Ana;Suárez;35571205;Villa Ojo de Agua;Canva;Capacitación;35;8;Monday
1599;482;30;2026-09-21;Presente;Ciudadanía Digital;9;Carlos;Fernández;32551781;Villa Ojo de Agua;Ciudadanía Digital;Capacitación;33;9;Monday
1600;406;16;2026-09-22;Presente;Canva;9;Ana;Pérez;40396225;Sol de Julio;Canva;Capacitación;35;9;Tuesday
1601;459;11;2026-04-04;Presente;Alfabetización Digital;4;Sofía;Gómez;33077473;Bandera;Alfabetización Digital;Capacitación;44;4;Saturday
1602;342;38;2026-07-03;Presente;Robótica;7;Ana;Fernández;33465896;Pinto;Robótica;Capacitación;39;7;Friday
1603;106;44;2026-07-04;Presente;Word;7;Ana;Fernández;49407005;Los Telares;Word;Capacitación;47;7;Saturday
1604;422;33;2026-09-17;Presente;Excel;9;Micaela;Gómez;47438257;Bandera;Excel;Capacitación;24;9;Thursday
1605;405;7;2026-01-11;Presente;Marketing Digital;1;José;Rodríguez;33387612;Bandera;Marketing Digital;Capacitación;34;1;Sunday
1606;279;38;2026-06-15;Presente;Robótica;6;Luis;Martínez;47810748;Sumampa;Robótica;Capacitación;39;6;Monday
1607;287;41;2026-09-22;Presente;Alfabetización Digital;9;Pedro;Pérez;39576398;Pinto;Alfabetización Digital;Capacitación;40;9;Tuesday
1608;395;14;2026-10-23;Presente;Word;10;Micaela;Rodríguez;49586214;Sol de Julio;Word;Capacitación;27;10;Friday
1609;188;2;2026-07-18;Presente;Python;7;Luis;Suárez;46669122;Sol de Julio;Python;Capacitación;21;7;Saturday
1610;94;45;2026-08-09;Presente;PowerPoint;8;Luis;Torres;33998465;Pinto;PowerPoint;Capacitación;40;8;Sunday
1611;458;28;2026-02-20;Presente;Robótica;2;Micaela;Fernández;39265777;Sol de Julio;Robótica;Capacitación;21;2;Friday
1612;336;16;2026-06-27;Presente;Canva;6;Lucía;Rodríguez;38467996;Bandera;Canva;Capacitación;35;6;Saturday
1613;479;20;2026-03-20;Presente;Ciudadanía Digital;3;Pedro;Rojas;33574026;Añatuya;Ciudadanía Digital;Capacitación;31;3;Friday
1614;269;13;2026-09-21;Presente;Excel;9;Ana;Gómez;48931081;Sumampa;Excel;Capacitación;25;9;Monday
1615;268;35;2026-10-27;Presente;PowerPoint;10;Carlos;López;41336292;Bandera;PowerPoint;Capacitación;35;10;Tuesday
1616;44;32;2026-04-12;Presente;Python;4;Luis;López;30894205;Sol de Julio;Python;Capacitación;26;4;Sunday
1617;50;22;2026-08-02;Presente;Python;8;José;Suárez;43768738;Pinto;Python;Capacitación;36;8;Sunday
1618;436;27;2026-02-23;Presente;Marketing Digital;2;María;Gómez;35347310;Sol de Julio;Marketing Digital;Capacitación;38;2;Monday
1619;141;7;2026-02-08;Presente;Marketing Digital;2;María;Pérez;45909630;Sol de Julio;Marketing Digital;Capacitación;34;2;Sunday
1620;121;3;2026-11-01;Presente;Excel;11;Lucía;López;48531995;Sumampa;Excel;Capacitación;40;11;Sunday
1621;219;49;2026-03-27;Presente;Impresión 3D;3;María;Pérez;39897855;Sumampa;Impresión 3D;Capacitación;23;3;Friday
1622;78;19;2026-12-14;Presente;Impresión 3D;12;Carlos;Rodríguez;46539592;Los Telares;Impresión 3D;Capacitación;45;12;Monday
1623;255;5;2026-05-20;Presente;PowerPoint;5;Pedro;Suárez;40367063;Añatuya;PowerPoint;Capacitación;34;5;Wednesday
1624;236;19;2026-10-14;Presente;Impresión 3D;10;José;Torres;31858957;Añatuya;Impresión 3D;Capacitación;45;10;Wednesday
1625;468;3;2026-05-24;Presente;Excel;5;Juan;Torres;47979558;Pinto;Excel;Capacitación;40;5;Sunday
1626;88;2;2026-12-13;Presente;Python;12;María;Suárez;31300286;Bandera;Python;Capacitación;21;12;Sunday
1627;236;5;2026-05-11;Presente;PowerPoint;5;José;Torres;31858957;Añatuya;PowerPoint;Capacitación;34;5;Monday
1628;183;18;2026-04-23;Presente;Robótica;4;Juan;Rodríguez;44320473;Bandera;Robótica;Capacitación;36;4;Thursday
1629;185;8;2026-02-16;Presente;Robótica;2;José;Rodríguez;32154666;Sumampa;Robótica;Capacitación;35;2;Monday
1630;47;10;2026-07-12;Presente;Ciudadanía Digital;7;Micaela;Rodríguez;36965594;Pinto;Ciudadanía Digital;Capacitación;31;7;Sunday
1631;245;21;2026-10-17;Presente;Alfabetización Digital;10;Juan;Torres;39038369;Villa Ojo de Agua;Alfabetización Digital;Capacitación;23;10;Saturday
1632;214;15;2026-04-18;Presente;PowerPoint;4;José;Suárez;30991429;Los Telares;PowerPoint;Capacitación;38;4;Saturday
1633;311;15;2026-02-13;Presente;PowerPoint;2;José;Fernández;48785176;Pinto;PowerPoint;Capacitación;38;2;Friday
1634;166;1;2026-01-28;Presente;Alfabetización Digital;1;Luis;Rodríguez;42105075;Villa Ojo de Agua;Alfabetización Digital;Capacitación;27;1;Wednesday
1635;282;50;2026-12-22;Presente;Ciudadanía Digital;12;Micaela;Fernández;49933289;Los Telares;Ciudadanía Digital;Capacitación;34;12;Tuesday
1636;5;6;2026-06-27;Presente;Canva;6;Pedro;Suárez;31889133;Sumampa;Canva;Capacitación;43;6;Saturday
1637;267;26;2026-08-13;Presente;Canva;8;Lucía;Rojas;32560612;Añatuya;Canva;Capacitación;35;8;Thursday
1638;206;43;2026-11-15;Presente;Excel;11;Juan;López;30249224;Los Telares;Excel;Capacitación;21;11;Sunday
1639;77;7;2026-02-25;Presente;Marketing Digital;2;José;Martínez;41096760;Sumampa;Marketing Digital;Capacitación;34;2;Wednesday
1640;256;48;2026-06-22;Presente;Robótica;6;Micaela;Suárez;36792821;Sumampa;Robótica;Capacitación;24;6;Monday
1641;399;14;2026-12-23;Presente;Word;12;Ana;Díaz;42468635;Los Telares;Word;Capacitación;27;12;Wednesday
1642;22;12;2026-07-19;Presente;Python;7;Carlos;Pérez;39895465;Pinto;Python;Capacitación;35;7;Sunday
1643;440;12;2026-07-10;Presente;Python;7;María;Torres;43927582;Bandera;Python;Capacitación;35;7;Friday
1644;123;35;2026-05-25;Presente;PowerPoint;5;Ana;Gómez;46780935;Añatuya;PowerPoint;Capacitación;35;5;Monday
1645;379;1;2026-08-04;Presente;Alfabetización Digital;8;José;Rojas;42064078;Sol de Julio;Alfabetización Digital;Capacitación;27;8;Tuesday
1646;207;14;2026-07-15;Presente;Word;7;Micaela;Pérez;39788688;Los Telares;Word;Capacitación;27;7;Wednesday
1647;474;42;2026-04-27;Presente;Python;4;Pedro;Martínez;37822917;Bandera;Python;Capacitación;29;4;Monday
1648;206;43;2026-10-28;Presente;Excel;10;Juan;López;30249224;Los Telares;Excel;Capacitación;21;10;Wednesday
1649;177;26;2026-01-11;Presente;Canva;1;María;Díaz;42371436;Bandera;Canva;Capacitación;35;1;Sunday
1650;126;21;2026-10-05;Presente;Alfabetización Digital;10;José;Gómez;34538769;Bandera;Alfabetización Digital;Capacitación;23;10;Monday
1651;136;14;2026-01-22;Presente;Word;1;Ana;Rodríguez;37994853;Los Telares;Word;Capacitación;27;1;Thursday
1652;208;27;2026-06-24;Presente;Marketing Digital;6;Lucía;Rojas;32856465;Sumampa;Marketing Digital;Capacitación;38;6;Wednesday
1653;351;7;2026-05-26;Presente;Marketing Digital;5;Carlos;Pérez;34716976;Pinto;Marketing Digital;Capacitación;34;5;Tuesday
1654;441;20;2026-09-07;Presente;Ciudadanía Digital;9;Sofía;Martínez;37199922;Sumampa;Ciudadanía Digital;Capacitación;31;9;Monday
1655;118;29;2026-01-22;Presente;Impresión 3D;1;Juan;Suárez;46692486;Pinto;Impresión 3D;Capacitación;39;1;Thursday
1656;29;18;2026-06-23;Presente;Robótica;6;Juan;Pérez;43363767;Villa Ojo de Agua;Robótica;Capacitación;36;6;Tuesday
1657;380;45;2026-02-25;Presente;PowerPoint;2;María;López;49506471;Los Telares;PowerPoint;Capacitación;40;2;Wednesday
1658;171;18;2026-09-24;Presente;Robótica;9;José;Díaz;32323268;Pinto;Robótica;Capacitación;36;9;Thursday
1659;427;2;2026-10-25;Presente;Python;10;Lucía;Rodríguez;35304029;Bandera;Python;Capacitación;21;10;Sunday
1660;49;35;2026-10-24;Presente;PowerPoint;10;Pedro;Suárez;31247480;Villa Ojo de Agua;PowerPoint;Capacitación;35;10;Saturday
1661;159;18;2026-03-02;Presente;Robótica;3;Luis;López;44606655;Los Telares;Robótica;Capacitación;36;3;Monday
1662;175;33;2026-03-24;Presente;Excel;3;Carlos;Rodríguez;30196596;Villa Ojo de Agua;Excel;Capacitación;24;3;Tuesday
1663;319;49;2026-09-19;Presente;Impresión 3D;9;Micaela;Torres;44875517;Villa Ojo de Agua;Impresión 3D;Capacitación;23;9;Saturday
1664;371;14;2026-09-07;Presente;Word;9;José;Rodríguez;38671319;Villa Ojo de Agua;Word;Capacitación;27;9;Monday
1665;46;3;2026-06-04;Presente;Excel;6;Micaela;Gómez;36582935;Sumampa;Excel;Capacitación;40;6;Thursday
1666;242;17;2026-09-10;Presente;Marketing Digital;9;Pedro;Díaz;48631370;Los Telares;Marketing Digital;Capacitación;24;9;Thursday
1667;19;40;2026-03-10;Presente;Ciudadanía Digital;3;José;Suárez;40104801;Sol de Julio;Ciudadanía Digital;Capacitación;38;3;Tuesday
1668;436;25;2026-08-16;Presente;PowerPoint;8;María;Gómez;35347310;Sol de Julio;PowerPoint;Capacitación;25;8;Sunday
1669;180;43;2026-05-08;Presente;Excel;5;Carlos;Rojas;32607251;Sol de Julio;Excel;Capacitación;21;5;Friday
1670;426;50;2026-02-18;Presente;Ciudadanía Digital;2;Ana;Fernández;41005250;Añatuya;Ciudadanía Digital;Capacitación;34;2;Wednesday
1671;50;27;2026-02-24;Presente;Marketing Digital;2;José;Suárez;43768738;Pinto;Marketing Digital;Capacitación;38;2;Tuesday
1672;294;23;2026-08-08;Presente;Excel;8;Luis;Suárez;41259253;Los Telares;Excel;Capacitación;38;8;Saturday
1673;346;11;2026-03-08;Presente;Alfabetización Digital;3;Luis;Pérez;48962966;Sol de Julio;Alfabetización Digital;Capacitación;44;3;Sunday
1674;22;1;2026-08-03;Presente;Alfabetización Digital;8;Carlos;Pérez;39895465;Pinto;Alfabetización Digital;Capacitación;27;8;Monday
1675;348;46;2026-01-04;Presente;Canva;1;Ana;López;39751028;Los Telares;Canva;Capacitación;35;1;Sunday
1676;167;16;2026-01-08;Presente;Canva;1;Carlos;López;43851567;Añatuya;Canva;Capacitación;35;1;Thursday
1677;73;40;2026-11-09;Presente;Ciudadanía Digital;11;Sofía;Fernández;43663794;Añatuya;Ciudadanía Digital;Capacitación;38;11;Monday
1678;185;15;2026-12-22;Presente;PowerPoint;12;José;Rodríguez;32154666;Sumampa;PowerPoint;Capacitación;38;12;Tuesday
1679;499;26;2026-08-01;Presente;Canva;8;Juan;Fernández;40503084;Bandera;Canva;Capacitación;35;8;Saturday
1680;16;28;2026-09-13;Presente;Robótica;9;Sofía;López;36987092;Villa Ojo de Agua;Robótica;Capacitación;21;9;Sunday
1681;17;31;2026-06-09;Presente;Alfabetización Digital;6;María;Martínez;33869334;Los Telares;Alfabetización Digital;Capacitación;45;6;Tuesday
1682;11;18;2026-06-02;Presente;Robótica;6;Lucía;Díaz;37880355;Villa Ojo de Agua;Robótica;Capacitación;36;6;Tuesday
1683;173;33;2026-07-18;Presente;Excel;7;María;Martínez;45185439;Villa Ojo de Agua;Excel;Capacitación;24;7;Saturday
1684;165;47;2026-07-07;Presente;Marketing Digital;7;Juan;Fernández;41577089;Sumampa;Marketing Digital;Capacitación;33;7;Tuesday
1685;4;22;2026-02-23;Presente;Python;2;Sofía;Suárez;37031326;Sol de Julio;Python;Capacitación;36;2;Monday
1686;105;26;2026-04-20;Presente;Canva;4;Pedro;Suárez;46677715;Añatuya;Canva;Capacitación;35;4;Monday
1687;109;4;2026-01-25;Presente;Word;1;María;Fernández;46506589;Pinto;Word;Capacitación;46;1;Sunday
1688;91;36;2026-04-03;Presente;Canva;4;Micaela;Díaz;31377676;Pinto;Canva;Capacitación;20;4;Friday
1689;80;1;2026-11-10;Presente;Alfabetización Digital;11;Sofía;Rojas;44764418;Sol de Julio;Alfabetización Digital;Capacitación;27;11;Tuesday
1690;253;28;2026-09-15;Presente;Robótica;9;Sofía;Martínez;33035713;Villa Ojo de Agua;Robótica;Capacitación;21;9;Tuesday
1691;247;33;2026-03-28;Presente;Excel;3;José;Martínez;44910524;Pinto;Excel;Capacitación;24;3;Saturday
1692;157;38;2026-05-23;Presente;Robótica;5;José;Gómez;37717966;Bandera;Robótica;Capacitación;39;5;Saturday
1693;50;21;2026-10-05;Presente;Alfabetización Digital;10;José;Suárez;43768738;Pinto;Alfabetización Digital;Capacitación;23;10;Monday
1694;285;8;2026-10-19;Presente;Robótica;10;Lucía;Díaz;45339213;Añatuya;Robótica;Capacitación;35;10;Monday
1695;85;19;2026-11-22;Presente;Impresión 3D;11;Lucía;Díaz;34800578;Sol de Julio;Impresión 3D;Capacitación;45;11;Sunday
1696;152;46;2026-02-15;Presente;Canva;2;Lucía;Díaz;44200134;Añatuya;Canva;Capacitación;35;2;Sunday
1697;188;38;2026-01-17;Presente;Robótica;1;Luis;Suárez;46669122;Sol de Julio;Robótica;Capacitación;39;1;Saturday
1698;57;26;2026-06-05;Presente;Canva;6;María;Rodríguez;45641881;Villa Ojo de Agua;Canva;Capacitación;35;6;Friday
1699;418;29;2026-02-27;Presente;Impresión 3D;2;Pedro;Gómez;30873779;Añatuya;Impresión 3D;Capacitación;39;2;Friday
1700;49;16;2026-08-24;Presente;Canva;8;Pedro;Suárez;31247480;Villa Ojo de Agua;Canva;Capacitación;35;8;Monday
1701;369;35;2026-06-01;Presente;PowerPoint;6;José;Torres;43632221;Bandera;PowerPoint;Capacitación;35;6;Monday
1702;65;49;2026-12-06;Presente;Impresión 3D;12;Juan;López;49619964;Pinto;Impresión 3D;Capacitación;23;12;Sunday
1703;229;11;2026-01-02;Presente;Alfabetización Digital;1;María;Díaz;35622201;Sumampa;Alfabetización Digital;Capacitación;44;1;Friday
1704;195;9;2026-06-17;Presente;Impresión 3D;6;Ana;Martínez;35333448;Pinto;Impresión 3D;Capacitación;38;6;Wednesday
1705;452;38;2026-03-17;Presente;Robótica;3;Pedro;Rojas;33723718;Los Telares;Robótica;Capacitación;39;3;Tuesday
1706;416;6;2026-08-22;Presente;Canva;8;María;Díaz;46685403;Bandera;Canva;Capacitación;43;8;Saturday
1707;272;19;2026-06-26;Presente;Impresión 3D;6;Pedro;Rojas;43419469;Los Telares;Impresión 3D;Capacitación;45;6;Friday
1708;36;28;2026-02-17;Presente;Robótica;2;Juan;Gómez;41774348;Pinto;Robótica;Capacitación;21;2;Tuesday
1709;481;23;2026-10-21;Presente;Excel;10;Micaela;Rodríguez;45424992;Villa Ojo de Agua;Excel;Capacitación;38;10;Wednesday
1710;13;36;2026-06-02;Presente;Canva;6;María;Pérez;39085013;Bandera;Canva;Capacitación;20;6;Tuesday
1711;344;50;2026-04-07;Presente;Ciudadanía Digital;4;Ana;Rojas;33857891;Villa Ojo de Agua;Ciudadanía Digital;Capacitación;34;4;Tuesday
1712;344;36;2026-01-26;Presente;Canva;1;Ana;Rojas;33857891;Villa Ojo de Agua;Canva;Capacitación;20;1;Monday
1713;490;27;2026-05-16;Presente;Marketing Digital;5;Luis;Fernández;34322199;Villa Ojo de Agua;Marketing Digital;Capacitación;38;5;Saturday
1714;340;2;2026-10-18;Presente;Python;10;Lucía;Díaz;41417859;Añatuya;Python;Capacitación;21;10;Sunday
1715;426;46;2026-11-15;Presente;Canva;11;Ana;Fernández;41005250;Añatuya;Canva;Capacitación;35;11;Sunday
1716;390;17;2026-02-20;Presente;Marketing Digital;2;Luis;Díaz;40944493;Los Telares;Marketing Digital;Capacitación;24;2;Friday
1717;440;50;2026-10-25;Presente;Ciudadanía Digital;10;María;Torres;43927582;Bandera;Ciudadanía Digital;Capacitación;34;10;Sunday
1718;335;13;2026-04-13;Presente;Excel;4;María;Pérez;45956848;Pinto;Excel;Capacitación;25;4;Monday
1719;133;37;2026-04-13;Presente;Marketing Digital;4;Juan;Rojas;45817015;Villa Ojo de Agua;Marketing Digital;Capacitación;26;4;Monday
1720;410;18;2026-08-16;Presente;Robótica;8;José;Suárez;46411337;Pinto;Robótica;Capacitación;36;8;Sunday
1721;441;26;2026-01-25;Presente;Canva;1;Sofía;Martínez;37199922;Sumampa;Canva;Capacitación;35;1;Sunday
1722;469;19;2026-07-20;Presente;Impresión 3D;7;Carlos;Rodríguez;46774324;Los Telares;Impresión 3D;Capacitación;45;7;Monday
1723;390;38;2026-06-10;Presente;Robótica;6;Luis;Díaz;40944493;Los Telares;Robótica;Capacitación;39;6;Wednesday
1724;259;38;2026-06-01;Presente;Robótica;6;Lucía;Suárez;49939072;Añatuya;Robótica;Capacitación;39;6;Monday
1725;142;38;2026-09-17;Presente;Robótica;9;Lucía;Rodríguez;34191704;Añatuya;Robótica;Capacitación;39;9;Thursday
1726;495;43;2026-04-05;Presente;Excel;4;Sofía;López;46575642;Añatuya;Excel;Capacitación;21;4;Sunday
1727;372;30;2026-11-20;Presente;Ciudadanía Digital;11;Ana;Torres;45422344;Los Telares;Ciudadanía Digital;Capacitación;33;11;Friday
1728;455;48;2026-01-14;Presente;Robótica;1;Sofía;Rojas;38473329;Bandera;Robótica;Capacitación;24;1;Wednesday
1729;139;42;2026-01-01;Presente;Python;1;María;Rodríguez;35660678;Bandera;Python;Capacitación;29;1;Thursday
1730;374;46;2026-12-10;Presente;Canva;12;Lucía;Suárez;42782960;Pinto;Canva;Capacitación;35;12;Thursday
1731;139;47;2026-03-13;Presente;Marketing Digital;3;María;Rodríguez;35660678;Bandera;Marketing Digital;Capacitación;33;3;Friday
1732;107;21;2026-08-15;Presente;Alfabetización Digital;8;Sofía;Gómez;43976159;Los Telares;Alfabetización Digital;Capacitación;23;8;Saturday
1733;424;4;2026-04-19;Presente;Word;4;Pedro;Torres;41388547;Sumampa;Word;Capacitación;46;4;Sunday
1734;208;17;2026-07-28;Presente;Marketing Digital;7;Lucía;Rojas;32856465;Sumampa;Marketing Digital;Capacitación;24;7;Tuesday
1735;46;41;2026-09-13;Presente;Alfabetización Digital;9;Micaela;Gómez;36582935;Sumampa;Alfabetización Digital;Capacitación;40;9;Sunday
1736;240;31;2026-11-04;Presente;Alfabetización Digital;11;Sofía;Rodríguez;39792286;Pinto;Alfabetización Digital;Capacitación;45;11;Wednesday
1737;124;12;2026-04-11;Presente;Python;4;María;Fernández;48663357;Sumampa;Python;Capacitación;35;4;Saturday
1738;322;25;2026-03-04;Presente;PowerPoint;3;Lucía;Rojas;31384892;Pinto;PowerPoint;Capacitación;25;3;Wednesday
1739;54;2;2026-09-24;Presente;Python;9;Pedro;Martínez;48988061;Sol de Julio;Python;Capacitación;21;9;Thursday
1740;349;29;2026-12-24;Presente;Impresión 3D;12;Pedro;López;34660024;Añatuya;Impresión 3D;Capacitación;39;12;Thursday
1741;279;12;2026-04-13;Presente;Python;4;Luis;Martínez;47810748;Sumampa;Python;Capacitación;35;4;Monday
1742;462;21;2026-07-28;Presente;Alfabetización Digital;7;Sofía;Rojas;33581517;Sumampa;Alfabetización Digital;Capacitación;23;7;Tuesday
1743;65;20;2026-11-10;Presente;Ciudadanía Digital;11;Juan;López;49619964;Pinto;Ciudadanía Digital;Capacitación;31;11;Tuesday
1744;281;18;2026-05-12;Presente;Robótica;5;Lucía;Pérez;37061347;Los Telares;Robótica;Capacitación;36;5;Tuesday
1745;74;41;2026-09-11;Presente;Alfabetización Digital;9;Lucía;Suárez;43728390;Sumampa;Alfabetización Digital;Capacitación;40;9;Friday
1746;95;50;2026-11-23;Presente;Ciudadanía Digital;11;Micaela;Rodríguez;40630952;Los Telares;Ciudadanía Digital;Capacitación;34;11;Monday
1747;318;37;2026-12-03;Presente;Marketing Digital;12;Sofía;Rodríguez;38110079;Villa Ojo de Agua;Marketing Digital;Capacitación;26;12;Thursday
1748;48;48;2026-11-22;Presente;Robótica;11;Luis;Martínez;35327101;Villa Ojo de Agua;Robótica;Capacitación;24;11;Sunday
1749;95;33;2026-09-25;Presente;Excel;9;Micaela;Rodríguez;40630952;Los Telares;Excel;Capacitación;24;9;Friday
1750;381;15;2026-09-27;Presente;PowerPoint;9;Ana;Fernández;36634857;Pinto;PowerPoint;Capacitación;38;9;Sunday
1751;394;22;2026-03-09;Presente;Python;3;Micaela;Rodríguez;41192047;Sumampa;Python;Capacitación;36;3;Monday
1752;439;41;2026-07-17;Presente;Alfabetización Digital;7;Juan;Pérez;49757007;Bandera;Alfabetización Digital;Capacitación;40;7;Friday
1753;416;23;2026-08-04;Presente;Excel;8;María;Díaz;46685403;Bandera;Excel;Capacitación;38;8;Tuesday
1754;369;24;2026-05-24;Presente;Word;5;José;Torres;43632221;Bandera;Word;Capacitación;23;5;Sunday
1755;152;36;2026-11-03;Presente;Canva;11;Lucía;Díaz;44200134;Añatuya;Canva;Capacitación;20;11;Tuesday
1756;151;17;2026-06-26;Presente;Marketing Digital;6;Pedro;López;40456268;Villa Ojo de Agua;Marketing Digital;Capacitación;24;6;Friday
1757;56;46;2026-07-07;Presente;Canva;7;Micaela;Pérez;39350398;Pinto;Canva;Capacitación;35;7;Tuesday
1758;231;7;2026-12-11;Presente;Marketing Digital;12;Juan;Pérez;40829076;Añatuya;Marketing Digital;Capacitación;34;12;Friday
1759;235;4;2026-08-07;Presente;Word;8;Carlos;Rojas;44594486;Pinto;Word;Capacitación;46;8;Friday
1760;350;16;2026-09-02;Presente;Canva;9;Carlos;López;48211342;Villa Ojo de Agua;Canva;Capacitación;35;9;Wednesday
1761;419;48;2026-03-17;Presente;Robótica;3;Luis;López;37308945;Bandera;Robótica;Capacitación;24;3;Tuesday
1762;416;35;2026-09-09;Presente;PowerPoint;9;María;Díaz;46685403;Bandera;PowerPoint;Capacitación;35;9;Wednesday
1763;359;18;2026-07-11;Presente;Robótica;7;Sofía;Rojas;32790056;Sol de Julio;Robótica;Capacitación;36;7;Saturday
1764;328;16;2026-04-18;Presente;Canva;4;Carlos;Gómez;36118998;Villa Ojo de Agua;Canva;Capacitación;35;4;Saturday
1765;498;14;2026-12-24;Presente;Word;12;María;López;40258060;Sol de Julio;Word;Capacitación;27;12;Thursday
1766;57;35;2026-11-01;Presente;PowerPoint;11;María;Rodríguez;45641881;Villa Ojo de Agua;PowerPoint;Capacitación;35;11;Sunday
1767;17;12;2026-06-15;Presente;Python;6;María;Martínez;33869334;Los Telares;Python;Capacitación;35;6;Monday
1768;112;11;2026-04-19;Presente;Alfabetización Digital;4;Pedro;Fernández;40150282;Sumampa;Alfabetización Digital;Capacitación;44;4;Sunday
1769;334;35;2026-11-01;Presente;PowerPoint;11;María;Rojas;35501674;Sol de Julio;PowerPoint;Capacitación;35;11;Sunday
1770;119;43;2026-12-16;Presente;Excel;12;Pedro;Martínez;47055400;Villa Ojo de Agua;Excel;Capacitación;21;12;Wednesday
1771;414;18;2026-11-16;Presente;Robótica;11;Juan;Rojas;39781917;Villa Ojo de Agua;Robótica;Capacitación;36;11;Monday
1772;85;11;2026-06-24;Presente;Alfabetización Digital;6;Lucía;Díaz;34800578;Sol de Julio;Alfabetización Digital;Capacitación;44;6;Wednesday
1773;273;40;2026-02-15;Presente;Ciudadanía Digital;2;Luis;Torres;39076920;Bandera;Ciudadanía Digital;Capacitación;38;2;Sunday
1774;115;36;2026-11-20;Presente;Canva;11;Ana;Gómez;33023410;Los Telares;Canva;Capacitación;20;11;Friday
1775;77;22;2026-12-26;Presente;Python;12;José;Martínez;41096760;Sumampa;Python;Capacitación;36;12;Saturday
1776;184;41;2026-01-21;Presente;Alfabetización Digital;1;Luis;Martínez;48364429;Sol de Julio;Alfabetización Digital;Capacitación;40;1;Wednesday
1777;41;49;2026-04-05;Presente;Impresión 3D;4;María;Torres;36741949;Bandera;Impresión 3D;Capacitación;23;4;Sunday
1778;189;10;2026-06-15;Presente;Ciudadanía Digital;6;Luis;Gómez;46920536;Villa Ojo de Agua;Ciudadanía Digital;Capacitación;31;6;Monday
1779;159;30;2026-03-24;Presente;Ciudadanía Digital;3;Luis;López;44606655;Los Telares;Ciudadanía Digital;Capacitación;33;3;Tuesday
1780;86;48;2026-10-23;Presente;Robótica;10;Micaela;Torres;32077312;Añatuya;Robótica;Capacitación;24;10;Friday
1781;197;47;2026-04-17;Presente;Marketing Digital;4;José;López;46545920;Bandera;Marketing Digital;Capacitación;33;4;Friday
1782;97;37;2026-06-17;Presente;Marketing Digital;6;Carlos;Rojas;37140773;Pinto;Marketing Digital;Capacitación;26;6;Wednesday
1783;313;40;2026-02-16;Presente;Ciudadanía Digital;2;Juan;López;47027313;Pinto;Ciudadanía Digital;Capacitación;38;2;Monday
1784;196;38;2026-07-18;Presente;Robótica;7;Lucía;Martínez;36335303;Sumampa;Robótica;Capacitación;39;7;Saturday
1785;401;4;2026-10-23;Presente;Word;10;José;Martínez;41667360;Villa Ojo de Agua;Word;Capacitación;46;10;Friday
1786;447;25;2026-10-26;Presente;PowerPoint;10;Ana;Fernández;38101523;Pinto;PowerPoint;Capacitación;25;10;Monday
1787;311;16;2026-07-20;Presente;Canva;7;José;Fernández;48785176;Pinto;Canva;Capacitación;35;7;Monday
1788;371;27;2026-08-05;Presente;Marketing Digital;8;José;Rodríguez;38671319;Villa Ojo de Agua;Marketing Digital;Capacitación;38;8;Wednesday
1789;12;24;2026-07-28;Presente;Word;7;José;Pérez;41405296;Sumampa;Word;Capacitación;23;7;Tuesday
1790;139;37;2026-11-19;Presente;Marketing Digital;11;María;Rodríguez;35660678;Bandera;Marketing Digital;Capacitación;26;11;Thursday
1791;320;43;2026-07-23;Presente;Excel;7;Lucía;Fernández;42974179;Añatuya;Excel;Capacitación;21;7;Thursday
1792;460;29;2026-12-28;Presente;Impresión 3D;12;José;Rodríguez;36395011;Añatuya;Impresión 3D;Capacitación;39;12;Monday
1793;164;32;2026-07-14;Presente;Python;7;Micaela;Díaz;40799652;Pinto;Python;Capacitación;26;7;Tuesday
1794;266;6;2026-10-04;Presente;Canva;10;Juan;Fernández;47490307;Bandera;Canva;Capacitación;43;10;Sunday
1795;277;33;2026-09-13;Presente;Excel;9;Pedro;Suárez;49903175;Añatuya;Excel;Capacitación;24;9;Sunday
1796;133;25;2026-02-27;Presente;PowerPoint;2;Juan;Rojas;45817015;Villa Ojo de Agua;PowerPoint;Capacitación;25;2;Friday
1797;214;43;2026-08-07;Presente;Excel;8;José;Suárez;30991429;Los Telares;Excel;Capacitación;21;8;Friday
1798;248;30;2026-09-21;Presente;Ciudadanía Digital;9;Carlos;Torres;42912530;Los Telares;Ciudadanía Digital;Capacitación;33;9;Monday
1799;29;37;2026-02-05;Presente;Marketing Digital;2;Juan;Pérez;43363767;Villa Ojo de Agua;Marketing Digital;Capacitación;26;2;Thursday
1800;444;42;2026-05-22;Presente;Python;5;Micaela;Fernández;46158675;Añatuya;Python;Capacitación;29;5;Friday
1801;422;35;2026-02-06;Presente;PowerPoint;2;Micaela;Gómez;47438257;Bandera;PowerPoint;Capacitación;35;2;Friday
1802;343;16;2026-03-19;Presente;Canva;3;Sofía;Gómez;36022824;Villa Ojo de Agua;Canva;Capacitación;35;3;Thursday
1803;239;5;2026-06-01;Presente;PowerPoint;6;Ana;Fernández;38205338;Sumampa;PowerPoint;Capacitación;34;6;Monday
1804;321;47;2026-03-09;Presente;Marketing Digital;3;Sofía;Díaz;32260564;Los Telares;Marketing Digital;Capacitación;33;3;Monday
1805;315;8;2026-04-14;Presente;Robótica;4;Pedro;Pérez;37932636;Pinto;Robótica;Capacitación;35;4;Tuesday
1806;366;30;2026-05-01;Presente;Ciudadanía Digital;5;Lucía;Torres;31587109;Villa Ojo de Agua;Ciudadanía Digital;Capacitación;33;5;Friday
1807;403;3;2026-09-10;Presente;Excel;9;Juan;Suárez;40314380;Sumampa;Excel;Capacitación;40;9;Thursday
1808;226;47;2026-12-05;Presente;Marketing Digital;12;Lucía;Suárez;36123672;Sumampa;Marketing Digital;Capacitación;33;12;Saturday
1809;23;22;2026-04-01;Presente;Python;4;Carlos;Díaz;38885424;Añatuya;Python;Capacitación;36;4;Wednesday
1810;298;5;2026-08-19;Presente;PowerPoint;8;Sofía;Rojas;30231951;Villa Ojo de Agua;PowerPoint;Capacitación;34;8;Wednesday
1811;468;16;2026-12-04;Presente;Canva;12;Juan;Torres;47979558;Pinto;Canva;Capacitación;35;12;Friday
1812;267;10;2026-01-09;Presente;Ciudadanía Digital;1;Lucía;Rojas;32560612;Añatuya;Ciudadanía Digital;Capacitación;31;1;Friday
1813;355;48;2026-01-03;Presente;Robótica;1;Luis;Rojas;47577462;Los Telares;Robótica;Capacitación;24;1;Saturday
1814;175;3;2026-11-13;Presente;Excel;11;Carlos;Rodríguez;30196596;Villa Ojo de Agua;Excel;Capacitación;40;11;Friday
1815;470;40;2026-05-18;Presente;Ciudadanía Digital;5;María;Gómez;40414733;Villa Ojo de Agua;Ciudadanía Digital;Capacitación;38;5;Monday
1816;479;7;2026-08-25;Presente;Marketing Digital;8;Pedro;Rojas;33574026;Añatuya;Marketing Digital;Capacitación;34;8;Tuesday
1817;263;19;2026-10-08;Presente;Impresión 3D;10;Carlos;Fernández;47794091;Villa Ojo de Agua;Impresión 3D;Capacitación;45;10;Thursday
1818;285;8;2026-11-18;Presente;Robótica;11;Lucía;Díaz;45339213;Añatuya;Robótica;Capacitación;35;11;Wednesday
1819;289;2;2026-11-24;Presente;Python;11;Micaela;Rodríguez;46795266;Añatuya;Python;Capacitación;21;11;Tuesday
1820;489;15;2026-07-02;Presente;PowerPoint;7;María;López;42651426;Sol de Julio;PowerPoint;Capacitación;38;7;Thursday
1821;16;11;2026-02-27;Presente;Alfabetización Digital;2;Sofía;López;36987092;Villa Ojo de Agua;Alfabetización Digital;Capacitación;44;2;Friday
1822;138;11;2026-04-25;Presente;Alfabetización Digital;4;Sofía;López;34374680;Bandera;Alfabetización Digital;Capacitación;44;4;Saturday
1823;308;21;2026-04-06;Presente;Alfabetización Digital;4;Juan;López;35029863;Villa Ojo de Agua;Alfabetización Digital;Capacitación;23;4;Monday
1824;340;5;2026-08-17;Presente;PowerPoint;8;Lucía;Díaz;41417859;Añatuya;PowerPoint;Capacitación;34;8;Monday
1825;498;36;2026-06-16;Presente;Canva;6;María;López;40258060;Sol de Julio;Canva;Capacitación;20;6;Tuesday
1826;376;47;2026-09-28;Presente;Marketing Digital;9;Luis;Pérez;38314458;Bandera;Marketing Digital;Capacitación;33;9;Monday
1827;482;11;2026-12-26;Presente;Alfabetización Digital;12;Carlos;Fernández;32551781;Villa Ojo de Agua;Alfabetización Digital;Capacitación;44;12;Saturday
1828;188;28;2026-06-25;Presente;Robótica;6;Luis;Suárez;46669122;Sol de Julio;Robótica;Capacitación;21;6;Thursday
1829;383;39;2026-03-05;Presente;Impresión 3D;3;Juan;Torres;46825965;Pinto;Impresión 3D;Capacitación;25;3;Thursday
1830;212;4;2026-10-28;Presente;Word;10;Lucía;Rojas;36970830;Villa Ojo de Agua;Word;Capacitación;46;10;Wednesday
1831;375;2;2026-12-23;Presente;Python;12;Ana;Gómez;33204029;Los Telares;Python;Capacitación;21;12;Wednesday
1832;472;39;2026-10-14;Presente;Impresión 3D;10;Luis;Díaz;40997777;Añatuya;Impresión 3D;Capacitación;25;10;Wednesday
1833;439;17;2026-02-25;Presente;Marketing Digital;2;Juan;Pérez;49757007;Bandera;Marketing Digital;Capacitación;24;2;Wednesday
1834;239;37;2026-02-24;Presente;Marketing Digital;2;Ana;Fernández;38205338;Sumampa;Marketing Digital;Capacitación;26;2;Tuesday
1835;269;48;2026-09-11;Presente;Robótica;9;Ana;Gómez;48931081;Sumampa;Robótica;Capacitación;24;9;Friday
1836;494;29;2026-02-22;Presente;Impresión 3D;2;Juan;Díaz;31509226;Los Telares;Impresión 3D;Capacitación;39;2;Sunday
1837;441;47;2026-11-02;Presente;Marketing Digital;11;Sofía;Martínez;37199922;Sumampa;Marketing Digital;Capacitación;33;11;Monday
1838;313;1;2026-05-26;Presente;Alfabetización Digital;5;Juan;López;47027313;Pinto;Alfabetización Digital;Capacitación;27;5;Tuesday
1839;224;41;2026-06-01;Presente;Alfabetización Digital;6;Lucía;Fernández;47763218;Añatuya;Alfabetización Digital;Capacitación;40;6;Monday
1840;180;13;2026-02-21;Presente;Excel;2;Carlos;Rojas;32607251;Sol de Julio;Excel;Capacitación;25;2;Saturday
1841;377;43;2026-07-27;Presente;Excel;7;Lucía;López;46765456;Sol de Julio;Excel;Capacitación;21;7;Monday
1842;220;25;2026-03-19;Presente;PowerPoint;3;Ana;Martínez;45742770;Los Telares;PowerPoint;Capacitación;25;3;Thursday
1843;17;7;2026-01-03;Presente;Marketing Digital;1;María;Martínez;33869334;Los Telares;Marketing Digital;Capacitación;34;1;Saturday
1844;190;26;2026-12-26;Presente;Canva;12;Luis;Pérez;30869792;Villa Ojo de Agua;Canva;Capacitación;35;12;Saturday
1845;324;35;2026-05-02;Presente;PowerPoint;5;Lucía;Gómez;49663983;Bandera;PowerPoint;Capacitación;35;5;Saturday
1846;49;44;2026-11-07;Presente;Word;11;Pedro;Suárez;31247480;Villa Ojo de Agua;Word;Capacitación;47;11;Saturday
1847;24;26;2026-10-22;Presente;Canva;10;Pedro;Suárez;47273973;Bandera;Canva;Capacitación;35;10;Thursday
1848;301;34;2026-11-23;Presente;Word;11;Pedro;Martínez;39980199;Pinto;Word;Capacitación;47;11;Monday
1849;52;19;2026-08-15;Presente;Impresión 3D;8;Ana;Pérez;34164805;Los Telares;Impresión 3D;Capacitación;45;8;Saturday
1850;242;50;2026-12-26;Presente;Ciudadanía Digital;12;Pedro;Díaz;48631370;Los Telares;Ciudadanía Digital;Capacitación;34;12;Saturday
1851;369;36;2026-04-24;Presente;Canva;4;José;Torres;43632221;Bandera;Canva;Capacitación;20;4;Friday
1852;12;47;2026-12-23;Presente;Marketing Digital;12;José;Pérez;41405296;Sumampa;Marketing Digital;Capacitación;33;12;Wednesday
1853;352;15;2026-03-13;Presente;PowerPoint;3;Sofía;Pérez;36753606;Sol de Julio;PowerPoint;Capacitación;38;3;Friday
1854;7;1;2026-03-14;Presente;Alfabetización Digital;3;Micaela;Gómez;46109116;Sumampa;Alfabetización Digital;Capacitación;27;3;Saturday
1855;224;4;2026-05-01;Presente;Word;5;Lucía;Fernández;47763218;Añatuya;Word;Capacitación;46;5;Friday
1856;76;18;2026-06-25;Presente;Robótica;6;Ana;Rojas;37056763;Pinto;Robótica;Capacitación;36;6;Thursday
1857;109;38;2026-08-03;Presente;Robótica;8;María;Fernández;46506589;Pinto;Robótica;Capacitación;39;8;Monday
1858;165;18;2026-02-12;Presente;Robótica;2;Juan;Fernández;41577089;Sumampa;Robótica;Capacitación;36;2;Thursday
1859;17;32;2026-04-12;Presente;Python;4;María;Martínez;33869334;Los Telares;Python;Capacitación;26;4;Sunday
1860;193;48;2026-05-20;Presente;Robótica;5;Pedro;Díaz;31476908;Pinto;Robótica;Capacitación;24;5;Wednesday
1861;2;5;2026-09-17;Presente;PowerPoint;9;Ana;Torres;39537814;Pinto;PowerPoint;Capacitación;34;9;Thursday
1862;464;44;2026-08-21;Presente;Word;8;José;Pérez;33878619;Añatuya;Word;Capacitación;47;8;Friday
1863;166;33;2026-12-16;Presente;Excel;12;Luis;Rodríguez;42105075;Villa Ojo de Agua;Excel;Capacitación;24;12;Wednesday
1864;482;32;2026-09-17;Presente;Python;9;Carlos;Fernández;32551781;Villa Ojo de Agua;Python;Capacitación;26;9;Thursday
1865;294;14;2026-09-06;Presente;Word;9;Luis;Suárez;41259253;Los Telares;Word;Capacitación;27;9;Sunday
1866;281;41;2026-12-01;Presente;Alfabetización Digital;12;Lucía;Pérez;37061347;Los Telares;Alfabetización Digital;Capacitación;40;12;Tuesday
1867;457;13;2026-12-17;Presente;Excel;12;Ana;Suárez;41713496;Villa Ojo de Agua;Excel;Capacitación;25;12;Thursday
1868;98;33;2026-06-22;Presente;Excel;6;Sofía;Martínez;40269401;Villa Ojo de Agua;Excel;Capacitación;24;6;Monday
1869;8;1;2026-10-01;Presente;Alfabetización Digital;10;Sofía;Pérez;43578410;Sol de Julio;Alfabetización Digital;Capacitación;27;10;Thursday
1870;73;27;2026-11-14;Presente;Marketing Digital;11;Sofía;Fernández;43663794;Añatuya;Marketing Digital;Capacitación;38;11;Saturday
1871;240;41;2026-04-06;Presente;Alfabetización Digital;4;Sofía;Rodríguez;39792286;Pinto;Alfabetización Digital;Capacitación;40;4;Monday
1872;82;19;2026-01-17;Presente;Impresión 3D;1;Sofía;Martínez;39989675;Villa Ojo de Agua;Impresión 3D;Capacitación;45;1;Saturday
1873;499;28;2026-03-18;Presente;Robótica;3;Juan;Fernández;40503084;Bandera;Robótica;Capacitación;21;3;Wednesday
1874;383;36;2026-11-13;Presente;Canva;11;Juan;Torres;46825965;Pinto;Canva;Capacitación;20;11;Friday
1875;129;49;2026-02-23;Presente;Impresión 3D;2;Ana;Díaz;42838150;Bandera;Impresión 3D;Capacitación;23;2;Monday
1876;466;29;2026-06-14;Presente;Impresión 3D;6;Micaela;Rodríguez;36125111;Los Telares;Impresión 3D;Capacitación;39;6;Sunday
1877;240;5;2026-06-13;Presente;PowerPoint;6;Sofía;Rodríguez;39792286;Pinto;PowerPoint;Capacitación;34;6;Saturday
1878;14;3;2026-08-15;Presente;Excel;8;Micaela;Díaz;38860550;Bandera;Excel;Capacitación;40;8;Saturday
1879;493;36;2026-06-28;Presente;Canva;6;Carlos;Fernández;31454887;Villa Ojo de Agua;Canva;Capacitación;20;6;Sunday
1880;340;35;2026-01-05;Presente;PowerPoint;1;Lucía;Díaz;41417859;Añatuya;PowerPoint;Capacitación;35;1;Monday
1881;190;45;2026-08-11;Presente;PowerPoint;8;Luis;Pérez;30869792;Villa Ojo de Agua;PowerPoint;Capacitación;40;8;Tuesday
1882;494;33;2026-05-02;Presente;Excel;5;Juan;Díaz;31509226;Los Telares;Excel;Capacitación;24;5;Saturday
1883;87;34;2026-12-16;Presente;Word;12;María;Suárez;31495043;Sol de Julio;Word;Capacitación;47;12;Wednesday
1884;263;16;2026-08-18;Presente;Canva;8;Carlos;Fernández;47794091;Villa Ojo de Agua;Canva;Capacitación;35;8;Tuesday
1885;452;30;2026-02-01;Presente;Ciudadanía Digital;2;Pedro;Rojas;33723718;Los Telares;Ciudadanía Digital;Capacitación;33;2;Sunday
1886;140;31;2026-09-01;Presente;Alfabetización Digital;9;Juan;Martínez;38947659;Bandera;Alfabetización Digital;Capacitación;45;9;Tuesday
1887;249;22;2026-06-03;Presente;Python;6;Lucía;Gómez;37456023;Villa Ojo de Agua;Python;Capacitación;36;6;Wednesday
1888;370;38;2026-04-05;Presente;Robótica;4;José;Gómez;30716136;Los Telares;Robótica;Capacitación;39;4;Sunday
1889;220;12;2026-03-21;Presente;Python;3;Ana;Martínez;45742770;Los Telares;Python;Capacitación;35;3;Saturday
1890;322;30;2026-01-13;Presente;Ciudadanía Digital;1;Lucía;Rojas;31384892;Pinto;Ciudadanía Digital;Capacitación;33;1;Tuesday
1891;42;28;2026-09-26;Presente;Robótica;9;Ana;Díaz;48356653;Villa Ojo de Agua;Robótica;Capacitación;21;9;Saturday
1892;55;35;2026-05-25;Presente;PowerPoint;5;Pedro;Fernández;32954267;Sumampa;PowerPoint;Capacitación;35;5;Monday
1893;385;15;2026-12-14;Presente;PowerPoint;12;Pedro;Pérez;35567171;Sol de Julio;PowerPoint;Capacitación;38;12;Monday
1894;9;31;2026-04-25;Presente;Alfabetización Digital;4;María;Gómez;30864639;Pinto;Alfabetización Digital;Capacitación;45;4;Saturday
1895;79;24;2026-09-07;Presente;Word;9;Ana;Suárez;35571205;Villa Ojo de Agua;Word;Capacitación;23;9;Monday
1896;295;7;2026-06-13;Presente;Marketing Digital;6;Sofía;Torres;49429261;Los Telares;Marketing Digital;Capacitación;34;6;Saturday
1897;285;42;2026-04-06;Presente;Python;4;Lucía;Díaz;45339213;Añatuya;Python;Capacitación;29;4;Monday
1898;152;47;2026-05-11;Presente;Marketing Digital;5;Lucía;Díaz;44200134;Añatuya;Marketing Digital;Capacitación;33;5;Monday
1899;251;18;2026-04-24;Presente;Robótica;4;Pedro;López;35149474;Los Telares;Robótica;Capacitación;36;4;Friday
1900;3;1;2026-01-08;Presente;Alfabetización Digital;1;Carlos;Rodríguez;30325753;Sol de Julio;Alfabetización Digital;Capacitación;27;1;Thursday
1901;190;38;2026-11-05;Presente;Robótica;11;Luis;Pérez;30869792;Villa Ojo de Agua;Robótica;Capacitación;39;11;Thursday
1902;224;7;2026-03-15;Presente;Marketing Digital;3;Lucía;Fernández;47763218;Añatuya;Marketing Digital;Capacitación;34;3;Sunday
1903;375;49;2026-10-10;Presente;Impresión 3D;10;Ana;Gómez;33204029;Los Telares;Impresión 3D;Capacitación;23;10;Saturday
1904;123;31;2026-07-11;Presente;Alfabetización Digital;7;Ana;Gómez;46780935;Añatuya;Alfabetización Digital;Capacitación;45;7;Saturday
1905;186;43;2026-07-12;Presente;Excel;7;José;Pérez;33334532;Villa Ojo de Agua;Excel;Capacitación;21;7;Sunday
1906;26;19;2026-04-20;Presente;Impresión 3D;4;María;Martínez;31156450;Sumampa;Impresión 3D;Capacitación;45;4;Monday
1907;157;37;2026-04-16;Presente;Marketing Digital;4;José;Gómez;37717966;Bandera;Marketing Digital;Capacitación;26;4;Thursday
1908;189;49;2026-09-16;Presente;Impresión 3D;9;Luis;Gómez;46920536;Villa Ojo de Agua;Impresión 3D;Capacitación;23;9;Wednesday
1909;11;27;2026-09-21;Presente;Marketing Digital;9;Lucía;Díaz;37880355;Villa Ojo de Agua;Marketing Digital;Capacitación;38;9;Monday
1910;299;11;2026-05-26;Presente;Alfabetización Digital;5;María;Fernández;46089256;Villa Ojo de Agua;Alfabetización Digital;Capacitación;44;5;Tuesday
1911;238;23;2026-04-05;Presente;Excel;4;José;Fernández;35580036;Bandera;Excel;Capacitación;38;4;Sunday
1912;383;9;2026-02-04;Presente;Impresión 3D;2;Juan;Torres;46825965;Pinto;Impresión 3D;Capacitación;38;2;Wednesday
1913;64;12;2026-06-10;Presente;Python;6;Juan;Díaz;36464683;Sol de Julio;Python;Capacitación;35;6;Wednesday
1914;168;26;2026-05-28;Presente;Canva;5;María;López;30273292;Añatuya;Canva;Capacitación;35;5;Thursday
1915;42;20;2026-06-03;Presente;Ciudadanía Digital;6;Ana;Díaz;48356653;Villa Ojo de Agua;Ciudadanía Digital;Capacitación;31;6;Wednesday
1916;199;15;2026-03-26;Presente;PowerPoint;3;María;Gómez;35546411;Añatuya;PowerPoint;Capacitación;38;3;Thursday
1917;97;5;2026-09-17;Presente;PowerPoint;9;Carlos;Rojas;37140773;Pinto;PowerPoint;Capacitación;34;9;Thursday
1918;426;42;2026-11-18;Presente;Python;11;Ana;Fernández;41005250;Añatuya;Python;Capacitación;29;11;Wednesday
1919;70;30;2026-07-11;Presente;Ciudadanía Digital;7;Luis;Pérez;37468319;Villa Ojo de Agua;Ciudadanía Digital;Capacitación;33;7;Saturday
1920;336;18;2026-03-18;Presente;Robótica;3;Lucía;Rodríguez;38467996;Bandera;Robótica;Capacitación;36;3;Wednesday
1921;290;39;2026-03-27;Presente;Impresión 3D;3;Sofía;Suárez;40676783;Sol de Julio;Impresión 3D;Capacitación;25;3;Friday
1922;50;1;2026-02-18;Presente;Alfabetización Digital;2;José;Suárez;43768738;Pinto;Alfabetización Digital;Capacitación;27;2;Wednesday
1923;324;32;2026-03-04;Presente;Python;3;Lucía;Gómez;49663983;Bandera;Python;Capacitación;26;3;Wednesday
1924;159;30;2026-12-12;Presente;Ciudadanía Digital;12;Luis;López;44606655;Los Telares;Ciudadanía Digital;Capacitación;33;12;Saturday
1925;173;22;2026-06-06;Presente;Python;6;María;Martínez;45185439;Villa Ojo de Agua;Python;Capacitación;36;6;Saturday
1926;459;43;2026-05-19;Presente;Excel;5;Sofía;Gómez;33077473;Bandera;Excel;Capacitación;21;5;Tuesday
1927;454;49;2026-02-20;Presente;Impresión 3D;2;María;Gómez;32220435;Sol de Julio;Impresión 3D;Capacitación;23;2;Friday
1928;231;14;2026-07-21;Presente;Word;7;Juan;Pérez;40829076;Añatuya;Word;Capacitación;27;7;Tuesday
1929;298;36;2026-09-16;Presente;Canva;9;Sofía;Rojas;30231951;Villa Ojo de Agua;Canva;Capacitación;20;9;Wednesday
1930;460;39;2026-06-04;Presente;Impresión 3D;6;José;Rodríguez;36395011;Añatuya;Impresión 3D;Capacitación;25;6;Thursday
1931;44;18;2026-04-25;Presente;Robótica;4;Luis;López;30894205;Sol de Julio;Robótica;Capacitación;36;4;Saturday
1932;367;7;2026-10-21;Presente;Marketing Digital;10;María;Díaz;48185595;Pinto;Marketing Digital;Capacitación;34;10;Wednesday
1933;235;47;2026-02-04;Presente;Marketing Digital;2;Carlos;Rojas;44594486;Pinto;Marketing Digital;Capacitación;33;2;Wednesday
1934;477;42;2026-05-21;Presente;Python;5;Luis;Díaz;30941986;Villa Ojo de Agua;Python;Capacitación;29;5;Thursday
1935;16;28;2026-06-24;Presente;Robótica;6;Sofía;López;36987092;Villa Ojo de Agua;Robótica;Capacitación;21;6;Wednesday
1936;120;46;2026-08-10;Presente;Canva;8;Lucía;Gómez;45143697;Villa Ojo de Agua;Canva;Capacitación;35;8;Monday
1937;240;46;2026-05-18;Presente;Canva;5;Sofía;Rodríguez;39792286;Pinto;Canva;Capacitación;35;5;Monday
1938;109;43;2026-08-01;Presente;Excel;8;María;Fernández;46506589;Pinto;Excel;Capacitación;21;8;Saturday
1939;227;13;2026-03-22;Presente;Excel;3;Micaela;López;44143280;Sumampa;Excel;Capacitación;25;3;Sunday
1940;50;45;2026-11-11;Presente;PowerPoint;11;José;Suárez;43768738;Pinto;PowerPoint;Capacitación;40;11;Wednesday
1941;471;18;2026-03-28;Presente;Robótica;3;Luis;López;46137834;Sumampa;Robótica;Capacitación;36;3;Saturday
1942;217;34;2026-09-16;Presente;Word;9;Pedro;Rodríguez;37113577;Añatuya;Word;Capacitación;47;9;Wednesday
1943;384;39;2026-03-11;Presente;Impresión 3D;3;María;Pérez;34122685;Sumampa;Impresión 3D;Capacitación;25;3;Wednesday
1944;395;47;2026-06-12;Presente;Marketing Digital;6;Micaela;Rodríguez;49586214;Sol de Julio;Marketing Digital;Capacitación;33;6;Friday
1945;496;23;2026-04-19;Presente;Excel;4;Lucía;Torres;39868335;Sol de Julio;Excel;Capacitación;38;4;Sunday
1946;349;41;2026-12-09;Presente;Alfabetización Digital;12;Pedro;López;34660024;Añatuya;Alfabetización Digital;Capacitación;40;12;Wednesday
1947;398;23;2026-04-11;Presente;Excel;4;Lucía;Fernández;33665544;Bandera;Excel;Capacitación;38;4;Saturday
1948;308;29;2026-03-18;Presente;Impresión 3D;3;Juan;López;35029863;Villa Ojo de Agua;Impresión 3D;Capacitación;39;3;Wednesday
1949;117;39;2026-10-23;Presente;Impresión 3D;10;Ana;López;36636483;Villa Ojo de Agua;Impresión 3D;Capacitación;25;10;Friday
1950;233;24;2026-04-28;Presente;Word;4;María;Fernández;37320068;Añatuya;Word;Capacitación;23;4;Tuesday
1951;472;43;2026-02-19;Presente;Excel;2;Luis;Díaz;40997777;Añatuya;Excel;Capacitación;21;2;Thursday
1952;322;11;2026-02-14;Presente;Alfabetización Digital;2;Lucía;Rojas;31384892;Pinto;Alfabetización Digital;Capacitación;44;2;Saturday
1953;469;16;2026-08-27;Presente;Canva;8;Carlos;Rodríguez;46774324;Los Telares;Canva;Capacitación;35;8;Thursday
1954;308;25;2026-01-07;Presente;PowerPoint;1;Juan;López;35029863;Villa Ojo de Agua;PowerPoint;Capacitación;25;1;Wednesday
1955;480;46;2026-12-26;Presente;Canva;12;José;Rodríguez;34762156;Pinto;Canva;Capacitación;35;12;Saturday
1956;449;12;2026-06-10;Presente;Python;6;Luis;Torres;33529199;Añatuya;Python;Capacitación;35;6;Wednesday
1957;18;11;2026-11-16;Presente;Alfabetización Digital;11;Ana;Rodríguez;42801168;Añatuya;Alfabetización Digital;Capacitación;44;11;Monday
1958;454;5;2026-03-28;Presente;PowerPoint;3;María;Gómez;32220435;Sol de Julio;PowerPoint;Capacitación;34;3;Saturday
1959;187;46;2026-03-20;Presente;Canva;3;Micaela;Gómez;33368497;Los Telares;Canva;Capacitación;35;3;Friday
1960;374;34;2026-01-24;Presente;Word;1;Lucía;Suárez;42782960;Pinto;Word;Capacitación;47;1;Saturday
1961;86;31;2026-08-04;Presente;Alfabetización Digital;8;Micaela;Torres;32077312;Añatuya;Alfabetización Digital;Capacitación;45;8;Tuesday
1962;418;50;2026-09-19;Presente;Ciudadanía Digital;9;Pedro;Gómez;30873779;Añatuya;Ciudadanía Digital;Capacitación;34;9;Saturday
1963;362;40;2026-06-28;Presente;Ciudadanía Digital;6;Lucía;Fernández;40310082;Añatuya;Ciudadanía Digital;Capacitación;38;6;Sunday
1964;70;41;2026-11-28;Presente;Alfabetización Digital;11;Luis;Pérez;37468319;Villa Ojo de Agua;Alfabetización Digital;Capacitación;40;11;Saturday
1965;112;19;2026-07-27;Presente;Impresión 3D;7;Pedro;Fernández;40150282;Sumampa;Impresión 3D;Capacitación;45;7;Monday
1966;496;28;2026-06-06;Presente;Robótica;6;Lucía;Torres;39868335;Sol de Julio;Robótica;Capacitación;21;6;Saturday
1967;26;24;2026-05-09;Presente;Word;5;María;Martínez;31156450;Sumampa;Word;Capacitación;23;5;Saturday
1968;200;36;2026-11-10;Presente;Canva;11;Sofía;Torres;49051094;Sol de Julio;Canva;Capacitación;20;11;Tuesday
1969;148;2;2026-04-23;Presente;Python;4;Carlos;Fernández;36650910;Bandera;Python;Capacitación;21;4;Thursday
1970;170;25;2026-03-05;Presente;PowerPoint;3;Sofía;Rodríguez;34755533;Sumampa;PowerPoint;Capacitación;25;3;Thursday
1971;186;32;2026-01-11;Presente;Python;1;José;Pérez;33334532;Villa Ojo de Agua;Python;Capacitación;26;1;Sunday
1972;302;7;2026-09-04;Presente;Marketing Digital;9;Ana;Pérez;40043342;Villa Ojo de Agua;Marketing Digital;Capacitación;34;9;Friday
1973;480;28;2026-07-05;Presente;Robótica;7;José;Rodríguez;34762156;Pinto;Robótica;Capacitación;21;7;Sunday
1974;249;47;2026-08-08;Presente;Marketing Digital;8;Lucía;Gómez;37456023;Villa Ojo de Agua;Marketing Digital;Capacitación;33;8;Saturday
1975;392;34;2026-07-18;Presente;Word;7;José;López;47560747;Añatuya;Word;Capacitación;47;7;Saturday
1976;487;15;2026-10-13;Presente;PowerPoint;10;Luis;Rodríguez;40328063;Villa Ojo de Agua;PowerPoint;Capacitación;38;10;Tuesday
1977;125;31;2026-12-26;Presente;Alfabetización Digital;12;Ana;Rojas;30965910;Sol de Julio;Alfabetización Digital;Capacitación;45;12;Saturday
1978;446;38;2026-12-14;Presente;Robótica;12;Luis;Gómez;49630143;Sol de Julio;Robótica;Capacitación;39;12;Monday
1979;167;29;2026-02-18;Presente;Impresión 3D;2;Carlos;López;43851567;Añatuya;Impresión 3D;Capacitación;39;2;Wednesday
1980;361;5;2026-01-19;Presente;PowerPoint;1;Lucía;Rodríguez;36053899;Sumampa;PowerPoint;Capacitación;34;1;Monday
1981;260;14;2026-11-07;Presente;Word;11;Pedro;Fernández;47075409;Sumampa;Word;Capacitación;27;11;Saturday
1982;124;18;2026-11-04;Presente;Robótica;11;María;Fernández;48663357;Sumampa;Robótica;Capacitación;36;11;Wednesday
1983;333;2;2026-04-01;Presente;Python;4;José;Gómez;46032769;Villa Ojo de Agua;Python;Capacitación;21;4;Wednesday
1984;201;22;2026-05-13;Presente;Python;5;Micaela;Martínez;47985418;Villa Ojo de Agua;Python;Capacitación;36;5;Wednesday
1985;68;46;2026-01-24;Presente;Canva;1;Ana;Suárez;38323344;Sol de Julio;Canva;Capacitación;35;1;Saturday
1986;13;20;2026-01-26;Presente;Ciudadanía Digital;1;María;Pérez;39085013;Bandera;Ciudadanía Digital;Capacitación;31;1;Monday
1987;217;19;2026-07-01;Presente;Impresión 3D;7;Pedro;Rodríguez;37113577;Añatuya;Impresión 3D;Capacitación;45;7;Wednesday
1988;199;26;2026-11-18;Presente;Canva;11;María;Gómez;35546411;Añatuya;Canva;Capacitación;35;11;Wednesday
1989;409;2;2026-12-22;Presente;Python;12;Micaela;Suárez;41876724;Los Telares;Python;Capacitación;21;12;Tuesday
1990;336;6;2026-11-20;Presente;Canva;11;Lucía;Rodríguez;38467996;Bandera;Canva;Capacitación;43;11;Friday
1991;395;40;2026-02-15;Presente;Ciudadanía Digital;2;Micaela;Rodríguez;49586214;Sol de Julio;Ciudadanía Digital;Capacitación;38;2;Sunday
1992;363;4;2026-03-14;Presente;Word;3;Lucía;Gómez;44702928;Bandera;Word;Capacitación;46;3;Saturday
1993;376;41;2026-10-14;Presente;Alfabetización Digital;10;Luis;Pérez;38314458;Bandera;Alfabetización Digital;Capacitación;40;10;Wednesday
1994;378;2;2026-04-10;Presente;Python;4;Luis;Gómez;33893139;Villa Ojo de Agua;Python;Capacitación;21;4;Friday
1995;75;18;2026-11-24;Presente;Robótica;11;Lucía;Díaz;38616621;Bandera;Robótica;Capacitación;36;11;Tuesday
1996;101;42;2026-07-26;Presente;Python;7;Micaela;Díaz;37475483;Bandera;Python;Capacitación;29;7;Sunday
1997;414;39;2026-06-20;Presente;Impresión 3D;6;Juan;Rojas;39781917;Villa Ojo de Agua;Impresión 3D;Capacitación;25;6;Saturday
1998;120;31;2026-06-18;Presente;Alfabetización Digital;6;Lucía;Gómez;45143697;Villa Ojo de Agua;Alfabetización Digital;Capacitación;45;6;Thursday
1999;32;39;2026-12-24;Presente;Impresión 3D;12;Sofía;Rodríguez;48122797;Sumampa;Impresión 3D;Capacitación;25;12;Thursday
2000;278;14;2026-05-02;Presente;Word;5;Pedro;Rodríguez;41561823;Bandera;Word;Capacitación;27;5;Saturday
2001;36;17;2026-11-14;Presente;Marketing Digital;11;Juan;Gómez;41774348;Pinto;Marketing Digital;Capacitación;24;11;Saturday
2002;490;9;2026-01-13;Presente;Impresión 3D;1;Luis;Fernández;34322199;Villa Ojo de Agua;Impresión 3D;Capacitación;38;1;Tuesday
2003;3;28;2026-09-06;Presente;Robótica;9;Carlos;Rodríguez;30325753;Sol de Julio;Robótica;Capacitación;21;9;Sunday
2004;320;7;2026-08-04;Presente;Marketing Digital;8;Lucía;Fernández;42974179;Añatuya;Marketing Digital;Capacitación;34;8;Tuesday
2005;315;14;2026-06-04;Presente;Word;6;Pedro;Pérez;37932636;Pinto;Word;Capacitación;27;6;Thursday
2006;263;32;2026-07-16;Presente;Python;7;Carlos;Fernández;47794091;Villa Ojo de Agua;Python;Capacitación;26;7;Thursday
2007;329;50;2026-10-13;Presente;Ciudadanía Digital;10;José;Rojas;30036479;Villa Ojo de Agua;Ciudadanía Digital;Capacitación;34;10;Tuesday
2008;159;45;2026-06-23;Presente;PowerPoint;6;Luis;López;44606655;Los Telares;PowerPoint;Capacitación;40;6;Tuesday
2009;96;47;2026-03-15;Presente;Marketing Digital;3;José;López;45666620;Villa Ojo de Agua;Marketing Digital;Capacitación;33;3;Sunday
2010;483;11;2026-07-17;Presente;Alfabetización Digital;7;Ana;Martínez;35624731;Añatuya;Alfabetización Digital;Capacitación;44;7;Friday
2011;220;4;2026-06-14;Presente;Word;6;Ana;Martínez;45742770;Los Telares;Word;Capacitación;46;6;Sunday
2012;425;8;2026-01-17;Presente;Robótica;1;María;Suárez;34877232;Sol de Julio;Robótica;Capacitación;35;1;Saturday
2013;113;20;2026-02-20;Presente;Ciudadanía Digital;2;Ana;Fernández;37545616;Los Telares;Ciudadanía Digital;Capacitación;31;2;Friday
2014;107;32;2026-11-11;Presente;Python;11;Sofía;Gómez;43976159;Los Telares;Python;Capacitación;26;11;Wednesday
2015;392;37;2026-02-20;Presente;Marketing Digital;2;José;López;47560747;Añatuya;Marketing Digital;Capacitación;26;2;Friday
2016;210;35;2026-04-07;Presente;PowerPoint;4;Pedro;Rojas;45951640;Bandera;PowerPoint;Capacitación;35;4;Tuesday
2017;313;15;2026-03-19;Presente;PowerPoint;3;Juan;López;47027313;Pinto;PowerPoint;Capacitación;38;3;Thursday
2018;49;46;2026-02-02;Presente;Canva;2;Pedro;Suárez;31247480;Villa Ojo de Agua;Canva;Capacitación;35;2;Monday
2019;308;31;2026-05-13;Presente;Alfabetización Digital;5;Juan;López;35029863;Villa Ojo de Agua;Alfabetización Digital;Capacitación;45;5;Wednesday
2020;308;19;2026-07-13;Presente;Impresión 3D;7;Juan;López;35029863;Villa Ojo de Agua;Impresión 3D;Capacitación;45;7;Monday
2021;68;25;2026-05-08;Presente;PowerPoint;5;Ana;Suárez;38323344;Sol de Julio;PowerPoint;Capacitación;25;5;Friday
2022;456;34;2026-12-21;Presente;Word;12;José;Torres;38207685;Los Telares;Word;Capacitación;47;12;Monday
2023;307;1;2026-08-24;Presente;Alfabetización Digital;8;Sofía;Martínez;37509083;Añatuya;Alfabetización Digital;Capacitación;27;8;Monday
2024;381;16;2026-10-01;Presente;Canva;10;Ana;Fernández;36634857;Pinto;Canva;Capacitación;35;10;Thursday
2025;413;14;2026-07-07;Presente;Word;7;Sofía;Pérez;41178938;Los Telares;Word;Capacitación;27;7;Tuesday
2026;26;9;2026-08-08;Presente;Impresión 3D;8;María;Martínez;31156450;Sumampa;Impresión 3D;Capacitación;38;8;Saturday
2027;1;12;2026-09-08;Presente;Python;9;Micaela;Torres;40859857;Villa Ojo de Agua;Python;Capacitación;35;9;Tuesday
2028;456;32;2026-05-25;Presente;Python;5;José;Torres;38207685;Los Telares;Python;Capacitación;26;5;Monday
2029;27;44;2026-07-22;Presente;Word;7;Pedro;Martínez;37902858;Añatuya;Word;Capacitación;47;7;Wednesday
2030;188;11;2026-06-14;Presente;Alfabetización Digital;6;Luis;Suárez;46669122;Sol de Julio;Alfabetización Digital;Capacitación;44;6;Sunday
2031;387;11;2026-11-03;Presente;Alfabetización Digital;11;Pedro;Gómez;35461685;Sol de Julio;Alfabetización Digital;Capacitación;44;11;Tuesday
2032;499;2;2026-01-17;Presente;Python;1;Juan;Fernández;40503084;Bandera;Python;Capacitación;21;1;Saturday
2033;23;13;2026-02-23;Presente;Excel;2;Carlos;Díaz;38885424;Añatuya;Excel;Capacitación;25;2;Monday
2034;61;10;2026-07-25;Presente;Ciudadanía Digital;7;Lucía;Torres;49381921;Los Telares;Ciudadanía Digital;Capacitación;31;7;Saturday
2035;324;20;2026-09-17;Presente;Ciudadanía Digital;9;Lucía;Gómez;49663983;Bandera;Ciudadanía Digital;Capacitación;31;9;Thursday
2036;228;10;2026-02-18;Presente;Ciudadanía Digital;2;Sofía;Fernández;38920308;Los Telares;Ciudadanía Digital;Capacitación;31;2;Wednesday
2037;130;33;2026-10-07;Presente;Excel;10;Lucía;Díaz;48099532;Bandera;Excel;Capacitación;24;10;Wednesday
2038;360;7;2026-05-14;Presente;Marketing Digital;5;Micaela;Torres;47175104;Añatuya;Marketing Digital;Capacitación;34;5;Thursday
2039;172;48;2026-09-20;Presente;Robótica;9;Ana;Rodríguez;31152932;Sumampa;Robótica;Capacitación;24;9;Sunday
2040;326;10;2026-04-24;Presente;Ciudadanía Digital;4;María;López;42038046;Sumampa;Ciudadanía Digital;Capacitación;31;4;Friday
2041;452;19;2026-06-12;Presente;Impresión 3D;6;Pedro;Rojas;33723718;Los Telares;Impresión 3D;Capacitación;45;6;Friday
2042;497;10;2026-01-15;Presente;Ciudadanía Digital;1;Lucía;López;46630688;Añatuya;Ciudadanía Digital;Capacitación;31;1;Thursday
2043;48;45;2026-09-15;Presente;PowerPoint;9;Luis;Martínez;35327101;Villa Ojo de Agua;PowerPoint;Capacitación;40;9;Tuesday
2044;66;33;2026-08-10;Presente;Excel;8;Ana;Rojas;37495613;Sumampa;Excel;Capacitación;24;8;Monday
2045;164;8;2026-04-09;Presente;Robótica;4;Micaela;Díaz;40799652;Pinto;Robótica;Capacitación;35;4;Thursday
2046;75;9;2026-03-13;Presente;Impresión 3D;3;Lucía;Díaz;38616621;Bandera;Impresión 3D;Capacitación;38;3;Friday
2047;167;6;2026-08-11;Presente;Canva;8;Carlos;López;43851567;Añatuya;Canva;Capacitación;43;8;Tuesday
2048;118;43;2026-07-10;Presente;Excel;7;Juan;Suárez;46692486;Pinto;Excel;Capacitación;21;7;Friday
2049;273;46;2026-02-10;Presente;Canva;2;Luis;Torres;39076920;Bandera;Canva;Capacitación;35;2;Tuesday
2050;469;24;2026-02-20;Presente;Word;2;Carlos;Rodríguez;46774324;Los Telares;Word;Capacitación;23;2;Friday
2051;212;1;2026-09-11;Presente;Alfabetización Digital;9;Lucía;Rojas;36970830;Villa Ojo de Agua;Alfabetización Digital;Capacitación;27;9;Friday
2052;407;15;2026-07-15;Presente;PowerPoint;7;Juan;Rodríguez;48057128;Villa Ojo de Agua;PowerPoint;Capacitación;38;7;Wednesday
2053;47;48;2026-11-16;Presente;Robótica;11;Micaela;Rodríguez;36965594;Pinto;Robótica;Capacitación;24;11;Monday
2054;68;10;2026-11-26;Presente;Ciudadanía Digital;11;Ana;Suárez;38323344;Sol de Julio;Ciudadanía Digital;Capacitación;31;11;Thursday
2055;4;29;2026-04-25;Presente;Impresión 3D;4;Sofía;Suárez;37031326;Sol de Julio;Impresión 3D;Capacitación;39;4;Saturday
2056;407;4;2026-11-07;Presente;Word;11;Juan;Rodríguez;48057128;Villa Ojo de Agua;Word;Capacitación;46;11;Saturday
2057;3;15;2026-02-09;Presente;PowerPoint;2;Carlos;Rodríguez;30325753;Sol de Julio;PowerPoint;Capacitación;38;2;Monday
2058;16;40;2026-08-18;Presente;Ciudadanía Digital;8;Sofía;López;36987092;Villa Ojo de Agua;Ciudadanía Digital;Capacitación;38;8;Tuesday
2059;149;42;2026-01-05;Presente;Python;1;José;Torres;31135379;Bandera;Python;Capacitación;29;1;Monday
2060;243;36;2026-12-19;Presente;Canva;12;Micaela;Torres;36255630;Sumampa;Canva;Capacitación;20;12;Saturday
2061;422;32;2026-06-26;Presente;Python;6;Micaela;Gómez;47438257;Bandera;Python;Capacitación;26;6;Friday
2062;214;3;2026-01-15;Presente;Excel;1;José;Suárez;30991429;Los Telares;Excel;Capacitación;40;1;Thursday
2063;295;40;2026-10-15;Presente;Ciudadanía Digital;10;Sofía;Torres;49429261;Los Telares;Ciudadanía Digital;Capacitación;38;10;Thursday
2064;328;37;2026-07-23;Presente;Marketing Digital;7;Carlos;Gómez;36118998;Villa Ojo de Agua;Marketing Digital;Capacitación;26;7;Thursday
2065;284;14;2026-02-21;Presente;Word;2;Juan;Suárez;38736630;Los Telares;Word;Capacitación;27;2;Saturday
2066;321;12;2026-01-18;Presente;Python;1;Sofía;Díaz;32260564;Los Telares;Python;Capacitación;35;1;Sunday
2067;115;32;2026-02-22;Presente;Python;2;Ana;Gómez;33023410;Los Telares;Python;Capacitación;26;2;Sunday
2068;348;7;2026-06-15;Presente;Marketing Digital;6;Ana;López;39751028;Los Telares;Marketing Digital;Capacitación;34;6;Monday
2069;391;5;2026-04-23;Presente;PowerPoint;4;José;Suárez;41104814;Añatuya;PowerPoint;Capacitación;34;4;Thursday
2070;26;28;2026-02-23;Presente;Robótica;2;María;Martínez;31156450;Sumampa;Robótica;Capacitación;21;2;Monday
2071;37;22;2026-08-08;Presente;Python;8;José;Martínez;39708105;Villa Ojo de Agua;Python;Capacitación;36;8;Saturday
2072;147;2;2026-12-18;Presente;Python;12;Luis;Fernández;41289440;Añatuya;Python;Capacitación;21;12;Friday
2073;75;1;2026-10-28;Presente;Alfabetización Digital;10;Lucía;Díaz;38616621;Bandera;Alfabetización Digital;Capacitación;27;10;Wednesday
2074;85;8;2026-05-04;Presente;Robótica;5;Lucía;Díaz;34800578;Sol de Julio;Robótica;Capacitación;35;5;Monday
2075;404;1;2026-11-20;Presente;Alfabetización Digital;11;María;López;37032574;Bandera;Alfabetización Digital;Capacitación;27;11;Friday
2076;369;50;2026-07-05;Presente;Ciudadanía Digital;7;José;Torres;43632221;Bandera;Ciudadanía Digital;Capacitación;34;7;Sunday
2077;198;18;2026-02-17;Presente;Robótica;2;Sofía;Torres;44508087;Pinto;Robótica;Capacitación;36;2;Tuesday
2078;48;31;2026-06-09;Presente;Alfabetización Digital;6;Luis;Martínez;35327101;Villa Ojo de Agua;Alfabetización Digital;Capacitación;45;6;Tuesday
2079;396;28;2026-01-23;Presente;Robótica;1;Juan;Fernández;44261434;Villa Ojo de Agua;Robótica;Capacitación;21;1;Friday
2080;440;25;2026-10-07;Presente;PowerPoint;10;María;Torres;43927582;Bandera;PowerPoint;Capacitación;25;10;Wednesday
2081;487;23;2026-03-01;Presente;Excel;3;Luis;Rodríguez;40328063;Villa Ojo de Agua;Excel;Capacitación;38;3;Sunday
2082;38;11;2026-08-14;Presente;Alfabetización Digital;8;Lucía;Fernández;34774425;Añatuya;Alfabetización Digital;Capacitación;44;8;Friday
2083;306;46;2026-02-27;Presente;Canva;2;José;Fernández;35495266;Añatuya;Canva;Capacitación;35;2;Friday
2084;12;35;2026-08-13;Presente;PowerPoint;8;José;Pérez;41405296;Sumampa;PowerPoint;Capacitación;35;8;Thursday
2085;464;2;2026-01-01;Presente;Python;1;José;Pérez;33878619;Añatuya;Python;Capacitación;21;1;Thursday
2086;55;27;2026-02-17;Presente;Marketing Digital;2;Pedro;Fernández;32954267;Sumampa;Marketing Digital;Capacitación;38;2;Tuesday
2087;249;22;2026-07-12;Presente;Python;7;Lucía;Gómez;37456023;Villa Ojo de Agua;Python;Capacitación;36;7;Sunday
2088;391;9;2026-05-16;Presente;Impresión 3D;5;José;Suárez;41104814;Añatuya;Impresión 3D;Capacitación;38;5;Saturday
2089;212;46;2026-09-02;Presente;Canva;9;Lucía;Rojas;36970830;Villa Ojo de Agua;Canva;Capacitación;35;9;Wednesday
2090;8;37;2026-01-13;Presente;Marketing Digital;1;Sofía;Pérez;43578410;Sol de Julio;Marketing Digital;Capacitación;26;1;Tuesday
2091;152;23;2026-05-26;Presente;Excel;5;Lucía;Díaz;44200134;Añatuya;Excel;Capacitación;38;5;Tuesday
2092;430;14;2026-01-18;Presente;Word;1;Lucía;Suárez;49080690;Sumampa;Word;Capacitación;27;1;Sunday
2093;422;20;2026-12-23;Presente;Ciudadanía Digital;12;Micaela;Gómez;47438257;Bandera;Ciudadanía Digital;Capacitación;31;12;Wednesday
2094;114;24;2026-05-28;Presente;Word;5;Sofía;Pérez;31024301;Pinto;Word;Capacitación;23;5;Thursday
2095;313;23;2026-11-01;Presente;Excel;11;Juan;López;47027313;Pinto;Excel;Capacitación;38;11;Sunday
2096;473;45;2026-04-02;Presente;PowerPoint;4;Juan;Rojas;41018932;Villa Ojo de Agua;PowerPoint;Capacitación;40;4;Thursday
2097;190;26;2026-02-16;Presente;Canva;2;Luis;Pérez;30869792;Villa Ojo de Agua;Canva;Capacitación;35;2;Monday
2098;20;10;2026-05-06;Presente;Ciudadanía Digital;5;Pedro;Suárez;33893888;Sumampa;Ciudadanía Digital;Capacitación;31;5;Wednesday
2099;200;42;2026-07-25;Presente;Python;7;Sofía;Torres;49051094;Sol de Julio;Python;Capacitación;29;7;Saturday
2100;474;13;2026-12-24;Presente;Excel;12;Pedro;Martínez;37822917;Bandera;Excel;Capacitación;25;12;Thursday
2101;457;9;2026-12-22;Presente;Impresión 3D;12;Ana;Suárez;41713496;Villa Ojo de Agua;Impresión 3D;Capacitación;38;12;Tuesday
2102;110;22;2026-10-18;Presente;Python;10;Micaela;Gómez;46646841;Sumampa;Python;Capacitación;36;10;Sunday
2103;120;11;2026-03-24;Presente;Alfabetización Digital;3;Lucía;Gómez;45143697;Villa Ojo de Agua;Alfabetización Digital;Capacitación;44;3;Tuesday
2104;229;45;2026-11-12;Presente;PowerPoint;11;María;Díaz;35622201;Sumampa;PowerPoint;Capacitación;40;11;Thursday
2105;268;14;2026-11-16;Presente;Word;11;Carlos;López;41336292;Bandera;Word;Capacitación;27;11;Monday
2106;422;1;2026-02-28;Presente;Alfabetización Digital;2;Micaela;Gómez;47438257;Bandera;Alfabetización Digital;Capacitación;27;2;Saturday
2107;483;32;2026-10-13;Presente;Python;10;Ana;Martínez;35624731;Añatuya;Python;Capacitación;26;10;Tuesday
2108;442;17;2026-08-19;Presente;Marketing Digital;8;Ana;Rojas;44769108;Sumampa;Marketing Digital;Capacitación;24;8;Wednesday
2109;62;15;2026-12-08;Presente;PowerPoint;12;Pedro;Gómez;37144438;Pinto;PowerPoint;Capacitación;38;12;Tuesday
2110;130;45;2026-01-18;Presente;PowerPoint;1;Lucía;Díaz;48099532;Bandera;PowerPoint;Capacitación;40;1;Sunday
2111;261;24;2026-03-19;Presente;Word;3;Luis;Torres;44203096;Sol de Julio;Word;Capacitación;23;3;Thursday
2112;145;22;2026-12-13;Presente;Python;12;Ana;Torres;46212453;Bandera;Python;Capacitación;36;12;Sunday
2113;218;18;2026-09-12;Presente;Robótica;9;Micaela;Díaz;46165817;Bandera;Robótica;Capacitación;36;9;Saturday
2114;452;42;2026-09-21;Presente;Python;9;Pedro;Rojas;33723718;Los Telares;Python;Capacitación;29;9;Monday
2115;262;7;2026-02-27;Presente;Marketing Digital;2;Luis;Rodríguez;49552205;Villa Ojo de Agua;Marketing Digital;Capacitación;34;2;Friday
2116;264;44;2026-01-17;Presente;Word;1;José;Fernández;46473796;Añatuya;Word;Capacitación;47;1;Saturday
2117;20;25;2026-05-12;Presente;PowerPoint;5;Pedro;Suárez;33893888;Sumampa;PowerPoint;Capacitación;25;5;Tuesday
2118;357;40;2026-02-24;Presente;Ciudadanía Digital;2;Pedro;López;49127886;Sumampa;Ciudadanía Digital;Capacitación;38;2;Tuesday
2119;234;29;2026-05-18;Presente;Impresión 3D;5;Ana;Fernández;43013984;Pinto;Impresión 3D;Capacitación;39;5;Monday
2120;254;27;2026-11-25;Presente;Marketing Digital;11;María;Rodríguez;40625922;Sol de Julio;Marketing Digital;Capacitación;38;11;Wednesday
2121;266;31;2026-03-11;Presente;Alfabetización Digital;3;Juan;Fernández;47490307;Bandera;Alfabetización Digital;Capacitación;45;3;Wednesday
2122;201;3;2026-01-02;Presente;Excel;1;Micaela;Martínez;47985418;Villa Ojo de Agua;Excel;Capacitación;40;1;Friday
2123;273;1;2026-05-13;Presente;Alfabetización Digital;5;Luis;Torres;39076920;Bandera;Alfabetización Digital;Capacitación;27;5;Wednesday
2124;185;6;2026-05-12;Presente;Canva;5;José;Rodríguez;32154666;Sumampa;Canva;Capacitación;43;5;Tuesday
2125;283;23;2026-02-18;Presente;Excel;2;Carlos;Martínez;30268583;Pinto;Excel;Capacitación;38;2;Wednesday
2126;384;27;2026-01-10;Presente;Marketing Digital;1;María;Pérez;34122685;Sumampa;Marketing Digital;Capacitación;38;1;Saturday
2127;122;34;2026-07-05;Presente;Word;7;José;Suárez;45134153;Bandera;Word;Capacitación;47;7;Sunday
2128;62;4;2026-06-26;Presente;Word;6;Pedro;Gómez;37144438;Pinto;Word;Capacitación;46;6;Friday
2129;234;1;2026-08-11;Presente;Alfabetización Digital;8;Ana;Fernández;43013984;Pinto;Alfabetización Digital;Capacitación;27;8;Tuesday
2130;3;24;2026-04-24;Presente;Word;4;Carlos;Rodríguez;30325753;Sol de Julio;Word;Capacitación;23;4;Friday
2131;183;44;2026-01-11;Presente;Word;1;Juan;Rodríguez;44320473;Bandera;Word;Capacitación;47;1;Sunday
2132;50;7;2026-08-24;Presente;Marketing Digital;8;José;Suárez;43768738;Pinto;Marketing Digital;Capacitación;34;8;Monday
2133;166;47;2026-01-18;Presente;Marketing Digital;1;Luis;Rodríguez;42105075;Villa Ojo de Agua;Marketing Digital;Capacitación;33;1;Sunday
2134;301;4;2026-10-05;Presente;Word;10;Pedro;Martínez;39980199;Pinto;Word;Capacitación;46;10;Monday
2135;464;36;2026-05-07;Presente;Canva;5;José;Pérez;33878619;Añatuya;Canva;Capacitación;20;5;Thursday
2136;77;29;2026-10-24;Presente;Impresión 3D;10;José;Martínez;41096760;Sumampa;Impresión 3D;Capacitación;39;10;Saturday
2137;116;35;2026-04-06;Presente;PowerPoint;4;Ana;Martínez;43079622;Sumampa;PowerPoint;Capacitación;35;4;Monday
2138;435;18;2026-08-16;Presente;Robótica;8;Pedro;Rodríguez;30708720;Sol de Julio;Robótica;Capacitación;36;8;Sunday
2139;89;22;2026-08-12;Presente;Python;8;Lucía;Suárez;36241397;Sol de Julio;Python;Capacitación;36;8;Wednesday
2140;382;13;2026-01-21;Presente;Excel;1;Sofía;Rojas;47331754;Sol de Julio;Excel;Capacitación;25;1;Wednesday
2141;477;39;2026-06-09;Presente;Impresión 3D;6;Luis;Díaz;30941986;Villa Ojo de Agua;Impresión 3D;Capacitación;25;6;Tuesday
2142;29;44;2026-09-01;Presente;Word;9;Juan;Pérez;43363767;Villa Ojo de Agua;Word;Capacitación;47;9;Tuesday
2143;104;46;2026-08-12;Presente;Canva;8;Carlos;Pérez;48271193;Bandera;Canva;Capacitación;35;8;Wednesday
2144;420;33;2026-11-03;Presente;Excel;11;José;Suárez;33030853;Villa Ojo de Agua;Excel;Capacitación;24;11;Tuesday
2145;193;46;2026-05-16;Presente;Canva;5;Pedro;Díaz;31476908;Pinto;Canva;Capacitación;35;5;Saturday
2146;119;5;2026-11-21;Presente;PowerPoint;11;Pedro;Martínez;47055400;Villa Ojo de Agua;PowerPoint;Capacitación;34;11;Saturday
2147;31;47;2026-10-28;Presente;Marketing Digital;10;Lucía;Rodríguez;31449974;Añatuya;Marketing Digital;Capacitación;33;10;Wednesday
2148;275;12;2026-12-25;Presente;Python;12;Luis;Rojas;41792117;Pinto;Python;Capacitación;35;12;Friday
2149;214;41;2026-08-26;Presente;Alfabetización Digital;8;José;Suárez;30991429;Los Telares;Alfabetización Digital;Capacitación;40;8;Wednesday
2150;73;43;2026-10-20;Presente;Excel;10;Sofía;Fernández;43663794;Añatuya;Excel;Capacitación;21;10;Tuesday
2151;56;3;2026-02-19;Presente;Excel;2;Micaela;Pérez;39350398;Pinto;Excel;Capacitación;40;2;Thursday
2152;201;24;2026-09-16;Presente;Word;9;Micaela;Martínez;47985418;Villa Ojo de Agua;Word;Capacitación;23;9;Wednesday
2153;372;38;2026-05-03;Presente;Robótica;5;Ana;Torres;45422344;Los Telares;Robótica;Capacitación;39;5;Sunday
2154;352;29;2026-10-25;Presente;Impresión 3D;10;Sofía;Pérez;36753606;Sol de Julio;Impresión 3D;Capacitación;39;10;Sunday
2155;119;16;2026-05-02;Presente;Canva;5;Pedro;Martínez;47055400;Villa Ojo de Agua;Canva;Capacitación;35;5;Saturday
2156;155;2;2026-02-07;Presente;Python;2;Micaela;Torres;40172077;Pinto;Python;Capacitación;21;2;Saturday
2157;56;33;2026-05-21;Presente;Excel;5;Micaela;Pérez;39350398;Pinto;Excel;Capacitación;24;5;Thursday
2158;155;21;2026-11-20;Presente;Alfabetización Digital;11;Micaela;Torres;40172077;Pinto;Alfabetización Digital;Capacitación;23;11;Friday
2159;91;5;2026-09-01;Presente;PowerPoint;9;Micaela;Díaz;31377676;Pinto;PowerPoint;Capacitación;34;9;Tuesday
2160;394;48;2026-03-18;Presente;Robótica;3;Micaela;Rodríguez;41192047;Sumampa;Robótica;Capacitación;24;3;Wednesday
2161;379;7;2026-12-18;Presente;Marketing Digital;12;José;Rojas;42064078;Sol de Julio;Marketing Digital;Capacitación;34;12;Friday
2162;49;3;2026-03-09;Presente;Excel;3;Pedro;Suárez;31247480;Villa Ojo de Agua;Excel;Capacitación;40;3;Monday
2163;236;21;2026-02-28;Presente;Alfabetización Digital;2;José;Torres;31858957;Añatuya;Alfabetización Digital;Capacitación;23;2;Saturday
2164;196;19;2026-08-14;Presente;Impresión 3D;8;Lucía;Martínez;36335303;Sumampa;Impresión 3D;Capacitación;45;8;Friday
2165;70;17;2026-03-03;Presente;Marketing Digital;3;Luis;Pérez;37468319;Villa Ojo de Agua;Marketing Digital;Capacitación;24;3;Tuesday
2166;350;25;2026-02-25;Presente;PowerPoint;2;Carlos;López;48211342;Villa Ojo de Agua;PowerPoint;Capacitación;25;2;Wednesday
2167;156;3;2026-05-12;Presente;Excel;5;María;Martínez;40616711;Sol de Julio;Excel;Capacitación;40;5;Tuesday
2168;189;42;2026-03-06;Presente;Python;3;Luis;Gómez;46920536;Villa Ojo de Agua;Python;Capacitación;29;3;Friday
2169;325;34;2026-02-04;Presente;Word;2;Lucía;Fernández;48684879;Sumampa;Word;Capacitación;47;2;Wednesday
2170;295;1;2026-04-02;Presente;Alfabetización Digital;4;Sofía;Torres;49429261;Los Telares;Alfabetización Digital;Capacitación;27;4;Thursday
2171;164;27;2026-05-13;Presente;Marketing Digital;5;Micaela;Díaz;40799652;Pinto;Marketing Digital;Capacitación;38;5;Wednesday
2172;124;13;2026-07-14;Presente;Excel;7;María;Fernández;48663357;Sumampa;Excel;Capacitación;25;7;Tuesday
2173;21;40;2026-06-26;Presente;Ciudadanía Digital;6;Carlos;Martínez;33282689;Bandera;Ciudadanía Digital;Capacitación;38;6;Friday
2174;222;47;2026-06-05;Presente;Marketing Digital;6;María;Torres;49242631;Sol de Julio;Marketing Digital;Capacitación;33;6;Friday
2175;143;18;2026-10-25;Presente;Robótica;10;José;Martínez;33418383;Bandera;Robótica;Capacitación;36;10;Sunday
2176;186;13;2026-07-05;Presente;Excel;7;José;Pérez;33334532;Villa Ojo de Agua;Excel;Capacitación;25;7;Sunday
2177;423;7;2026-11-12;Presente;Marketing Digital;11;Micaela;Gómez;32455449;Sumampa;Marketing Digital;Capacitación;34;11;Thursday
2178;384;5;2026-12-18;Presente;PowerPoint;12;María;Pérez;34122685;Sumampa;PowerPoint;Capacitación;34;12;Friday
2179;176;47;2026-01-08;Presente;Marketing Digital;1;Ana;Gómez;38210813;Los Telares;Marketing Digital;Capacitación;33;1;Thursday
2180;227;8;2026-08-02;Presente;Robótica;8;Micaela;López;44143280;Sumampa;Robótica;Capacitación;35;8;Sunday
2181;467;10;2026-08-27;Presente;Ciudadanía Digital;8;Lucía;Martínez;36066051;Villa Ojo de Agua;Ciudadanía Digital;Capacitación;31;8;Thursday
2182;206;30;2026-11-02;Presente;Ciudadanía Digital;11;Juan;López;30249224;Los Telares;Ciudadanía Digital;Capacitación;33;11;Monday
2183;483;44;2026-09-16;Presente;Word;9;Ana;Martínez;35624731;Añatuya;Word;Capacitación;47;9;Wednesday
2184;77;48;2026-08-03;Presente;Robótica;8;José;Martínez;41096760;Sumampa;Robótica;Capacitación;24;8;Monday
2185;494;21;2026-01-16;Presente;Alfabetización Digital;1;Juan;Díaz;31509226;Los Telares;Alfabetización Digital;Capacitación;23;1;Friday
2186;116;48;2026-04-16;Presente;Robótica;4;Ana;Martínez;43079622;Sumampa;Robótica;Capacitación;24;4;Thursday
2187;134;20;2026-03-05;Presente;Ciudadanía Digital;3;Juan;Martínez;47882337;Añatuya;Ciudadanía Digital;Capacitación;31;3;Thursday
2188;185;49;2026-04-23;Presente;Impresión 3D;4;José;Rodríguez;32154666;Sumampa;Impresión 3D;Capacitación;23;4;Thursday
2189;78;34;2026-07-21;Presente;Word;7;Carlos;Rodríguez;46539592;Los Telares;Word;Capacitación;47;7;Tuesday
2190;116;30;2026-10-09;Presente;Ciudadanía Digital;10;Ana;Martínez;43079622;Sumampa;Ciudadanía Digital;Capacitación;33;10;Friday
2191;60;44;2026-11-03;Presente;Word;11;Pedro;Suárez;33349882;Sumampa;Word;Capacitación;47;11;Tuesday
2192;449;15;2026-09-21;Presente;PowerPoint;9;Luis;Torres;33529199;Añatuya;PowerPoint;Capacitación;38;9;Monday
2193;44;19;2026-03-07;Presente;Impresión 3D;3;Luis;López;30894205;Sol de Julio;Impresión 3D;Capacitación;45;3;Saturday
2194;128;1;2026-01-03;Presente;Alfabetización Digital;1;Lucía;Torres;36453798;Villa Ojo de Agua;Alfabetización Digital;Capacitación;27;1;Saturday
2195;336;42;2026-08-17;Presente;Python;8;Lucía;Rodríguez;38467996;Bandera;Python;Capacitación;29;8;Monday
2196;179;5;2026-10-06;Presente;PowerPoint;10;Pedro;Díaz;45316320;Los Telares;PowerPoint;Capacitación;34;10;Tuesday
2197;113;18;2026-04-23;Presente;Robótica;4;Ana;Fernández;37545616;Los Telares;Robótica;Capacitación;36;4;Thursday
2198;261;10;2026-09-08;Presente;Ciudadanía Digital;9;Luis;Torres;44203096;Sol de Julio;Ciudadanía Digital;Capacitación;31;9;Tuesday
2199;43;9;2026-04-07;Presente;Impresión 3D;4;Pedro;Torres;44880227;Bandera;Impresión 3D;Capacitación;38;4;Tuesday
2200;54;36;2026-03-23;Presente;Canva;3;Pedro;Martínez;48988061;Sol de Julio;Canva;Capacitación;20;3;Monday
2201;24;21;2026-11-27;Presente;Alfabetización Digital;11;Pedro;Suárez;47273973;Bandera;Alfabetización Digital;Capacitación;23;11;Friday
2202;393;44;2026-06-06;Presente;Word;6;María;López;34420630;Bandera;Word;Capacitación;47;6;Saturday
2203;46;42;2026-08-19;Presente;Python;8;Micaela;Gómez;36582935;Sumampa;Python;Capacitación;29;8;Wednesday
2204;39;29;2026-06-10;Presente;Impresión 3D;6;Pedro;Rojas;43199697;Pinto;Impresión 3D;Capacitación;39;6;Wednesday
2205;339;18;2026-06-03;Presente;Robótica;6;Pedro;Díaz;35608041;Sol de Julio;Robótica;Capacitación;36;6;Wednesday
2206;403;42;2026-07-20;Presente;Python;7;Juan;Suárez;40314380;Sumampa;Python;Capacitación;29;7;Monday
2207;94;50;2026-11-23;Presente;Ciudadanía Digital;11;Luis;Torres;33998465;Pinto;Ciudadanía Digital;Capacitación;34;11;Monday
2208;495;18;2026-01-01;Presente;Robótica;1;Sofía;López;46575642;Añatuya;Robótica;Capacitación;36;1;Thursday
2209;99;16;2026-11-02;Presente;Canva;11;Juan;Suárez;41183572;Añatuya;Canva;Capacitación;35;11;Monday
2210;334;36;2026-04-17;Presente;Canva;4;María;Rojas;35501674;Sol de Julio;Canva;Capacitación;20;4;Friday
2211;379;14;2026-03-14;Presente;Word;3;José;Rojas;42064078;Sol de Julio;Word;Capacitación;27;3;Saturday
2212;70;46;2026-04-05;Presente;Canva;4;Luis;Pérez;37468319;Villa Ojo de Agua;Canva;Capacitación;35;4;Sunday
2213;229;2;2026-12-15;Presente;Python;12;María;Díaz;35622201;Sumampa;Python;Capacitación;21;12;Tuesday
2214;413;22;2026-07-22;Presente;Python;7;Sofía;Pérez;41178938;Los Telares;Python;Capacitación;36;7;Wednesday
2215;220;5;2026-01-03;Presente;PowerPoint;1;Ana;Martínez;45742770;Los Telares;PowerPoint;Capacitación;34;1;Saturday
2216;323;34;2026-12-09;Presente;Word;12;María;Gómez;38196290;Añatuya;Word;Capacitación;47;12;Wednesday
2217;181;44;2026-12-23;Presente;Word;12;Ana;Martínez;42004738;Pinto;Word;Capacitación;47;12;Wednesday
2218;403;28;2026-10-01;Presente;Robótica;10;Juan;Suárez;40314380;Sumampa;Robótica;Capacitación;21;10;Thursday
2219;292;23;2026-08-09;Presente;Excel;8;José;Rodríguez;36318859;Los Telares;Excel;Capacitación;38;8;Sunday
2220;42;5;2026-05-02;Presente;PowerPoint;5;Ana;Díaz;48356653;Villa Ojo de Agua;PowerPoint;Capacitación;34;5;Saturday
2221;353;29;2026-10-21;Presente;Impresión 3D;10;Pedro;Suárez;36890763;Los Telares;Impresión 3D;Capacitación;39;10;Wednesday
2222;478;24;2026-02-05;Presente;Word;2;María;Suárez;47882212;Sol de Julio;Word;Capacitación;23;2;Thursday
2223;50;49;2026-05-06;Presente;Impresión 3D;5;José;Suárez;43768738;Pinto;Impresión 3D;Capacitación;23;5;Wednesday
2224;218;5;2026-04-18;Presente;PowerPoint;4;Micaela;Díaz;46165817;Bandera;PowerPoint;Capacitación;34;4;Saturday
2225;251;45;2026-04-01;Presente;PowerPoint;4;Pedro;López;35149474;Los Telares;PowerPoint;Capacitación;40;4;Wednesday
2226;268;6;2026-10-28;Presente;Canva;10;Carlos;López;41336292;Bandera;Canva;Capacitación;43;10;Wednesday
2227;398;8;2026-08-15;Presente;Robótica;8;Lucía;Fernández;33665544;Bandera;Robótica;Capacitación;35;8;Saturday
2228;416;18;2026-03-20;Presente;Robótica;3;María;Díaz;46685403;Bandera;Robótica;Capacitación;36;3;Friday
2229;235;15;2026-05-20;Presente;PowerPoint;5;Carlos;Rojas;44594486;Pinto;PowerPoint;Capacitación;38;5;Wednesday
2230;260;27;2026-07-16;Presente;Marketing Digital;7;Pedro;Fernández;47075409;Sumampa;Marketing Digital;Capacitación;38;7;Thursday
2231;273;14;2026-01-27;Presente;Word;1;Luis;Torres;39076920;Bandera;Word;Capacitación;27;1;Tuesday
2232;224;18;2026-03-07;Presente;Robótica;3;Lucía;Fernández;47763218;Añatuya;Robótica;Capacitación;36;3;Saturday
2233;195;13;2026-09-20;Presente;Excel;9;Ana;Martínez;35333448;Pinto;Excel;Capacitación;25;9;Sunday
2234;50;5;2026-01-04;Presente;PowerPoint;1;José;Suárez;43768738;Pinto;PowerPoint;Capacitación;34;1;Sunday
2235;232;7;2026-07-16;Presente;Marketing Digital;7;Pedro;Gómez;31549216;Pinto;Marketing Digital;Capacitación;34;7;Thursday
2236;357;19;2026-03-23;Presente;Impresión 3D;3;Pedro;López;49127886;Sumampa;Impresión 3D;Capacitación;45;3;Monday
2237;321;12;2026-06-26;Presente;Python;6;Sofía;Díaz;32260564;Los Telares;Python;Capacitación;35;6;Friday
2238;402;8;2026-10-14;Presente;Robótica;10;Micaela;Gómez;49302982;Añatuya;Robótica;Capacitación;35;10;Wednesday
2239;401;1;2026-07-18;Presente;Alfabetización Digital;7;José;Martínez;41667360;Villa Ojo de Agua;Alfabetización Digital;Capacitación;27;7;Saturday
2240;355;17;2026-10-17;Presente;Marketing Digital;10;Luis;Rojas;47577462;Los Telares;Marketing Digital;Capacitación;24;10;Saturday
2241;371;50;2026-11-06;Presente;Ciudadanía Digital;11;José;Rodríguez;38671319;Villa Ojo de Agua;Ciudadanía Digital;Capacitación;34;11;Friday
2242;231;34;2026-05-06;Presente;Word;5;Juan;Pérez;40829076;Añatuya;Word;Capacitación;47;5;Wednesday
2243;233;1;2026-06-11;Presente;Alfabetización Digital;6;María;Fernández;37320068;Añatuya;Alfabetización Digital;Capacitación;27;6;Thursday
2244;360;37;2026-06-21;Presente;Marketing Digital;6;Micaela;Torres;47175104;Añatuya;Marketing Digital;Capacitación;26;6;Sunday
2245;322;19;2026-02-17;Presente;Impresión 3D;2;Lucía;Rojas;31384892;Pinto;Impresión 3D;Capacitación;45;2;Tuesday
2246;249;24;2026-02-09;Presente;Word;2;Lucía;Gómez;37456023;Villa Ojo de Agua;Word;Capacitación;23;2;Monday
2247;412;28;2026-12-21;Presente;Robótica;12;Sofía;Suárez;35602779;Los Telares;Robótica;Capacitación;21;12;Monday
2248;254;14;2026-10-23;Presente;Word;10;María;Rodríguez;40625922;Sol de Julio;Word;Capacitación;27;10;Friday
2249;257;43;2026-01-20;Presente;Excel;1;Sofía;Martínez;40738418;Añatuya;Excel;Capacitación;21;1;Tuesday
2250;248;16;2026-01-10;Presente;Canva;1;Carlos;Torres;42912530;Los Telares;Canva;Capacitación;35;1;Saturday
2251;210;34;2026-12-25;Presente;Word;12;Pedro;Rojas;45951640;Bandera;Word;Capacitación;47;12;Friday
2252;207;3;2026-04-21;Presente;Excel;4;Micaela;Pérez;39788688;Los Telares;Excel;Capacitación;40;4;Tuesday
2253;110;8;2026-10-13;Presente;Robótica;10;Micaela;Gómez;46646841;Sumampa;Robótica;Capacitación;35;10;Tuesday
2254;60;31;2026-01-26;Presente;Alfabetización Digital;1;Pedro;Suárez;33349882;Sumampa;Alfabetización Digital;Capacitación;45;1;Monday
2255;344;18;2026-11-18;Presente;Robótica;11;Ana;Rojas;33857891;Villa Ojo de Agua;Robótica;Capacitación;36;11;Wednesday
2256;393;23;2026-05-23;Presente;Excel;5;María;López;34420630;Bandera;Excel;Capacitación;38;5;Saturday
2257;426;29;2026-03-27;Presente;Impresión 3D;3;Ana;Fernández;41005250;Añatuya;Impresión 3D;Capacitación;39;3;Friday
2258;341;11;2026-01-01;Presente;Alfabetización Digital;1;Carlos;Martínez;39733658;Añatuya;Alfabetización Digital;Capacitación;44;1;Thursday
2259;380;13;2026-04-06;Presente;Excel;4;María;López;49506471;Los Telares;Excel;Capacitación;25;4;Monday
2260;328;35;2026-03-12;Presente;PowerPoint;3;Carlos;Gómez;36118998;Villa Ojo de Agua;PowerPoint;Capacitación;35;3;Thursday
2261;154;16;2026-07-11;Presente;Canva;7;Juan;Rojas;47875722;Sumampa;Canva;Capacitación;35;7;Saturday
2262;359;24;2026-07-14;Presente;Word;7;Sofía;Rojas;32790056;Sol de Julio;Word;Capacitación;23;7;Tuesday
2263;360;20;2026-01-14;Presente;Ciudadanía Digital;1;Micaela;Torres;47175104;Añatuya;Ciudadanía Digital;Capacitación;31;1;Wednesday
2264;54;23;2026-02-18;Presente;Excel;2;Pedro;Martínez;48988061;Sol de Julio;Excel;Capacitación;38;2;Wednesday
2265;429;19;2026-07-09;Presente;Impresión 3D;7;María;Pérez;34319579;Los Telares;Impresión 3D;Capacitación;45;7;Thursday
2266;195;39;2026-05-08;Presente;Impresión 3D;5;Ana;Martínez;35333448;Pinto;Impresión 3D;Capacitación;25;5;Friday
2267;478;47;2026-11-22;Presente;Marketing Digital;11;María;Suárez;47882212;Sol de Julio;Marketing Digital;Capacitación;33;11;Sunday
2268;144;48;2026-09-07;Presente;Robótica;9;Sofía;Rojas;31424630;Bandera;Robótica;Capacitación;24;9;Monday
2269;43;20;2026-10-16;Presente;Ciudadanía Digital;10;Pedro;Torres;44880227;Bandera;Ciudadanía Digital;Capacitación;31;10;Friday
2270;77;11;2026-07-21;Presente;Alfabetización Digital;7;José;Martínez;41096760;Sumampa;Alfabetización Digital;Capacitación;44;7;Tuesday
2271;15;37;2026-06-22;Presente;Marketing Digital;6;María;Torres;45981305;Añatuya;Marketing Digital;Capacitación;26;6;Monday
2272;466;5;2026-04-08;Presente;PowerPoint;4;Micaela;Rodríguez;36125111;Los Telares;PowerPoint;Capacitación;34;4;Wednesday
2273;298;48;2026-01-05;Presente;Robótica;1;Sofía;Rojas;30231951;Villa Ojo de Agua;Robótica;Capacitación;24;1;Monday
2274;247;19;2026-06-07;Presente;Impresión 3D;6;José;Martínez;44910524;Pinto;Impresión 3D;Capacitación;45;6;Sunday
2275;294;40;2026-11-09;Presente;Ciudadanía Digital;11;Luis;Suárez;41259253;Los Telares;Ciudadanía Digital;Capacitación;38;11;Monday
2276;384;28;2026-09-19;Presente;Robótica;9;María;Pérez;34122685;Sumampa;Robótica;Capacitación;21;9;Saturday
2277;60;20;2026-03-20;Presente;Ciudadanía Digital;3;Pedro;Suárez;33349882;Sumampa;Ciudadanía Digital;Capacitación;31;3;Friday
2278;67;47;2026-02-03;Presente;Marketing Digital;2;Micaela;Gómez;34772337;Los Telares;Marketing Digital;Capacitación;33;2;Tuesday
2279;447;16;2026-07-28;Presente;Canva;7;Ana;Fernández;38101523;Pinto;Canva;Capacitación;35;7;Tuesday
2280;21;36;2026-03-05;Presente;Canva;3;Carlos;Martínez;33282689;Bandera;Canva;Capacitación;20;3;Thursday
2281;12;20;2026-11-09;Presente;Ciudadanía Digital;11;José;Pérez;41405296;Sumampa;Ciudadanía Digital;Capacitación;31;11;Monday
2282;96;24;2026-04-22;Presente;Word;4;José;López;45666620;Villa Ojo de Agua;Word;Capacitación;23;4;Wednesday
2283;362;42;2026-01-07;Presente;Python;1;Lucía;Fernández;40310082;Añatuya;Python;Capacitación;29;1;Wednesday
2284;264;40;2026-01-28;Presente;Ciudadanía Digital;1;José;Fernández;46473796;Añatuya;Ciudadanía Digital;Capacitación;38;1;Wednesday
2285;345;18;2026-11-26;Presente;Robótica;11;Lucía;Rojas;44450553;Añatuya;Robótica;Capacitación;36;11;Thursday
2286;378;33;2026-11-25;Presente;Excel;11;Luis;Gómez;33893139;Villa Ojo de Agua;Excel;Capacitación;24;11;Wednesday
2287;311;43;2026-08-17;Presente;Excel;8;José;Fernández;48785176;Pinto;Excel;Capacitación;21;8;Monday
2288;125;47;2026-11-18;Presente;Marketing Digital;11;Ana;Rojas;30965910;Sol de Julio;Marketing Digital;Capacitación;33;11;Wednesday
2289;471;40;2026-11-23;Presente;Ciudadanía Digital;11;Luis;López;46137834;Sumampa;Ciudadanía Digital;Capacitación;38;11;Monday
2290;180;18;2026-03-08;Presente;Robótica;3;Carlos;Rojas;32607251;Sol de Julio;Robótica;Capacitación;36;3;Sunday
2291;45;18;2026-11-17;Presente;Robótica;11;Juan;López;36628227;Sol de Julio;Robótica;Capacitación;36;11;Tuesday
2292;112;23;2026-02-20;Presente;Excel;2;Pedro;Fernández;40150282;Sumampa;Excel;Capacitación;38;2;Friday
2293;52;50;2026-12-03;Presente;Ciudadanía Digital;12;Ana;Pérez;34164805;Los Telares;Ciudadanía Digital;Capacitación;34;12;Thursday
2294;247;36;2026-05-01;Presente;Canva;5;José;Martínez;44910524;Pinto;Canva;Capacitación;20;5;Friday
2295;191;42;2026-08-26;Presente;Python;8;Luis;Pérez;46541273;Los Telares;Python;Capacitación;29;8;Wednesday
2296;274;32;2026-10-15;Presente;Python;10;José;Torres;46015365;Bandera;Python;Capacitación;26;10;Thursday
2297;191;31;2026-04-19;Presente;Alfabetización Digital;4;Luis;Pérez;46541273;Los Telares;Alfabetización Digital;Capacitación;45;4;Sunday
2298;122;29;2026-06-02;Presente;Impresión 3D;6;José;Suárez;45134153;Bandera;Impresión 3D;Capacitación;39;6;Tuesday
2299;207;43;2026-12-27;Presente;Excel;12;Micaela;Pérez;39788688;Los Telares;Excel;Capacitación;21;12;Sunday
2300;122;19;2026-05-09;Presente;Impresión 3D;5;José;Suárez;45134153;Bandera;Impresión 3D;Capacitación;45;5;Saturday
2301;329;21;2026-09-15;Presente;Alfabetización Digital;9;José;Rojas;30036479;Villa Ojo de Agua;Alfabetización Digital;Capacitación;23;9;Tuesday
2302;44;49;2026-09-03;Presente;Impresión 3D;9;Luis;López;30894205;Sol de Julio;Impresión 3D;Capacitación;23;9;Thursday
2303;411;33;2026-09-14;Presente;Excel;9;Carlos;Rodríguez;45145597;Villa Ojo de Agua;Excel;Capacitación;24;9;Monday
2304;35;26;2026-06-16;Presente;Canva;6;Micaela;López;49948639;Villa Ojo de Agua;Canva;Capacitación;35;6;Tuesday
2305;276;31;2026-02-04;Presente;Alfabetización Digital;2;María;López;34038029;Sumampa;Alfabetización Digital;Capacitación;45;2;Wednesday
2306;458;31;2026-10-15;Presente;Alfabetización Digital;10;Micaela;Fernández;39265777;Sol de Julio;Alfabetización Digital;Capacitación;45;10;Thursday
2307;224;11;2026-01-25;Presente;Alfabetización Digital;1;Lucía;Fernández;47763218;Añatuya;Alfabetización Digital;Capacitación;44;1;Sunday
2308;479;5;2026-07-02;Presente;PowerPoint;7;Pedro;Rojas;33574026;Añatuya;PowerPoint;Capacitación;34;7;Thursday
2309;270;42;2026-03-03;Presente;Python;3;Juan;Torres;40022026;Sol de Julio;Python;Capacitación;29;3;Tuesday
2310;77;8;2026-05-21;Presente;Robótica;5;José;Martínez;41096760;Sumampa;Robótica;Capacitación;35;5;Thursday
2311;117;16;2026-10-17;Presente;Canva;10;Ana;López;36636483;Villa Ojo de Agua;Canva;Capacitación;35;10;Saturday
2312;169;6;2026-02-01;Presente;Canva;2;Sofía;Torres;41310276;Bandera;Canva;Capacitación;43;2;Sunday
2313;132;39;2026-01-07;Presente;Impresión 3D;1;María;Fernández;32103884;Los Telares;Impresión 3D;Capacitación;25;1;Wednesday
2314;392;42;2026-09-06;Presente;Python;9;José;López;47560747;Añatuya;Python;Capacitación;29;9;Sunday
2315;397;43;2026-04-25;Presente;Excel;4;María;Martínez;31611346;Pinto;Excel;Capacitación;21;4;Saturday
2316;494;34;2026-10-02;Presente;Word;10;Juan;Díaz;31509226;Los Telares;Word;Capacitación;47;10;Friday
2317;267;3;2026-06-17;Presente;Excel;6;Lucía;Rojas;32560612;Añatuya;Excel;Capacitación;40;6;Wednesday
2318;331;36;2026-10-08;Presente;Canva;10;María;Rodríguez;35098078;Añatuya;Canva;Capacitación;20;10;Thursday
2319;391;21;2026-01-18;Presente;Alfabetización Digital;1;José;Suárez;41104814;Añatuya;Alfabetización Digital;Capacitación;23;1;Sunday
2320;110;25;2026-08-05;Presente;PowerPoint;8;Micaela;Gómez;46646841;Sumampa;PowerPoint;Capacitación;25;8;Wednesday
2321;263;11;2026-04-04;Presente;Alfabetización Digital;4;Carlos;Fernández;47794091;Villa Ojo de Agua;Alfabetización Digital;Capacitación;44;4;Saturday
2322;83;16;2026-05-16;Presente;Canva;5;María;Suárez;45645293;Bandera;Canva;Capacitación;35;5;Saturday
2323;413;47;2026-06-21;Presente;Marketing Digital;6;Sofía;Pérez;41178938;Los Telares;Marketing Digital;Capacitación;33;6;Sunday
2324;13;47;2026-11-09;Presente;Marketing Digital;11;María;Pérez;39085013;Bandera;Marketing Digital;Capacitación;33;11;Monday
2325;382;30;2026-10-08;Presente;Ciudadanía Digital;10;Sofía;Rojas;47331754;Sol de Julio;Ciudadanía Digital;Capacitación;33;10;Thursday
2326;31;26;2026-09-13;Presente;Canva;9;Lucía;Rodríguez;31449974;Añatuya;Canva;Capacitación;35;9;Sunday
2327;329;43;2026-08-18;Presente;Excel;8;José;Rojas;30036479;Villa Ojo de Agua;Excel;Capacitación;21;8;Tuesday
2328;163;24;2026-07-08;Presente;Word;7;María;Martínez;46323459;Sumampa;Word;Capacitación;23;7;Wednesday
2329;388;26;2026-07-02;Presente;Canva;7;José;Gómez;48084909;Añatuya;Canva;Capacitación;35;7;Thursday
2330;94;39;2026-12-01;Presente;Impresión 3D;12;Luis;Torres;33998465;Pinto;Impresión 3D;Capacitación;25;12;Tuesday
2331;60;13;2026-03-28;Presente;Excel;3;Pedro;Suárez;33349882;Sumampa;Excel;Capacitación;25;3;Saturday
2332;416;22;2026-09-23;Presente;Python;9;María;Díaz;46685403;Bandera;Python;Capacitación;36;9;Wednesday
2333;349;43;2026-04-09;Presente;Excel;4;Pedro;López;34660024;Añatuya;Excel;Capacitación;21;4;Thursday
2334;324;33;2026-03-09;Presente;Excel;3;Lucía;Gómez;49663983;Bandera;Excel;Capacitación;24;3;Monday
2335;39;14;2026-04-22;Presente;Word;4;Pedro;Rojas;43199697;Pinto;Word;Capacitación;27;4;Wednesday
2336;46;17;2026-05-06;Presente;Marketing Digital;5;Micaela;Gómez;36582935;Sumampa;Marketing Digital;Capacitación;24;5;Wednesday
2337;188;32;2026-12-15;Presente;Python;12;Luis;Suárez;46669122;Sol de Julio;Python;Capacitación;26;12;Tuesday
2338;14;7;2026-02-26;Presente;Marketing Digital;2;Micaela;Díaz;38860550;Bandera;Marketing Digital;Capacitación;34;2;Thursday
2339;238;37;2026-03-28;Presente;Marketing Digital;3;José;Fernández;35580036;Bandera;Marketing Digital;Capacitación;26;3;Saturday
2340;139;38;2026-11-20;Presente;Robótica;11;María;Rodríguez;35660678;Bandera;Robótica;Capacitación;39;11;Friday
2341;233;17;2026-06-21;Presente;Marketing Digital;6;María;Fernández;37320068;Añatuya;Marketing Digital;Capacitación;24;6;Sunday
2342;418;13;2026-12-05;Presente;Excel;12;Pedro;Gómez;30873779;Añatuya;Excel;Capacitación;25;12;Saturday
2343;307;33;2026-07-10;Presente;Excel;7;Sofía;Martínez;37509083;Añatuya;Excel;Capacitación;24;7;Friday
2344;154;18;2026-06-20;Presente;Robótica;6;Juan;Rojas;47875722;Sumampa;Robótica;Capacitación;36;6;Saturday
2345;78;21;2026-09-18;Presente;Alfabetización Digital;9;Carlos;Rodríguez;46539592;Los Telares;Alfabetización Digital;Capacitación;23;9;Friday
2346;116;18;2026-12-14;Presente;Robótica;12;Ana;Martínez;43079622;Sumampa;Robótica;Capacitación;36;12;Monday
2347;392;46;2026-11-12;Presente;Canva;11;José;López;47560747;Añatuya;Canva;Capacitación;35;11;Thursday
2348;278;30;2026-02-15;Presente;Ciudadanía Digital;2;Pedro;Rodríguez;41561823;Bandera;Ciudadanía Digital;Capacitación;33;2;Sunday
2349;375;12;2026-12-21;Presente;Python;12;Ana;Gómez;33204029;Los Telares;Python;Capacitación;35;12;Monday
2350;307;33;2026-06-16;Presente;Excel;6;Sofía;Martínez;37509083;Añatuya;Excel;Capacitación;24;6;Tuesday
2351;386;27;2026-02-12;Presente;Marketing Digital;2;Sofía;Rojas;43374533;Sumampa;Marketing Digital;Capacitación;38;2;Thursday
2352;244;6;2026-10-01;Presente;Canva;10;Micaela;Rodríguez;37687649;Sumampa;Canva;Capacitación;43;10;Thursday
2353;480;31;2026-08-25;Presente;Alfabetización Digital;8;José;Rodríguez;34762156;Pinto;Alfabetización Digital;Capacitación;45;8;Tuesday
2354;317;39;2026-09-09;Presente;Impresión 3D;9;Sofía;Pérez;45717595;Sumampa;Impresión 3D;Capacitación;25;9;Wednesday
2355;466;46;2026-01-11;Presente;Canva;1;Micaela;Rodríguez;36125111;Los Telares;Canva;Capacitación;35;1;Sunday
2356;490;12;2026-03-17;Presente;Python;3;Luis;Fernández;34322199;Villa Ojo de Agua;Python;Capacitación;35;3;Tuesday
2357;10;4;2026-03-01;Presente;Word;3;Carlos;Rodríguez;35055177;Villa Ojo de Agua;Word;Capacitación;46;3;Sunday
2358;284;17;2026-11-24;Presente;Marketing Digital;11;Juan;Suárez;38736630;Los Telares;Marketing Digital;Capacitación;24;11;Tuesday
2359;380;43;2026-01-19;Presente;Excel;1;María;López;49506471;Los Telares;Excel;Capacitación;21;1;Monday
2360;121;13;2026-10-04;Presente;Excel;10;Lucía;López;48531995;Sumampa;Excel;Capacitación;25;10;Sunday
2361;120;11;2026-03-02;Presente;Alfabetización Digital;3;Lucía;Gómez;45143697;Villa Ojo de Agua;Alfabetización Digital;Capacitación;44;3;Monday
2362;416;44;2026-12-19;Presente;Word;12;María;Díaz;46685403;Bandera;Word;Capacitación;47;12;Saturday
2363;79;26;2026-10-02;Presente;Canva;10;Ana;Suárez;35571205;Villa Ojo de Agua;Canva;Capacitación;35;10;Friday
2364;421;3;2026-11-15;Presente;Excel;11;Luis;Torres;33389266;Sumampa;Excel;Capacitación;40;11;Sunday
2365;382;27;2026-09-05;Presente;Marketing Digital;9;Sofía;Rojas;47331754;Sol de Julio;Marketing Digital;Capacitación;38;9;Saturday
2366;398;11;2026-05-18;Presente;Alfabetización Digital;5;Lucía;Fernández;33665544;Bandera;Alfabetización Digital;Capacitación;44;5;Monday
2367;341;36;2026-06-20;Presente;Canva;6;Carlos;Martínez;39733658;Añatuya;Canva;Capacitación;20;6;Saturday
2368;195;12;2026-09-12;Presente;Python;9;Ana;Martínez;35333448;Pinto;Python;Capacitación;35;9;Saturday
2369;124;41;2026-11-21;Presente;Alfabetización Digital;11;María;Fernández;48663357;Sumampa;Alfabetización Digital;Capacitación;40;11;Saturday
2370;389;37;2026-07-19;Presente;Marketing Digital;7;Ana;López;49704931;Bandera;Marketing Digital;Capacitación;26;7;Sunday
2371;396;50;2026-05-04;Presente;Ciudadanía Digital;5;Juan;Fernández;44261434;Villa Ojo de Agua;Ciudadanía Digital;Capacitación;34;5;Monday
2372;486;44;2026-11-08;Presente;Word;11;Micaela;Gómez;31229027;Sol de Julio;Word;Capacitación;47;11;Sunday
2373;435;34;2026-03-22;Presente;Word;3;Pedro;Rodríguez;30708720;Sol de Julio;Word;Capacitación;47;3;Sunday
2374;311;23;2026-02-21;Presente;Excel;2;José;Fernández;48785176;Pinto;Excel;Capacitación;38;2;Saturday
2375;68;5;2026-02-21;Presente;PowerPoint;2;Ana;Suárez;38323344;Sol de Julio;PowerPoint;Capacitación;34;2;Saturday
2376;240;47;2026-02-07;Presente;Marketing Digital;2;Sofía;Rodríguez;39792286;Pinto;Marketing Digital;Capacitación;33;2;Saturday
2377;468;45;2026-08-17;Presente;PowerPoint;8;Juan;Torres;47979558;Pinto;PowerPoint;Capacitación;40;8;Monday
2378;11;30;2026-02-14;Presente;Ciudadanía Digital;2;Lucía;Díaz;37880355;Villa Ojo de Agua;Ciudadanía Digital;Capacitación;33;2;Saturday
2379;450;32;2026-11-14;Presente;Python;11;Pedro;Díaz;41853911;Sol de Julio;Python;Capacitación;26;11;Saturday
2380;367;49;2026-10-17;Presente;Impresión 3D;10;María;Díaz;48185595;Pinto;Impresión 3D;Capacitación;23;10;Saturday
2381;314;19;2026-06-14;Presente;Impresión 3D;6;Luis;López;33954006;Bandera;Impresión 3D;Capacitación;45;6;Sunday
2382;186;12;2026-08-24;Presente;Python;8;José;Pérez;33334532;Villa Ojo de Agua;Python;Capacitación;35;8;Monday
2383;198;19;2026-10-21;Presente;Impresión 3D;10;Sofía;Torres;44508087;Pinto;Impresión 3D;Capacitación;45;10;Wednesday
2384;445;15;2026-07-08;Presente;PowerPoint;7;Lucía;López;37276131;Sol de Julio;PowerPoint;Capacitación;38;7;Wednesday
2385;194;43;2026-09-12;Presente;Excel;9;Pedro;Torres;41071021;Villa Ojo de Agua;Excel;Capacitación;21;9;Saturday
2386;201;2;2026-03-02;Presente;Python;3;Micaela;Martínez;47985418;Villa Ojo de Agua;Python;Capacitación;21;3;Monday
2387;447;48;2026-05-27;Presente;Robótica;5;Ana;Fernández;38101523;Pinto;Robótica;Capacitación;24;5;Wednesday
2388;88;2;2026-04-17;Presente;Python;4;María;Suárez;31300286;Bandera;Python;Capacitación;21;4;Friday
2389;176;26;2026-07-21;Presente;Canva;7;Ana;Gómez;38210813;Los Telares;Canva;Capacitación;35;7;Tuesday
2390;85;5;2026-05-07;Presente;PowerPoint;5;Lucía;Díaz;34800578;Sol de Julio;PowerPoint;Capacitación;34;5;Thursday
2391;307;26;2026-07-26;Presente;Canva;7;Sofía;Martínez;37509083;Añatuya;Canva;Capacitación;35;7;Sunday
2392;66;16;2026-03-21;Presente;Canva;3;Ana;Rojas;37495613;Sumampa;Canva;Capacitación;35;3;Saturday
2393;492;44;2026-03-06;Presente;Word;3;Micaela;Torres;42487463;Los Telares;Word;Capacitación;47;3;Friday
2394;184;3;2026-07-08;Presente;Excel;7;Luis;Martínez;48364429;Sol de Julio;Excel;Capacitación;40;7;Wednesday
2395;126;34;2026-06-13;Presente;Word;6;José;Gómez;34538769;Bandera;Word;Capacitación;47;6;Saturday
2396;3;7;2026-05-14;Presente;Marketing Digital;5;Carlos;Rodríguez;30325753;Sol de Julio;Marketing Digital;Capacitación;34;5;Thursday
2397;219;44;2026-08-23;Presente;Word;8;María;Pérez;39897855;Sumampa;Word;Capacitación;47;8;Sunday
2398;363;23;2026-12-18;Presente;Excel;12;Lucía;Gómez;44702928;Bandera;Excel;Capacitación;38;12;Friday
2399;481;5;2026-04-06;Presente;PowerPoint;4;Micaela;Rodríguez;45424992;Villa Ojo de Agua;PowerPoint;Capacitación;34;4;Monday
2400;133;9;2026-02-09;Presente;Impresión 3D;2;Juan;Rojas;45817015;Villa Ojo de Agua;Impresión 3D;Capacitación;38;2;Monday
2401;108;24;2026-07-10;Presente;Word;7;Sofía;Rodríguez;41594573;Añatuya;Word;Capacitación;23;7;Friday
2402;183;18;2026-05-20;Presente;Robótica;5;Juan;Rodríguez;44320473;Bandera;Robótica;Capacitación;36;5;Wednesday
2403;225;49;2026-02-14;Presente;Impresión 3D;2;Micaela;Rojas;32088417;Sumampa;Impresión 3D;Capacitación;23;2;Saturday
2404;468;41;2026-12-21;Presente;Alfabetización Digital;12;Juan;Torres;47979558;Pinto;Alfabetización Digital;Capacitación;40;12;Monday
2405;113;4;2026-10-09;Presente;Word;10;Ana;Fernández;37545616;Los Telares;Word;Capacitación;46;10;Friday
2406;457;35;2026-06-24;Presente;PowerPoint;6;Ana;Suárez;41713496;Villa Ojo de Agua;PowerPoint;Capacitación;35;6;Wednesday
2407;490;25;2026-12-27;Presente;PowerPoint;12;Luis;Fernández;34322199;Villa Ojo de Agua;PowerPoint;Capacitación;25;12;Sunday
2408;355;17;2026-06-18;Presente;Marketing Digital;6;Luis;Rojas;47577462;Los Telares;Marketing Digital;Capacitación;24;6;Thursday
2409;216;50;2026-10-25;Presente;Ciudadanía Digital;10;Micaela;López;47206953;Pinto;Ciudadanía Digital;Capacitación;34;10;Sunday
2410;308;2;2026-08-13;Presente;Python;8;Juan;López;35029863;Villa Ojo de Agua;Python;Capacitación;21;8;Thursday
2411;413;33;2026-06-05;Presente;Excel;6;Sofía;Pérez;41178938;Los Telares;Excel;Capacitación;24;6;Friday
2412;234;25;2026-09-10;Presente;PowerPoint;9;Ana;Fernández;43013984;Pinto;PowerPoint;Capacitación;25;9;Thursday
2413;31;22;2026-03-27;Presente;Python;3;Lucía;Rodríguez;31449974;Añatuya;Python;Capacitación;36;3;Friday
2414;479;27;2026-01-08;Presente;Marketing Digital;1;Pedro;Rojas;33574026;Añatuya;Marketing Digital;Capacitación;38;1;Thursday
2415;131;7;2026-08-04;Presente;Marketing Digital;8;Juan;Martínez;37723527;Bandera;Marketing Digital;Capacitación;34;8;Tuesday
2416;210;13;2026-09-26;Presente;Excel;9;Pedro;Rojas;45951640;Bandera;Excel;Capacitación;25;9;Saturday
2417;46;17;2026-06-19;Presente;Marketing Digital;6;Micaela;Gómez;36582935;Sumampa;Marketing Digital;Capacitación;24;6;Friday
2418;466;9;2026-05-15;Presente;Impresión 3D;5;Micaela;Rodríguez;36125111;Los Telares;Impresión 3D;Capacitación;38;5;Friday
2419;236;31;2026-08-19;Presente;Alfabetización Digital;8;José;Torres;31858957;Añatuya;Alfabetización Digital;Capacitación;45;8;Wednesday
2420;435;18;2026-10-05;Presente;Robótica;10;Pedro;Rodríguez;30708720;Sol de Julio;Robótica;Capacitación;36;10;Monday
2421;81;31;2026-03-16;Presente;Alfabetización Digital;3;Ana;Rojas;41151090;Bandera;Alfabetización Digital;Capacitación;45;3;Monday
2422;453;32;2026-03-24;Presente;Python;3;Lucía;Martínez;34125739;Sumampa;Python;Capacitación;26;3;Tuesday
2423;416;28;2026-05-03;Presente;Robótica;5;María;Díaz;46685403;Bandera;Robótica;Capacitación;21;5;Sunday
2424;299;45;2026-12-12;Presente;PowerPoint;12;María;Fernández;46089256;Villa Ojo de Agua;PowerPoint;Capacitación;40;12;Saturday
2425;273;16;2026-05-14;Presente;Canva;5;Luis;Torres;39076920;Bandera;Canva;Capacitación;35;5;Thursday
2426;469;28;2026-09-18;Presente;Robótica;9;Carlos;Rodríguez;46774324;Los Telares;Robótica;Capacitación;21;9;Friday
2427;414;7;2026-06-06;Presente;Marketing Digital;6;Juan;Rojas;39781917;Villa Ojo de Agua;Marketing Digital;Capacitación;34;6;Saturday
2428;287;27;2026-03-11;Presente;Marketing Digital;3;Pedro;Pérez;39576398;Pinto;Marketing Digital;Capacitación;38;3;Wednesday
2429;141;50;2026-07-25;Presente;Ciudadanía Digital;7;María;Pérez;45909630;Sol de Julio;Ciudadanía Digital;Capacitación;34;7;Saturday
2430;50;13;2026-12-12;Presente;Excel;12;José;Suárez;43768738;Pinto;Excel;Capacitación;25;12;Saturday
2431;438;13;2026-01-12;Presente;Excel;1;Lucía;López;30424281;Bandera;Excel;Capacitación;25;1;Monday
2432;308;7;2026-08-17;Presente;Marketing Digital;8;Juan;López;35029863;Villa Ojo de Agua;Marketing Digital;Capacitación;34;8;Monday
2433;394;50;2026-09-17;Presente;Ciudadanía Digital;9;Micaela;Rodríguez;41192047;Sumampa;Ciudadanía Digital;Capacitación;34;9;Thursday
2434;93;21;2026-03-02;Presente;Alfabetización Digital;3;Lucía;Pérez;42185537;Villa Ojo de Agua;Alfabetización Digital;Capacitación;23;3;Monday
2435;307;48;2026-02-14;Presente;Robótica;2;Sofía;Martínez;37509083;Añatuya;Robótica;Capacitación;24;2;Saturday
2436;317;31;2026-02-20;Presente;Alfabetización Digital;2;Sofía;Pérez;45717595;Sumampa;Alfabetización Digital;Capacitación;45;2;Friday
2437;234;45;2026-06-27;Presente;PowerPoint;6;Ana;Fernández;43013984;Pinto;PowerPoint;Capacitación;40;6;Saturday
2438;147;6;2026-02-26;Presente;Canva;2;Luis;Fernández;41289440;Añatuya;Canva;Capacitación;43;2;Thursday
2439;410;34;2026-01-19;Presente;Word;1;José;Suárez;46411337;Pinto;Word;Capacitación;47;1;Monday
2440;36;45;2026-03-23;Presente;PowerPoint;3;Juan;Gómez;41774348;Pinto;PowerPoint;Capacitación;40;3;Monday
2441;177;23;2026-05-09;Presente;Excel;5;María;Díaz;42371436;Bandera;Excel;Capacitación;38;5;Saturday
2442;5;12;2026-03-16;Presente;Python;3;Pedro;Suárez;31889133;Sumampa;Python;Capacitación;35;3;Monday
2443;385;37;2026-10-21;Presente;Marketing Digital;10;Pedro;Pérez;35567171;Sol de Julio;Marketing Digital;Capacitación;26;10;Wednesday
2444;209;17;2026-12-23;Presente;Marketing Digital;12;Lucía;Pérez;37902891;Villa Ojo de Agua;Marketing Digital;Capacitación;24;12;Wednesday
2445;280;23;2026-10-09;Presente;Excel;10;José;Rodríguez;47315975;Añatuya;Excel;Capacitación;38;10;Friday
2446;356;23;2026-09-18;Presente;Excel;9;Sofía;Gómez;46154487;Sumampa;Excel;Capacitación;38;9;Friday
2447;292;32;2026-01-28;Presente;Python;1;José;Rodríguez;36318859;Los Telares;Python;Capacitación;26;1;Wednesday
2448;421;42;2026-07-01;Presente;Python;7;Luis;Torres;33389266;Sumampa;Python;Capacitación;29;7;Wednesday
2449;304;27;2026-11-14;Presente;Marketing Digital;11;Ana;Rodríguez;45714090;Sol de Julio;Marketing Digital;Capacitación;38;11;Saturday
2450;306;18;2026-03-20;Presente;Robótica;3;José;Fernández;35495266;Añatuya;Robótica;Capacitación;36;3;Friday
2451;64;10;2026-07-22;Presente;Ciudadanía Digital;7;Juan;Díaz;36464683;Sol de Julio;Ciudadanía Digital;Capacitación;31;7;Wednesday
2452;137;26;2026-10-24;Presente;Canva;10;Sofía;López;38637807;Villa Ojo de Agua;Canva;Capacitación;35;10;Saturday
2453;191;23;2026-10-19;Presente;Excel;10;Luis;Pérez;46541273;Los Telares;Excel;Capacitación;38;10;Monday
2454;193;25;2026-09-20;Presente;PowerPoint;9;Pedro;Díaz;31476908;Pinto;PowerPoint;Capacitación;25;9;Sunday
2455;306;4;2026-08-07;Presente;Word;8;José;Fernández;35495266;Añatuya;Word;Capacitación;46;8;Friday
2456;475;43;2026-12-25;Presente;Excel;12;José;Rojas;45856757;Sol de Julio;Excel;Capacitación;21;12;Friday
2457;58;46;2026-04-22;Presente;Canva;4;Carlos;Rojas;31066275;Pinto;Canva;Capacitación;35;4;Wednesday
2458;14;49;2026-06-10;Presente;Impresión 3D;6;Micaela;Díaz;38860550;Bandera;Impresión 3D;Capacitación;23;6;Wednesday
2459;63;17;2026-11-22;Presente;Marketing Digital;11;Carlos;Gómez;45174934;Villa Ojo de Agua;Marketing Digital;Capacitación;24;11;Sunday
2460;447;24;2026-03-10;Presente;Word;3;Ana;Fernández;38101523;Pinto;Word;Capacitación;23;3;Tuesday
2461;446;37;2026-11-02;Presente;Marketing Digital;11;Luis;Gómez;49630143;Sol de Julio;Marketing Digital;Capacitación;26;11;Monday
2462;375;29;2026-01-01;Presente;Impresión 3D;1;Ana;Gómez;33204029;Los Telares;Impresión 3D;Capacitación;39;1;Thursday
2463;32;31;2026-03-07;Presente;Alfabetización Digital;3;Sofía;Rodríguez;48122797;Sumampa;Alfabetización Digital;Capacitación;45;3;Saturday
2464;461;20;2026-01-21;Presente;Ciudadanía Digital;1;Juan;López;38542540;Añatuya;Ciudadanía Digital;Capacitación;31;1;Wednesday
2465;72;32;2026-06-27;Presente;Python;6;Luis;Suárez;47099248;Sumampa;Python;Capacitación;26;6;Saturday
2466;175;43;2026-05-22;Presente;Excel;5;Carlos;Rodríguez;30196596;Villa Ojo de Agua;Excel;Capacitación;21;5;Friday
2467;412;3;2026-07-20;Presente;Excel;7;Sofía;Suárez;35602779;Los Telares;Excel;Capacitación;40;7;Monday
2468;68;25;2026-02-17;Presente;PowerPoint;2;Ana;Suárez;38323344;Sol de Julio;PowerPoint;Capacitación;25;2;Tuesday
2469;140;19;2026-04-04;Presente;Impresión 3D;4;Juan;Martínez;38947659;Bandera;Impresión 3D;Capacitación;45;4;Saturday
2470;158;25;2026-07-14;Presente;PowerPoint;7;Luis;Rojas;35527294;Los Telares;PowerPoint;Capacitación;25;7;Tuesday
2471;254;46;2026-04-16;Presente;Canva;4;María;Rodríguez;40625922;Sol de Julio;Canva;Capacitación;35;4;Thursday
2472;500;25;2026-03-13;Presente;PowerPoint;3;Ana;Gómez;39775209;Añatuya;PowerPoint;Capacitación;25;3;Friday
2473;158;3;2026-01-06;Presente;Excel;1;Luis;Rojas;35527294;Los Telares;Excel;Capacitación;40;1;Tuesday
2474;181;36;2026-04-01;Presente;Canva;4;Ana;Martínez;42004738;Pinto;Canva;Capacitación;20;4;Wednesday
2475;286;15;2026-04-10;Presente;PowerPoint;4;Lucía;Torres;35345242;Los Telares;PowerPoint;Capacitación;38;4;Friday
2476;213;34;2026-02-05;Presente;Word;2;Ana;Fernández;37315167;Los Telares;Word;Capacitación;47;2;Thursday
2477;115;33;2026-09-27;Presente;Excel;9;Ana;Gómez;33023410;Los Telares;Excel;Capacitación;24;9;Sunday
2478;419;5;2026-07-22;Presente;PowerPoint;7;Luis;López;37308945;Bandera;PowerPoint;Capacitación;34;7;Wednesday
2479;224;29;2026-12-28;Presente;Impresión 3D;12;Lucía;Fernández;47763218;Añatuya;Impresión 3D;Capacitación;39;12;Monday
2480;318;22;2026-09-28;Presente;Python;9;Sofía;Rodríguez;38110079;Villa Ojo de Agua;Python;Capacitación;36;9;Monday
2481;223;12;2026-10-26;Presente;Python;10;Pedro;López;32163127;Los Telares;Python;Capacitación;35;10;Monday
2482;168;38;2026-05-25;Presente;Robótica;5;María;López;30273292;Añatuya;Robótica;Capacitación;39;5;Monday
2483;281;27;2026-07-16;Presente;Marketing Digital;7;Lucía;Pérez;37061347;Los Telares;Marketing Digital;Capacitación;38;7;Thursday
2484;388;46;2026-09-06;Presente;Canva;9;José;Gómez;48084909;Añatuya;Canva;Capacitación;35;9;Sunday
2485;253;5;2026-04-04;Presente;PowerPoint;4;Sofía;Martínez;33035713;Villa Ojo de Agua;PowerPoint;Capacitación;34;4;Saturday
2486;30;9;2026-10-17;Presente;Impresión 3D;10;Sofía;Pérez;31314489;Villa Ojo de Agua;Impresión 3D;Capacitación;38;10;Saturday
2487;128;2;2026-07-14;Presente;Python;7;Lucía;Torres;36453798;Villa Ojo de Agua;Python;Capacitación;21;7;Tuesday
2488;415;32;2026-08-15;Presente;Python;8;Carlos;López;30599507;Añatuya;Python;Capacitación;26;8;Saturday
2489;63;34;2026-12-02;Presente;Word;12;Carlos;Gómez;45174934;Villa Ojo de Agua;Word;Capacitación;47;12;Wednesday
2490;497;13;2026-03-24;Presente;Excel;3;Lucía;López;46630688;Añatuya;Excel;Capacitación;25;3;Tuesday
2491;386;40;2026-08-20;Presente;Ciudadanía Digital;8;Sofía;Rojas;43374533;Sumampa;Ciudadanía Digital;Capacitación;38;8;Thursday
2492;71;31;2026-01-04;Presente;Alfabetización Digital;1;María;Gómez;36010764;Sumampa;Alfabetización Digital;Capacitación;45;1;Sunday
2493;90;46;2026-06-24;Presente;Canva;6;Pedro;Gómez;49817965;Añatuya;Canva;Capacitación;35;6;Wednesday
2494;409;44;2026-05-02;Presente;Word;5;Micaela;Suárez;41876724;Los Telares;Word;Capacitación;47;5;Saturday
2495;220;37;2026-03-13;Presente;Marketing Digital;3;Ana;Martínez;45742770;Los Telares;Marketing Digital;Capacitación;26;3;Friday
2496;412;48;2026-12-16;Presente;Robótica;12;Sofía;Suárez;35602779;Los Telares;Robótica;Capacitación;24;12;Wednesday
2497;224;38;2026-05-08;Presente;Robótica;5;Lucía;Fernández;47763218;Añatuya;Robótica;Capacitación;39;5;Friday
2498;239;17;2026-12-05;Presente;Marketing Digital;12;Ana;Fernández;38205338;Sumampa;Marketing Digital;Capacitación;24;12;Saturday
2499;16;35;2026-03-12;Presente;PowerPoint;3;Sofía;López;36987092;Villa Ojo de Agua;PowerPoint;Capacitación;35;3;Thursday
2500;481;13;2026-02-03;Presente;Excel;2;Micaela;Rodríguez;45424992;Villa Ojo de Agua;Excel;Capacitación;25;2;Tuesday
2501;402;32;2026-07-21;Presente;Python;7;Micaela;Gómez;49302982;Añatuya;Python;Capacitación;26;7;Tuesday
2502;46;10;2026-08-19;Presente;Ciudadanía Digital;8;Micaela;Gómez;36582935;Sumampa;Ciudadanía Digital;Capacitación;31;8;Wednesday
2503;284;28;2026-06-11;Presente;Robótica;6;Juan;Suárez;38736630;Los Telares;Robótica;Capacitación;21;6;Thursday
2504;180;38;2026-03-23;Presente;Robótica;3;Carlos;Rojas;32607251;Sol de Julio;Robótica;Capacitación;39;3;Monday
2505;334;47;2026-04-16;Presente;Marketing Digital;4;María;Rojas;35501674;Sol de Julio;Marketing Digital;Capacitación;33;4;Thursday
2506;152;3;2026-01-01;Presente;Excel;1;Lucía;Díaz;44200134;Añatuya;Excel;Capacitación;40;1;Thursday
2507;292;2;2026-01-22;Presente;Python;1;José;Rodríguez;36318859;Los Telares;Python;Capacitación;21;1;Thursday
2508;182;24;2026-08-02;Presente;Word;8;José;Suárez;41858131;Bandera;Word;Capacitación;23;8;Sunday
2509;406;45;2026-06-12;Presente;PowerPoint;6;Ana;Pérez;40396225;Sol de Julio;PowerPoint;Capacitación;40;6;Friday
2510;53;22;2026-10-13;Presente;Python;10;Ana;Martínez;36212200;Sumampa;Python;Capacitación;36;10;Tuesday
2511;460;15;2026-10-12;Presente;PowerPoint;10;José;Rodríguez;36395011;Añatuya;PowerPoint;Capacitación;38;10;Monday
2512;68;11;2026-08-18;Presente;Alfabetización Digital;8;Ana;Suárez;38323344;Sol de Julio;Alfabetización Digital;Capacitación;44;8;Tuesday
2513;83;31;2026-12-18;Presente;Alfabetización Digital;12;María;Suárez;45645293;Bandera;Alfabetización Digital;Capacitación;45;12;Friday
2514;54;16;2026-04-12;Presente;Canva;4;Pedro;Martínez;48988061;Sol de Julio;Canva;Capacitación;35;4;Sunday
2515;272;19;2026-04-24;Presente;Impresión 3D;4;Pedro;Rojas;43419469;Los Telares;Impresión 3D;Capacitación;45;4;Friday
2516;432;9;2026-02-14;Presente;Impresión 3D;2;Carlos;Fernández;36850633;Pinto;Impresión 3D;Capacitación;38;2;Saturday
2517;148;36;2026-04-20;Presente;Canva;4;Carlos;Fernández;36650910;Bandera;Canva;Capacitación;20;4;Monday
2518;105;35;2026-06-22;Presente;PowerPoint;6;Pedro;Suárez;46677715;Añatuya;PowerPoint;Capacitación;35;6;Monday
2519;284;28;2026-06-19;Presente;Robótica;6;Juan;Suárez;38736630;Los Telares;Robótica;Capacitación;21;6;Friday
2520;383;2;2026-12-03;Presente;Python;12;Juan;Torres;46825965;Pinto;Python;Capacitación;21;12;Thursday
2521;479;20;2026-09-11;Presente;Ciudadanía Digital;9;Pedro;Rojas;33574026;Añatuya;Ciudadanía Digital;Capacitación;31;9;Friday
2522;213;30;2026-07-14;Presente;Ciudadanía Digital;7;Ana;Fernández;37315167;Los Telares;Ciudadanía Digital;Capacitación;33;7;Tuesday
2523;164;50;2026-12-03;Presente;Ciudadanía Digital;12;Micaela;Díaz;40799652;Pinto;Ciudadanía Digital;Capacitación;34;12;Thursday
2524;146;21;2026-11-16;Presente;Alfabetización Digital;11;Lucía;Torres;38356319;Bandera;Alfabetización Digital;Capacitación;23;11;Monday
2525;366;48;2026-11-03;Presente;Robótica;11;Lucía;Torres;31587109;Villa Ojo de Agua;Robótica;Capacitación;24;11;Tuesday
2526;267;24;2026-05-27;Presente;Word;5;Lucía;Rojas;32560612;Añatuya;Word;Capacitación;23;5;Wednesday
2527;293;39;2026-10-25;Presente;Impresión 3D;10;Carlos;Martínez;46005510;Sumampa;Impresión 3D;Capacitación;25;10;Sunday
2528;84;41;2026-11-25;Presente;Alfabetización Digital;11;Lucía;Torres;46549767;Villa Ojo de Agua;Alfabetización Digital;Capacitación;40;11;Wednesday
2529;273;23;2026-02-09;Presente;Excel;2;Luis;Torres;39076920;Bandera;Excel;Capacitación;38;2;Monday
2530;106;25;2026-10-05;Presente;PowerPoint;10;Ana;Fernández;49407005;Los Telares;PowerPoint;Capacitación;25;10;Monday
2531;330;48;2026-02-18;Presente;Robótica;2;Sofía;Fernández;49387781;Sumampa;Robótica;Capacitación;24;2;Wednesday
2532;471;34;2026-11-25;Presente;Word;11;Luis;López;46137834;Sumampa;Word;Capacitación;47;11;Wednesday
2533;112;31;2026-06-04;Presente;Alfabetización Digital;6;Pedro;Fernández;40150282;Sumampa;Alfabetización Digital;Capacitación;45;6;Thursday
2534;381;49;2026-11-14;Presente;Impresión 3D;11;Ana;Fernández;36634857;Pinto;Impresión 3D;Capacitación;23;11;Saturday
2535;64;18;2026-09-04;Presente;Robótica;9;Juan;Díaz;36464683;Sol de Julio;Robótica;Capacitación;36;9;Friday
2536;224;27;2026-04-20;Presente;Marketing Digital;4;Lucía;Fernández;47763218;Añatuya;Marketing Digital;Capacitación;38;4;Monday
2537;97;25;2026-07-11;Presente;PowerPoint;7;Carlos;Rojas;37140773;Pinto;PowerPoint;Capacitación;25;7;Saturday
2538;186;8;2026-05-23;Presente;Robótica;5;José;Pérez;33334532;Villa Ojo de Agua;Robótica;Capacitación;35;5;Saturday
2539;270;19;2026-09-21;Presente;Impresión 3D;9;Juan;Torres;40022026;Sol de Julio;Impresión 3D;Capacitación;45;9;Monday
2540;391;7;2026-05-21;Presente;Marketing Digital;5;José;Suárez;41104814;Añatuya;Marketing Digital;Capacitación;34;5;Thursday
2541;415;1;2026-08-23;Presente;Alfabetización Digital;8;Carlos;López;30599507;Añatuya;Alfabetización Digital;Capacitación;27;8;Sunday
2542;48;25;2026-10-03;Presente;PowerPoint;10;Luis;Martínez;35327101;Villa Ojo de Agua;PowerPoint;Capacitación;25;10;Saturday
2543;446;16;2026-01-14;Presente;Canva;1;Luis;Gómez;49630143;Sol de Julio;Canva;Capacitación;35;1;Wednesday
2544;317;2;2026-12-12;Presente;Python;12;Sofía;Pérez;45717595;Sumampa;Python;Capacitación;21;12;Saturday
2545;136;2;2026-09-13;Presente;Python;9;Ana;Rodríguez;37994853;Los Telares;Python;Capacitación;21;9;Sunday
2546;380;24;2026-10-16;Presente;Word;10;María;López;49506471;Los Telares;Word;Capacitación;23;10;Friday
2547;319;6;2026-02-28;Presente;Canva;2;Micaela;Torres;44875517;Villa Ojo de Agua;Canva;Capacitación;43;2;Saturday
2548;37;32;2026-04-01;Presente;Python;4;José;Martínez;39708105;Villa Ojo de Agua;Python;Capacitación;26;4;Wednesday
2549;123;37;2026-04-03;Presente;Marketing Digital;4;Ana;Gómez;46780935;Añatuya;Marketing Digital;Capacitación;26;4;Friday
2550;128;10;2026-06-15;Presente;Ciudadanía Digital;6;Lucía;Torres;36453798;Villa Ojo de Agua;Ciudadanía Digital;Capacitación;31;6;Monday
2551;274;49;2026-11-18;Presente;Impresión 3D;11;José;Torres;46015365;Bandera;Impresión 3D;Capacitación;23;11;Wednesday
2552;62;18;2026-03-27;Presente;Robótica;3;Pedro;Gómez;37144438;Pinto;Robótica;Capacitación;36;3;Friday
2553;461;21;2026-05-14;Presente;Alfabetización Digital;5;Juan;López;38542540;Añatuya;Alfabetización Digital;Capacitación;23;5;Thursday
2554;182;25;2026-10-19;Presente;PowerPoint;10;José;Suárez;41858131;Bandera;PowerPoint;Capacitación;25;10;Monday
2555;253;26;2026-04-04;Presente;Canva;4;Sofía;Martínez;33035713;Villa Ojo de Agua;Canva;Capacitación;35;4;Saturday
2556;81;30;2026-04-21;Presente;Ciudadanía Digital;4;Ana;Rojas;41151090;Bandera;Ciudadanía Digital;Capacitación;33;4;Tuesday
2557;356;13;2026-07-22;Presente;Excel;7;Sofía;Gómez;46154487;Sumampa;Excel;Capacitación;25;7;Wednesday
2558;277;2;2026-09-15;Presente;Python;9;Pedro;Suárez;49903175;Añatuya;Python;Capacitación;21;9;Tuesday
2559;201;24;2026-11-21;Presente;Word;11;Micaela;Martínez;47985418;Villa Ojo de Agua;Word;Capacitación;23;11;Saturday
2560;413;20;2026-08-01;Presente;Ciudadanía Digital;8;Sofía;Pérez;41178938;Los Telares;Ciudadanía Digital;Capacitación;31;8;Saturday
2561;19;15;2026-11-28;Presente;PowerPoint;11;José;Suárez;40104801;Sol de Julio;PowerPoint;Capacitación;38;11;Saturday
2562;267;47;2026-09-20;Presente;Marketing Digital;9;Lucía;Rojas;32560612;Añatuya;Marketing Digital;Capacitación;33;9;Sunday
2563;322;42;2026-09-26;Presente;Python;9;Lucía;Rojas;31384892;Pinto;Python;Capacitación;29;9;Saturday
2564;493;1;2026-11-03;Presente;Alfabetización Digital;11;Carlos;Fernández;31454887;Villa Ojo de Agua;Alfabetización Digital;Capacitación;27;11;Tuesday
2565;316;32;2026-10-03;Presente;Python;10;María;Martínez;49013958;Los Telares;Python;Capacitación;26;10;Saturday
2566;166;33;2026-10-28;Presente;Excel;10;Luis;Rodríguez;42105075;Villa Ojo de Agua;Excel;Capacitación;24;10;Wednesday
2567;408;33;2026-02-02;Presente;Excel;2;Carlos;Fernández;33963718;Villa Ojo de Agua;Excel;Capacitación;24;2;Monday
2568;430;31;2026-09-10;Presente;Alfabetización Digital;9;Lucía;Suárez;49080690;Sumampa;Alfabetización Digital;Capacitación;45;9;Thursday
2569;154;21;2026-12-05;Presente;Alfabetización Digital;12;Juan;Rojas;47875722;Sumampa;Alfabetización Digital;Capacitación;23;12;Saturday
2570;138;34;2026-09-22;Presente;Word;9;Sofía;López;34374680;Bandera;Word;Capacitación;47;9;Tuesday
2571;287;40;2026-04-12;Presente;Ciudadanía Digital;4;Pedro;Pérez;39576398;Pinto;Ciudadanía Digital;Capacitación;38;4;Sunday
2572;462;44;2026-10-17;Presente;Word;10;Sofía;Rojas;33581517;Sumampa;Word;Capacitación;47;10;Saturday
2573;120;11;2026-07-24;Presente;Alfabetización Digital;7;Lucía;Gómez;45143697;Villa Ojo de Agua;Alfabetización Digital;Capacitación;44;7;Friday
2574;481;44;2026-07-07;Presente;Word;7;Micaela;Rodríguez;45424992;Villa Ojo de Agua;Word;Capacitación;47;7;Tuesday
2575;56;30;2026-02-06;Presente;Ciudadanía Digital;2;Micaela;Pérez;39350398;Pinto;Ciudadanía Digital;Capacitación;33;2;Friday
2576;298;27;2026-06-23;Presente;Marketing Digital;6;Sofía;Rojas;30231951;Villa Ojo de Agua;Marketing Digital;Capacitación;38;6;Tuesday
2577;62;18;2026-12-19;Presente;Robótica;12;Pedro;Gómez;37144438;Pinto;Robótica;Capacitación;36;12;Saturday
2578;340;45;2026-05-09;Presente;PowerPoint;5;Lucía;Díaz;41417859;Añatuya;PowerPoint;Capacitación;40;5;Saturday
2579;239;35;2026-03-03;Presente;PowerPoint;3;Ana;Fernández;38205338;Sumampa;PowerPoint;Capacitación;35;3;Tuesday
2580;482;10;2026-08-25;Presente;Ciudadanía Digital;8;Carlos;Fernández;32551781;Villa Ojo de Agua;Ciudadanía Digital;Capacitación;31;8;Tuesday
2581;231;12;2026-04-08;Presente;Python;4;Juan;Pérez;40829076;Añatuya;Python;Capacitación;35;4;Wednesday
2582;243;26;2026-10-17;Presente;Canva;10;Micaela;Torres;36255630;Sumampa;Canva;Capacitación;35;10;Saturday
2583;496;46;2026-05-28;Presente;Canva;5;Lucía;Torres;39868335;Sol de Julio;Canva;Capacitación;35;5;Thursday
2584;62;32;2026-05-25;Presente;Python;5;Pedro;Gómez;37144438;Pinto;Python;Capacitación;26;5;Monday
2585;445;15;2026-12-12;Presente;PowerPoint;12;Lucía;López;37276131;Sol de Julio;PowerPoint;Capacitación;38;12;Saturday
2586;388;19;2026-05-03;Presente;Impresión 3D;5;José;Gómez;48084909;Añatuya;Impresión 3D;Capacitación;45;5;Sunday
2587;26;14;2026-05-15;Presente;Word;5;María;Martínez;31156450;Sumampa;Word;Capacitación;27;5;Friday
2588;148;6;2026-08-27;Presente;Canva;8;Carlos;Fernández;36650910;Bandera;Canva;Capacitación;43;8;Thursday
2589;201;43;2026-08-11;Presente;Excel;8;Micaela;Martínez;47985418;Villa Ojo de Agua;Excel;Capacitación;21;8;Tuesday
2590;471;6;2026-10-06;Presente;Canva;10;Luis;López;46137834;Sumampa;Canva;Capacitación;43;10;Tuesday
2591;147;30;2026-02-05;Presente;Ciudadanía Digital;2;Luis;Fernández;41289440;Añatuya;Ciudadanía Digital;Capacitación;33;2;Thursday
2592;124;31;2026-01-03;Presente;Alfabetización Digital;1;María;Fernández;48663357;Sumampa;Alfabetización Digital;Capacitación;45;1;Saturday
2593;490;42;2026-04-18;Presente;Python;4;Luis;Fernández;34322199;Villa Ojo de Agua;Python;Capacitación;29;4;Saturday
2594;232;46;2026-03-14;Presente;Canva;3;Pedro;Gómez;31549216;Pinto;Canva;Capacitación;35;3;Saturday
2595;381;20;2026-10-11;Presente;Ciudadanía Digital;10;Ana;Fernández;36634857;Pinto;Ciudadanía Digital;Capacitación;31;10;Sunday
2596;327;25;2026-10-28;Presente;PowerPoint;10;Micaela;Rodríguez;37982195;Sol de Julio;PowerPoint;Capacitación;25;10;Wednesday
2597;261;8;2026-04-20;Presente;Robótica;4;Luis;Torres;44203096;Sol de Julio;Robótica;Capacitación;35;4;Monday
2598;470;37;2026-06-03;Presente;Marketing Digital;6;María;Gómez;40414733;Villa Ojo de Agua;Marketing Digital;Capacitación;26;6;Wednesday
2599;410;26;2026-07-28;Presente;Canva;7;José;Suárez;46411337;Pinto;Canva;Capacitación;35;7;Tuesday
2600;35;13;2026-03-20;Presente;Excel;3;Micaela;López;49948639;Villa Ojo de Agua;Excel;Capacitación;25;3;Friday
2601;391;25;2026-03-22;Presente;PowerPoint;3;José;Suárez;41104814;Añatuya;PowerPoint;Capacitación;25;3;Sunday
2602;164;39;2026-12-19;Presente;Impresión 3D;12;Micaela;Díaz;40799652;Pinto;Impresión 3D;Capacitación;25;12;Saturday
2603;192;24;2026-07-22;Presente;Word;7;José;Gómez;39234977;Sol de Julio;Word;Capacitación;23;7;Wednesday
2604;248;25;2026-12-12;Presente;PowerPoint;12;Carlos;Torres;42912530;Los Telares;PowerPoint;Capacitación;25;12;Saturday
2605;95;7;2026-08-20;Presente;Marketing Digital;8;Micaela;Rodríguez;40630952;Los Telares;Marketing Digital;Capacitación;34;8;Thursday
2606;415;24;2026-06-25;Presente;Word;6;Carlos;López;30599507;Añatuya;Word;Capacitación;23;6;Thursday
2607;493;18;2026-10-07;Presente;Robótica;10;Carlos;Fernández;31454887;Villa Ojo de Agua;Robótica;Capacitación;36;10;Wednesday
2608;4;36;2026-08-16;Presente;Canva;8;Sofía;Suárez;37031326;Sol de Julio;Canva;Capacitación;20;8;Sunday
2609;164;47;2026-07-18;Presente;Marketing Digital;7;Micaela;Díaz;40799652;Pinto;Marketing Digital;Capacitación;33;7;Saturday
2610;393;17;2026-05-20;Presente;Marketing Digital;5;María;López;34420630;Bandera;Marketing Digital;Capacitación;24;5;Wednesday
2611;442;49;2026-06-27;Presente;Impresión 3D;6;Ana;Rojas;44769108;Sumampa;Impresión 3D;Capacitación;23;6;Saturday
2612;222;28;2026-01-23;Presente;Robótica;1;María;Torres;49242631;Sol de Julio;Robótica;Capacitación;21;1;Friday
2613;23;38;2026-10-24;Presente;Robótica;10;Carlos;Díaz;38885424;Añatuya;Robótica;Capacitación;39;10;Saturday
2614;65;14;2026-05-19;Presente;Word;5;Juan;López;49619964;Pinto;Word;Capacitación;27;5;Tuesday
2615;450;8;2026-07-24;Presente;Robótica;7;Pedro;Díaz;41853911;Sol de Julio;Robótica;Capacitación;35;7;Friday
2616;202;23;2026-02-20;Presente;Excel;2;Micaela;Martínez;43918660;Sol de Julio;Excel;Capacitación;38;2;Friday
2617;400;33;2026-10-11;Presente;Excel;10;María;Torres;36468521;Sumampa;Excel;Capacitación;24;10;Sunday
2618;7;37;2026-05-22;Presente;Marketing Digital;5;Micaela;Gómez;46109116;Sumampa;Marketing Digital;Capacitación;26;5;Friday
2619;305;45;2026-01-09;Presente;PowerPoint;1;Sofía;Rodríguez;42902455;Pinto;PowerPoint;Capacitación;40;1;Friday
2620;97;28;2026-06-01;Presente;Robótica;6;Carlos;Rojas;37140773;Pinto;Robótica;Capacitación;21;6;Monday
2621;154;5;2026-07-20;Presente;PowerPoint;7;Juan;Rojas;47875722;Sumampa;PowerPoint;Capacitación;34;7;Monday
2622;285;46;2026-06-06;Presente;Canva;6;Lucía;Díaz;45339213;Añatuya;Canva;Capacitación;35;6;Saturday
2623;39;12;2026-02-23;Presente;Python;2;Pedro;Rojas;43199697;Pinto;Python;Capacitación;35;2;Monday
2624;400;14;2026-01-04;Presente;Word;1;María;Torres;36468521;Sumampa;Word;Capacitación;27;1;Sunday
2625;463;40;2026-12-09;Presente;Ciudadanía Digital;12;Sofía;Suárez;48624116;Sumampa;Ciudadanía Digital;Capacitación;38;12;Wednesday
2626;10;29;2026-12-19;Presente;Impresión 3D;12;Carlos;Rodríguez;35055177;Villa Ojo de Agua;Impresión 3D;Capacitación;39;12;Saturday
2627;119;4;2026-01-23;Presente;Word;1;Pedro;Martínez;47055400;Villa Ojo de Agua;Word;Capacitación;46;1;Friday
2628;457;24;2026-06-10;Presente;Word;6;Ana;Suárez;41713496;Villa Ojo de Agua;Word;Capacitación;23;6;Wednesday
2629;314;33;2026-06-07;Presente;Excel;6;Luis;López;33954006;Bandera;Excel;Capacitación;24;6;Sunday
2630;333;44;2026-09-11;Presente;Word;9;José;Gómez;46032769;Villa Ojo de Agua;Word;Capacitación;47;9;Friday
2631;312;26;2026-12-24;Presente;Canva;12;Pedro;López;35098302;Pinto;Canva;Capacitación;35;12;Thursday
2632;71;12;2026-12-16;Presente;Python;12;María;Gómez;36010764;Sumampa;Python;Capacitación;35;12;Wednesday
2633;11;32;2026-11-23;Presente;Python;11;Lucía;Díaz;37880355;Villa Ojo de Agua;Python;Capacitación;26;11;Monday
2634;360;9;2026-09-09;Presente;Impresión 3D;9;Micaela;Torres;47175104;Añatuya;Impresión 3D;Capacitación;38;9;Wednesday
2635;351;31;2026-08-17;Presente;Alfabetización Digital;8;Carlos;Pérez;34716976;Pinto;Alfabetización Digital;Capacitación;45;8;Monday
2636;80;24;2026-09-07;Presente;Word;9;Sofía;Rojas;44764418;Sol de Julio;Word;Capacitación;23;9;Monday
2637;485;13;2026-12-27;Presente;Excel;12;Carlos;Rodríguez;31215637;Añatuya;Excel;Capacitación;25;12;Sunday
2638;330;36;2026-10-01;Presente;Canva;10;Sofía;Fernández;49387781;Sumampa;Canva;Capacitación;20;10;Thursday
2639;158;32;2026-02-12;Presente;Python;2;Luis;Rojas;35527294;Los Telares;Python;Capacitación;26;2;Thursday
2640;251;37;2026-06-28;Presente;Marketing Digital;6;Pedro;López;35149474;Los Telares;Marketing Digital;Capacitación;26;6;Sunday
2641;320;18;2026-10-03;Presente;Robótica;10;Lucía;Fernández;42974179;Añatuya;Robótica;Capacitación;36;10;Saturday
2642;395;18;2026-03-12;Presente;Robótica;3;Micaela;Rodríguez;49586214;Sol de Julio;Robótica;Capacitación;36;3;Thursday
2643;349;26;2026-12-13;Presente;Canva;12;Pedro;López;34660024;Añatuya;Canva;Capacitación;35;12;Sunday
2644;478;41;2026-03-02;Presente;Alfabetización Digital;3;María;Suárez;47882212;Sol de Julio;Alfabetización Digital;Capacitación;40;3;Monday
2645;230;13;2026-01-16;Presente;Excel;1;Carlos;López;47887991;Sol de Julio;Excel;Capacitación;25;1;Friday
2646;1;39;2026-05-17;Presente;Impresión 3D;5;Micaela;Torres;40859857;Villa Ojo de Agua;Impresión 3D;Capacitación;25;5;Sunday
2647;132;27;2026-12-18;Presente;Marketing Digital;12;María;Fernández;32103884;Los Telares;Marketing Digital;Capacitación;38;12;Friday
2648;148;15;2026-02-22;Presente;PowerPoint;2;Carlos;Fernández;36650910;Bandera;PowerPoint;Capacitación;38;2;Sunday
2649;131;40;2026-07-05;Presente;Ciudadanía Digital;7;Juan;Martínez;37723527;Bandera;Ciudadanía Digital;Capacitación;38;7;Sunday
2650;24;5;2026-09-25;Presente;PowerPoint;9;Pedro;Suárez;47273973;Bandera;PowerPoint;Capacitación;34;9;Friday
2651;202;46;2026-09-12;Presente;Canva;9;Micaela;Martínez;43918660;Sol de Julio;Canva;Capacitación;35;9;Saturday
2652;132;28;2026-04-04;Presente;Robótica;4;María;Fernández;32103884;Los Telares;Robótica;Capacitación;21;4;Saturday
2653;443;28;2026-06-28;Presente;Robótica;6;Lucía;Rojas;31886522;Añatuya;Robótica;Capacitación;21;6;Sunday
2654;118;4;2026-04-19;Presente;Word;4;Juan;Suárez;46692486;Pinto;Word;Capacitación;46;4;Sunday
2655;267;47;2026-06-02;Presente;Marketing Digital;6;Lucía;Rojas;32560612;Añatuya;Marketing Digital;Capacitación;33;6;Tuesday
2656;405;49;2026-09-01;Presente;Impresión 3D;9;José;Rodríguez;33387612;Bandera;Impresión 3D;Capacitación;23;9;Tuesday
2657;135;44;2026-04-25;Presente;Word;4;María;Rojas;48116206;Pinto;Word;Capacitación;47;4;Saturday
2658;500;14;2026-10-22;Presente;Word;10;Ana;Gómez;39775209;Añatuya;Word;Capacitación;27;10;Thursday
2659;312;50;2026-06-09;Presente;Ciudadanía Digital;6;Pedro;López;35098302;Pinto;Ciudadanía Digital;Capacitación;34;6;Tuesday
2660;172;37;2026-12-15;Presente;Marketing Digital;12;Ana;Rodríguez;31152932;Sumampa;Marketing Digital;Capacitación;26;12;Tuesday
2661;340;15;2026-06-13;Presente;PowerPoint;6;Lucía;Díaz;41417859;Añatuya;PowerPoint;Capacitación;38;6;Saturday
2662;479;11;2026-05-06;Presente;Alfabetización Digital;5;Pedro;Rojas;33574026;Añatuya;Alfabetización Digital;Capacitación;44;5;Wednesday
2663;35;1;2026-12-20;Presente;Alfabetización Digital;12;Micaela;López;49948639;Villa Ojo de Agua;Alfabetización Digital;Capacitación;27;12;Sunday
2664;394;35;2026-11-02;Presente;PowerPoint;11;Micaela;Rodríguez;41192047;Sumampa;PowerPoint;Capacitación;35;11;Monday
2665;457;44;2026-04-15;Presente;Word;4;Ana;Suárez;41713496;Villa Ojo de Agua;Word;Capacitación;47;4;Wednesday
2666;394;41;2026-05-25;Presente;Alfabetización Digital;5;Micaela;Rodríguez;41192047;Sumampa;Alfabetización Digital;Capacitación;40;5;Monday
2667;159;12;2026-11-06;Presente;Python;11;Luis;López;44606655;Los Telares;Python;Capacitación;35;11;Friday
2668;378;4;2026-01-18;Presente;Word;1;Luis;Gómez;33893139;Villa Ojo de Agua;Word;Capacitación;46;1;Sunday
2669;305;30;2026-10-06;Presente;Ciudadanía Digital;10;Sofía;Rodríguez;42902455;Pinto;Ciudadanía Digital;Capacitación;33;10;Tuesday
2670;254;36;2026-02-04;Presente;Canva;2;María;Rodríguez;40625922;Sol de Julio;Canva;Capacitación;20;2;Wednesday
2671;49;9;2026-04-07;Presente;Impresión 3D;4;Pedro;Suárez;31247480;Villa Ojo de Agua;Impresión 3D;Capacitación;38;4;Tuesday
2672;279;28;2026-01-12;Presente;Robótica;1;Luis;Martínez;47810748;Sumampa;Robótica;Capacitación;21;1;Monday
2673;91;41;2026-09-04;Presente;Alfabetización Digital;9;Micaela;Díaz;31377676;Pinto;Alfabetización Digital;Capacitación;40;9;Friday
2674;339;18;2026-09-08;Presente;Robótica;9;Pedro;Díaz;35608041;Sol de Julio;Robótica;Capacitación;36;9;Tuesday
2675;87;26;2026-09-08;Presente;Canva;9;María;Suárez;31495043;Sol de Julio;Canva;Capacitación;35;9;Tuesday
2676;162;20;2026-06-28;Presente;Ciudadanía Digital;6;Sofía;López;31438798;Pinto;Ciudadanía Digital;Capacitación;31;6;Sunday
2677;139;5;2026-06-24;Presente;PowerPoint;6;María;Rodríguez;35660678;Bandera;PowerPoint;Capacitación;34;6;Wednesday
2678;483;16;2026-06-10;Presente;Canva;6;Ana;Martínez;35624731;Añatuya;Canva;Capacitación;35;6;Wednesday
2679;396;26;2026-12-03;Presente;Canva;12;Juan;Fernández;44261434;Villa Ojo de Agua;Canva;Capacitación;35;12;Thursday
2680;409;42;2026-03-24;Presente;Python;3;Micaela;Suárez;41876724;Los Telares;Python;Capacitación;29;3;Tuesday
2681;393;26;2026-06-02;Presente;Canva;6;María;López;34420630;Bandera;Canva;Capacitación;35;6;Tuesday
2682;444;16;2026-10-09;Presente;Canva;10;Micaela;Fernández;46158675;Añatuya;Canva;Capacitación;35;10;Friday
2683;367;48;2026-04-14;Presente;Robótica;4;María;Díaz;48185595;Pinto;Robótica;Capacitación;24;4;Tuesday
2684;498;43;2026-11-05;Presente;Excel;11;María;López;40258060;Sol de Julio;Excel;Capacitación;21;11;Thursday
2685;414;25;2026-08-10;Presente;PowerPoint;8;Juan;Rojas;39781917;Villa Ojo de Agua;PowerPoint;Capacitación;25;8;Monday
2686;240;39;2026-06-07;Presente;Impresión 3D;6;Sofía;Rodríguez;39792286;Pinto;Impresión 3D;Capacitación;25;6;Sunday
2687;51;8;2026-11-18;Presente;Robótica;11;José;Gómez;43837643;Los Telares;Robótica;Capacitación;35;11;Wednesday
2688;45;46;2026-09-04;Presente;Canva;9;Juan;López;36628227;Sol de Julio;Canva;Capacitación;35;9;Friday
2689;463;8;2026-12-04;Presente;Robótica;12;Sofía;Suárez;48624116;Sumampa;Robótica;Capacitación;35;12;Friday
2690;292;50;2026-03-26;Presente;Ciudadanía Digital;3;José;Rodríguez;36318859;Los Telares;Ciudadanía Digital;Capacitación;34;3;Thursday
2691;325;47;2026-05-04;Presente;Marketing Digital;5;Lucía;Fernández;48684879;Sumampa;Marketing Digital;Capacitación;33;5;Monday
2692;435;11;2026-01-28;Presente;Alfabetización Digital;1;Pedro;Rodríguez;30708720;Sol de Julio;Alfabetización Digital;Capacitación;44;1;Wednesday
2693;314;36;2026-11-21;Presente;Canva;11;Luis;López;33954006;Bandera;Canva;Capacitación;20;11;Saturday
2694;483;19;2026-12-12;Presente;Impresión 3D;12;Ana;Martínez;35624731;Añatuya;Impresión 3D;Capacitación;45;12;Saturday
2695;319;50;2026-08-21;Presente;Ciudadanía Digital;8;Micaela;Torres;44875517;Villa Ojo de Agua;Ciudadanía Digital;Capacitación;34;8;Friday
2696;98;35;2026-03-01;Presente;PowerPoint;3;Sofía;Martínez;40269401;Villa Ojo de Agua;PowerPoint;Capacitación;35;3;Sunday
2697;307;41;2026-03-01;Presente;Alfabetización Digital;3;Sofía;Martínez;37509083;Añatuya;Alfabetización Digital;Capacitación;40;3;Sunday
2698;97;17;2026-08-17;Presente;Marketing Digital;8;Carlos;Rojas;37140773;Pinto;Marketing Digital;Capacitación;24;8;Monday
2699;51;39;2026-07-05;Presente;Impresión 3D;7;José;Gómez;43837643;Los Telares;Impresión 3D;Capacitación;25;7;Sunday
2700;471;47;2026-06-22;Presente;Marketing Digital;6;Luis;López;46137834;Sumampa;Marketing Digital;Capacitación;33;6;Monday
2701;14;28;2026-03-19;Presente;Robótica;3;Micaela;Díaz;38860550;Bandera;Robótica;Capacitación;21;3;Thursday
2702;173;42;2026-02-10;Presente;Python;2;María;Martínez;45185439;Villa Ojo de Agua;Python;Capacitación;29;2;Tuesday
2703;137;11;2026-05-19;Presente;Alfabetización Digital;5;Sofía;López;38637807;Villa Ojo de Agua;Alfabetización Digital;Capacitación;44;5;Tuesday
2704;319;37;2026-12-14;Presente;Marketing Digital;12;Micaela;Torres;44875517;Villa Ojo de Agua;Marketing Digital;Capacitación;26;12;Monday
2705;77;7;2026-04-02;Presente;Marketing Digital;4;José;Martínez;41096760;Sumampa;Marketing Digital;Capacitación;34;4;Thursday
2706;115;34;2026-09-22;Presente;Word;9;Ana;Gómez;33023410;Los Telares;Word;Capacitación;47;9;Tuesday
2707;171;19;2026-01-27;Presente;Impresión 3D;1;José;Díaz;32323268;Pinto;Impresión 3D;Capacitación;45;1;Tuesday
2708;388;4;2026-01-02;Presente;Word;1;José;Gómez;48084909;Añatuya;Word;Capacitación;46;1;Friday
2709;367;27;2026-04-23;Presente;Marketing Digital;4;María;Díaz;48185595;Pinto;Marketing Digital;Capacitación;38;4;Thursday
2710;327;49;2026-09-24;Presente;Impresión 3D;9;Micaela;Rodríguez;37982195;Sol de Julio;Impresión 3D;Capacitación;23;9;Thursday
2711;364;23;2026-03-16;Presente;Excel;3;María;Díaz;41646844;Sumampa;Excel;Capacitación;38;3;Monday
2712;250;35;2026-06-02;Presente;PowerPoint;6;Carlos;Pérez;41544808;Bandera;PowerPoint;Capacitación;35;6;Tuesday
2713;18;45;2026-11-14;Presente;PowerPoint;11;Ana;Rodríguez;42801168;Añatuya;PowerPoint;Capacitación;40;11;Saturday
2714;377;37;2026-07-12;Presente;Marketing Digital;7;Lucía;López;46765456;Sol de Julio;Marketing Digital;Capacitación;26;7;Sunday
2715;279;38;2026-08-15;Presente;Robótica;8;Luis;Martínez;47810748;Sumampa;Robótica;Capacitación;39;8;Saturday
2716;84;38;2026-10-26;Presente;Robótica;10;Lucía;Torres;46549767;Villa Ojo de Agua;Robótica;Capacitación;39;10;Monday
2717;197;31;2026-12-17;Presente;Alfabetización Digital;12;José;López;46545920;Bandera;Alfabetización Digital;Capacitación;45;12;Thursday
2718;467;45;2026-05-24;Presente;PowerPoint;5;Lucía;Martínez;36066051;Villa Ojo de Agua;PowerPoint;Capacitación;40;5;Sunday
2719;464;37;2026-06-12;Presente;Marketing Digital;6;José;Pérez;33878619;Añatuya;Marketing Digital;Capacitación;26;6;Friday
2720;228;11;2026-01-26;Presente;Alfabetización Digital;1;Sofía;Fernández;38920308;Los Telares;Alfabetización Digital;Capacitación;44;1;Monday
2721;81;44;2026-07-17;Presente;Word;7;Ana;Rojas;41151090;Bandera;Word;Capacitación;47;7;Friday
2722;222;19;2026-04-28;Presente;Impresión 3D;4;María;Torres;49242631;Sol de Julio;Impresión 3D;Capacitación;45;4;Tuesday
2723;2;38;2026-11-13;Presente;Robótica;11;Ana;Torres;39537814;Pinto;Robótica;Capacitación;39;11;Friday
2724;437;30;2026-03-04;Presente;Ciudadanía Digital;3;José;Fernández;43703622;Bandera;Ciudadanía Digital;Capacitación;33;3;Wednesday
2725;484;20;2026-11-20;Presente;Ciudadanía Digital;11;Juan;Díaz;32740420;Bandera;Ciudadanía Digital;Capacitación;31;11;Friday
2726;99;23;2026-09-08;Presente;Excel;9;Juan;Suárez;41183572;Añatuya;Excel;Capacitación;38;9;Tuesday
2727;328;35;2026-09-24;Presente;PowerPoint;9;Carlos;Gómez;36118998;Villa Ojo de Agua;PowerPoint;Capacitación;35;9;Thursday
2728;215;46;2026-12-05;Presente;Canva;12;José;Rojas;36611779;Sol de Julio;Canva;Capacitación;35;12;Saturday
2729;492;39;2026-01-21;Presente;Impresión 3D;1;Micaela;Torres;42487463;Los Telares;Impresión 3D;Capacitación;25;1;Wednesday
2730;279;11;2026-02-19;Presente;Alfabetización Digital;2;Luis;Martínez;47810748;Sumampa;Alfabetización Digital;Capacitación;44;2;Thursday
2731;336;31;2026-11-10;Presente;Alfabetización Digital;11;Lucía;Rodríguez;38467996;Bandera;Alfabetización Digital;Capacitación;45;11;Tuesday
2732;233;46;2026-12-08;Presente;Canva;12;María;Fernández;37320068;Añatuya;Canva;Capacitación;35;12;Tuesday
2733;480;36;2026-11-28;Presente;Canva;11;José;Rodríguez;34762156;Pinto;Canva;Capacitación;20;11;Saturday
2734;209;19;2026-10-12;Presente;Impresión 3D;10;Lucía;Pérez;37902891;Villa Ojo de Agua;Impresión 3D;Capacitación;45;10;Monday
2735;58;10;2026-02-09;Presente;Ciudadanía Digital;2;Carlos;Rojas;31066275;Pinto;Ciudadanía Digital;Capacitación;31;2;Monday
2736;173;30;2026-11-01;Presente;Ciudadanía Digital;11;María;Martínez;45185439;Villa Ojo de Agua;Ciudadanía Digital;Capacitación;33;11;Sunday
2737;328;19;2026-08-18;Presente;Impresión 3D;8;Carlos;Gómez;36118998;Villa Ojo de Agua;Impresión 3D;Capacitación;45;8;Tuesday
2738;429;17;2026-07-05;Presente;Marketing Digital;7;María;Pérez;34319579;Los Telares;Marketing Digital;Capacitación;24;7;Sunday
2739;320;5;2026-03-24;Presente;PowerPoint;3;Lucía;Fernández;42974179;Añatuya;PowerPoint;Capacitación;34;3;Tuesday
2740;430;41;2026-02-24;Presente;Alfabetización Digital;2;Lucía;Suárez;49080690;Sumampa;Alfabetización Digital;Capacitación;40;2;Tuesday
2741;155;23;2026-07-06;Presente;Excel;7;Micaela;Torres;40172077;Pinto;Excel;Capacitación;38;7;Monday
2742;456;3;2026-10-23;Presente;Excel;10;José;Torres;38207685;Los Telares;Excel;Capacitación;40;10;Friday
2743;182;47;2026-02-12;Presente;Marketing Digital;2;José;Suárez;41858131;Bandera;Marketing Digital;Capacitación;33;2;Thursday
2744;17;44;2026-04-17;Presente;Word;4;María;Martínez;33869334;Los Telares;Word;Capacitación;47;4;Friday
2745;40;17;2026-06-14;Presente;Marketing Digital;6;Sofía;Rojas;44998060;Sol de Julio;Marketing Digital;Capacitación;24;6;Sunday
2746;428;36;2026-09-08;Presente;Canva;9;Pedro;Pérez;42589884;Añatuya;Canva;Capacitación;20;9;Tuesday
2747;153;42;2026-09-27;Presente;Python;9;Sofía;Rodríguez;43150241;Sol de Julio;Python;Capacitación;29;9;Sunday
2748;464;48;2026-01-08;Presente;Robótica;1;José;Pérez;33878619;Añatuya;Robótica;Capacitación;24;1;Thursday
2749;316;9;2026-08-17;Presente;Impresión 3D;8;María;Martínez;49013958;Los Telares;Impresión 3D;Capacitación;38;8;Monday
2750;210;27;2026-08-05;Presente;Marketing Digital;8;Pedro;Rojas;45951640;Bandera;Marketing Digital;Capacitación;38;8;Wednesday
2751;77;40;2026-07-05;Presente;Ciudadanía Digital;7;José;Martínez;41096760;Sumampa;Ciudadanía Digital;Capacitación;38;7;Sunday
2752;55;44;2026-04-18;Presente;Word;4;Pedro;Fernández;32954267;Sumampa;Word;Capacitación;47;4;Saturday
2753;230;9;2026-09-05;Presente;Impresión 3D;9;Carlos;López;47887991;Sol de Julio;Impresión 3D;Capacitación;38;9;Saturday
2754;416;45;2026-02-08;Presente;PowerPoint;2;María;Díaz;46685403;Bandera;PowerPoint;Capacitación;40;2;Sunday
2755;50;22;2026-07-01;Presente;Python;7;José;Suárez;43768738;Pinto;Python;Capacitación;36;7;Wednesday
2756;62;50;2026-08-21;Presente;Ciudadanía Digital;8;Pedro;Gómez;37144438;Pinto;Ciudadanía Digital;Capacitación;34;8;Friday
2757;220;42;2026-10-16;Presente;Python;10;Ana;Martínez;45742770;Los Telares;Python;Capacitación;29;10;Friday
2758;338;3;2026-05-11;Presente;Excel;5;María;Martínez;32736893;Sol de Julio;Excel;Capacitación;40;5;Monday
2759;221;41;2026-04-25;Presente;Alfabetización Digital;4;Sofía;Suárez;36376999;Sumampa;Alfabetización Digital;Capacitación;40;4;Saturday
2760;275;22;2026-05-23;Presente;Python;5;Luis;Rojas;41792117;Pinto;Python;Capacitación;36;5;Saturday
2761;317;35;2026-06-20;Presente;PowerPoint;6;Sofía;Pérez;45717595;Sumampa;PowerPoint;Capacitación;35;6;Saturday
2762;274;37;2026-04-17;Presente;Marketing Digital;4;José;Torres;46015365;Bandera;Marketing Digital;Capacitación;26;4;Friday
2763;61;3;2026-09-01;Presente;Excel;9;Lucía;Torres;49381921;Los Telares;Excel;Capacitación;40;9;Tuesday
2764;99;7;2026-11-09;Presente;Marketing Digital;11;Juan;Suárez;41183572;Añatuya;Marketing Digital;Capacitación;34;11;Monday
2765;26;28;2026-12-13;Presente;Robótica;12;María;Martínez;31156450;Sumampa;Robótica;Capacitación;21;12;Sunday
2766;112;21;2026-10-12;Presente;Alfabetización Digital;10;Pedro;Fernández;40150282;Sumampa;Alfabetización Digital;Capacitación;23;10;Monday
2767;402;41;2026-07-14;Presente;Alfabetización Digital;7;Micaela;Gómez;49302982;Añatuya;Alfabetización Digital;Capacitación;40;7;Tuesday
2768;30;34;2026-06-08;Presente;Word;6;Sofía;Pérez;31314489;Villa Ojo de Agua;Word;Capacitación;47;6;Monday
2769;178;50;2026-06-18;Presente;Ciudadanía Digital;6;Ana;Torres;33676375;Añatuya;Ciudadanía Digital;Capacitación;34;6;Thursday
2770;38;42;2026-01-06;Presente;Python;1;Lucía;Fernández;34774425;Añatuya;Python;Capacitación;29;1;Tuesday
2771;42;32;2026-03-16;Presente;Python;3;Ana;Díaz;48356653;Villa Ojo de Agua;Python;Capacitación;26;3;Monday
2772;197;16;2026-03-17;Presente;Canva;3;José;López;46545920;Bandera;Canva;Capacitación;35;3;Tuesday
2773;152;40;2026-07-28;Presente;Ciudadanía Digital;7;Lucía;Díaz;44200134;Añatuya;Ciudadanía Digital;Capacitación;38;7;Tuesday
2774;27;26;2026-06-20;Presente;Canva;6;Pedro;Martínez;37902858;Añatuya;Canva;Capacitación;35;6;Saturday
2775;223;32;2026-04-05;Presente;Python;4;Pedro;López;32163127;Los Telares;Python;Capacitación;26;4;Sunday
2776;451;9;2026-01-11;Presente;Impresión 3D;1;Carlos;Rodríguez;40107712;Villa Ojo de Agua;Impresión 3D;Capacitación;38;1;Sunday
2777;9;16;2026-07-01;Presente;Canva;7;María;Gómez;30864639;Pinto;Canva;Capacitación;35;7;Wednesday
2778;118;17;2026-07-26;Presente;Marketing Digital;7;Juan;Suárez;46692486;Pinto;Marketing Digital;Capacitación;24;7;Sunday
2779;4;19;2026-08-17;Presente;Impresión 3D;8;Sofía;Suárez;37031326;Sol de Julio;Impresión 3D;Capacitación;45;8;Monday
2780;271;6;2026-10-13;Presente;Canva;10;Lucía;Martínez;39965294;Sumampa;Canva;Capacitación;43;10;Tuesday
2781;132;5;2026-10-02;Presente;PowerPoint;10;María;Fernández;32103884;Los Telares;PowerPoint;Capacitación;34;10;Friday
2782;59;11;2026-06-04;Presente;Alfabetización Digital;6;Juan;Torres;39922739;Bandera;Alfabetización Digital;Capacitación;44;6;Thursday
2783;274;40;2026-08-13;Presente;Ciudadanía Digital;8;José;Torres;46015365;Bandera;Ciudadanía Digital;Capacitación;38;8;Thursday
2784;403;29;2026-04-24;Presente;Impresión 3D;4;Juan;Suárez;40314380;Sumampa;Impresión 3D;Capacitación;39;4;Friday
2785;55;49;2026-12-24;Presente;Impresión 3D;12;Pedro;Fernández;32954267;Sumampa;Impresión 3D;Capacitación;23;12;Thursday
2786;446;14;2026-04-25;Presente;Word;4;Luis;Gómez;49630143;Sol de Julio;Word;Capacitación;27;4;Saturday
2787;36;11;2026-06-21;Presente;Alfabetización Digital;6;Juan;Gómez;41774348;Pinto;Alfabetización Digital;Capacitación;44;6;Sunday
2788;224;14;2026-03-17;Presente;Word;3;Lucía;Fernández;47763218;Añatuya;Word;Capacitación;27;3;Tuesday
2789;211;33;2026-08-21;Presente;Excel;8;Pedro;Rodríguez;41705443;Sol de Julio;Excel;Capacitación;24;8;Friday
2790;468;42;2026-04-22;Presente;Python;4;Juan;Torres;47979558;Pinto;Python;Capacitación;29;4;Wednesday
2791;189;49;2026-12-09;Presente;Impresión 3D;12;Luis;Gómez;46920536;Villa Ojo de Agua;Impresión 3D;Capacitación;23;12;Wednesday
2792;231;40;2026-05-08;Presente;Ciudadanía Digital;5;Juan;Pérez;40829076;Añatuya;Ciudadanía Digital;Capacitación;38;5;Friday
2793;37;28;2026-11-28;Presente;Robótica;11;José;Martínez;39708105;Villa Ojo de Agua;Robótica;Capacitación;21;11;Saturday
2794;77;35;2026-01-14;Presente;PowerPoint;1;José;Martínez;41096760;Sumampa;PowerPoint;Capacitación;35;1;Wednesday
2795;380;41;2026-08-21;Presente;Alfabetización Digital;8;María;López;49506471;Los Telares;Alfabetización Digital;Capacitación;40;8;Friday
2796;292;40;2026-07-18;Presente;Ciudadanía Digital;7;José;Rodríguez;36318859;Los Telares;Ciudadanía Digital;Capacitación;38;7;Saturday
2797;166;3;2026-06-03;Presente;Excel;6;Luis;Rodríguez;42105075;Villa Ojo de Agua;Excel;Capacitación;40;6;Wednesday
2798;354;2;2026-05-14;Presente;Python;5;Carlos;Fernández;41969316;Pinto;Python;Capacitación;21;5;Thursday
2799;293;9;2026-07-14;Presente;Impresión 3D;7;Carlos;Martínez;46005510;Sumampa;Impresión 3D;Capacitación;38;7;Tuesday
2800;293;49;2026-03-05;Presente;Impresión 3D;3;Carlos;Martínez;46005510;Sumampa;Impresión 3D;Capacitación;23;3;Thursday
2801;431;11;2026-09-06;Presente;Alfabetización Digital;9;Carlos;Suárez;47707700;Los Telares;Alfabetización Digital;Capacitación;44;9;Sunday
2802;73;37;2026-07-15;Presente;Marketing Digital;7;Sofía;Fernández;43663794;Añatuya;Marketing Digital;Capacitación;26;7;Wednesday
2803;113;12;2026-12-14;Presente;Python;12;Ana;Fernández;37545616;Los Telares;Python;Capacitación;35;12;Monday
2804;495;48;2026-04-09;Presente;Robótica;4;Sofía;López;46575642;Añatuya;Robótica;Capacitación;24;4;Thursday
2805;431;11;2026-01-12;Presente;Alfabetización Digital;1;Carlos;Suárez;47707700;Los Telares;Alfabetización Digital;Capacitación;44;1;Monday
2806;384;47;2026-07-13;Presente;Marketing Digital;7;María;Pérez;34122685;Sumampa;Marketing Digital;Capacitación;33;7;Monday
2807;400;33;2026-11-25;Presente;Excel;11;María;Torres;36468521;Sumampa;Excel;Capacitación;24;11;Wednesday
2808;69;18;2026-02-11;Presente;Robótica;2;María;Gómez;45628192;Villa Ojo de Agua;Robótica;Capacitación;36;2;Wednesday
2809;358;28;2026-07-20;Presente;Robótica;7;Luis;López;37137532;Los Telares;Robótica;Capacitación;21;7;Monday
2810;296;25;2026-12-07;Presente;PowerPoint;12;Micaela;Torres;49602855;Sumampa;PowerPoint;Capacitación;25;12;Monday
2811;351;3;2026-06-27;Presente;Excel;6;Carlos;Pérez;34716976;Pinto;Excel;Capacitación;40;6;Saturday
2812;61;29;2026-08-19;Presente;Impresión 3D;8;Lucía;Torres;49381921;Los Telares;Impresión 3D;Capacitación;39;8;Wednesday
2813;454;33;2026-08-19;Presente;Excel;8;María;Gómez;32220435;Sol de Julio;Excel;Capacitación;24;8;Wednesday
2814;328;22;2026-07-07;Presente;Python;7;Carlos;Gómez;36118998;Villa Ojo de Agua;Python;Capacitación;36;7;Tuesday
2815;254;12;2026-07-02;Presente;Python;7;María;Rodríguez;40625922;Sol de Julio;Python;Capacitación;35;7;Thursday
2816;327;24;2026-03-22;Presente;Word;3;Micaela;Rodríguez;37982195;Sol de Julio;Word;Capacitación;23;3;Sunday
2817;398;22;2026-03-01;Presente;Python;3;Lucía;Fernández;33665544;Bandera;Python;Capacitación;36;3;Sunday
2818;174;32;2026-07-23;Presente;Python;7;María;Rojas;42071303;Añatuya;Python;Capacitación;26;7;Thursday
2819;423;50;2026-08-14;Presente;Ciudadanía Digital;8;Micaela;Gómez;32455449;Sumampa;Ciudadanía Digital;Capacitación;34;8;Friday
2820;188;11;2026-12-20;Presente;Alfabetización Digital;12;Luis;Suárez;46669122;Sol de Julio;Alfabetización Digital;Capacitación;44;12;Sunday
2821;376;25;2026-10-16;Presente;PowerPoint;10;Luis;Pérez;38314458;Bandera;PowerPoint;Capacitación;25;10;Friday
2822;330;41;2026-08-12;Presente;Alfabetización Digital;8;Sofía;Fernández;49387781;Sumampa;Alfabetización Digital;Capacitación;40;8;Wednesday
2823;62;46;2026-03-02;Presente;Canva;3;Pedro;Gómez;37144438;Pinto;Canva;Capacitación;35;3;Monday
2824;375;38;2026-07-12;Presente;Robótica;7;Ana;Gómez;33204029;Los Telares;Robótica;Capacitación;39;7;Sunday
2825;496;2;2026-04-04;Presente;Python;4;Lucía;Torres;39868335;Sol de Julio;Python;Capacitación;21;4;Saturday
2826;430;27;2026-10-20;Presente;Marketing Digital;10;Lucía;Suárez;49080690;Sumampa;Marketing Digital;Capacitación;38;10;Tuesday
2827;222;44;2026-12-04;Presente;Word;12;María;Torres;49242631;Sol de Julio;Word;Capacitación;47;12;Friday
2828;168;27;2026-12-17;Presente;Marketing Digital;12;María;López;30273292;Añatuya;Marketing Digital;Capacitación;38;12;Thursday
2829;114;2;2026-06-19;Presente;Python;6;Sofía;Pérez;31024301;Pinto;Python;Capacitación;21;6;Friday
2830;307;3;2026-09-25;Presente;Excel;9;Sofía;Martínez;37509083;Añatuya;Excel;Capacitación;40;9;Friday
2831;208;46;2026-08-21;Presente;Canva;8;Lucía;Rojas;32856465;Sumampa;Canva;Capacitación;35;8;Friday
2832;363;49;2026-04-07;Presente;Impresión 3D;4;Lucía;Gómez;44702928;Bandera;Impresión 3D;Capacitación;23;4;Tuesday
2833;159;31;2026-01-10;Presente;Alfabetización Digital;1;Luis;López;44606655;Los Telares;Alfabetización Digital;Capacitación;45;1;Saturday
2834;151;34;2026-09-23;Presente;Word;9;Pedro;López;40456268;Villa Ojo de Agua;Word;Capacitación;47;9;Wednesday
2835;468;29;2026-12-26;Presente;Impresión 3D;12;Juan;Torres;47979558;Pinto;Impresión 3D;Capacitación;39;12;Saturday
2836;28;2;2026-10-16;Presente;Python;10;José;Torres;41993868;Añatuya;Python;Capacitación;21;10;Friday
2837;275;25;2026-04-10;Presente;PowerPoint;4;Luis;Rojas;41792117;Pinto;PowerPoint;Capacitación;25;4;Friday
2838;47;8;2026-06-25;Presente;Robótica;6;Micaela;Rodríguez;36965594;Pinto;Robótica;Capacitación;35;6;Thursday
2839;152;48;2026-07-19;Presente;Robótica;7;Lucía;Díaz;44200134;Añatuya;Robótica;Capacitación;24;7;Sunday
2840;329;8;2026-08-01;Presente;Robótica;8;José;Rojas;30036479;Villa Ojo de Agua;Robótica;Capacitación;35;8;Saturday
2841;186;10;2026-02-11;Presente;Ciudadanía Digital;2;José;Pérez;33334532;Villa Ojo de Agua;Ciudadanía Digital;Capacitación;31;2;Wednesday
2842;47;3;2026-06-13;Presente;Excel;6;Micaela;Rodríguez;36965594;Pinto;Excel;Capacitación;40;6;Saturday
2843;266;38;2026-10-22;Presente;Robótica;10;Juan;Fernández;47490307;Bandera;Robótica;Capacitación;39;10;Thursday
2844;183;5;2026-03-23;Presente;PowerPoint;3;Juan;Rodríguez;44320473;Bandera;PowerPoint;Capacitación;34;3;Monday
2845;48;43;2026-07-03;Presente;Excel;7;Luis;Martínez;35327101;Villa Ojo de Agua;Excel;Capacitación;21;7;Friday
2846;132;39;2026-10-20;Presente;Impresión 3D;10;María;Fernández;32103884;Los Telares;Impresión 3D;Capacitación;25;10;Tuesday
2847;10;1;2026-07-08;Presente;Alfabetización Digital;7;Carlos;Rodríguez;35055177;Villa Ojo de Agua;Alfabetización Digital;Capacitación;27;7;Wednesday
2848;146;21;2026-03-09;Presente;Alfabetización Digital;3;Lucía;Torres;38356319;Bandera;Alfabetización Digital;Capacitación;23;3;Monday
2849;162;47;2026-06-22;Presente;Marketing Digital;6;Sofía;López;31438798;Pinto;Marketing Digital;Capacitación;33;6;Monday
2850;124;47;2026-02-10;Presente;Marketing Digital;2;María;Fernández;48663357;Sumampa;Marketing Digital;Capacitación;33;2;Tuesday
2851;220;50;2026-08-02;Presente;Ciudadanía Digital;8;Ana;Martínez;45742770;Los Telares;Ciudadanía Digital;Capacitación;34;8;Sunday
2852;395;40;2026-02-17;Presente;Ciudadanía Digital;2;Micaela;Rodríguez;49586214;Sol de Julio;Ciudadanía Digital;Capacitación;38;2;Tuesday
2853;499;8;2026-08-26;Presente;Robótica;8;Juan;Fernández;40503084;Bandera;Robótica;Capacitación;35;8;Wednesday
2854;449;8;2026-10-10;Presente;Robótica;10;Luis;Torres;33529199;Añatuya;Robótica;Capacitación;35;10;Saturday
2855;349;1;2026-11-11;Presente;Alfabetización Digital;11;Pedro;López;34660024;Añatuya;Alfabetización Digital;Capacitación;27;11;Wednesday
2856;209;15;2026-01-17;Presente;PowerPoint;1;Lucía;Pérez;37902891;Villa Ojo de Agua;PowerPoint;Capacitación;38;1;Saturday
2857;244;48;2026-07-17;Presente;Robótica;7;Micaela;Rodríguez;37687649;Sumampa;Robótica;Capacitación;24;7;Friday
2858;201;16;2026-05-21;Presente;Canva;5;Micaela;Martínez;47985418;Villa Ojo de Agua;Canva;Capacitación;35;5;Thursday
2859;203;10;2026-08-04;Presente;Ciudadanía Digital;8;Carlos;Fernández;33291655;Sumampa;Ciudadanía Digital;Capacitación;31;8;Tuesday
2860;23;22;2026-11-07;Presente;Python;11;Carlos;Díaz;38885424;Añatuya;Python;Capacitación;36;11;Saturday
2861;290;13;2026-01-19;Presente;Excel;1;Sofía;Suárez;40676783;Sol de Julio;Excel;Capacitación;25;1;Monday
2862;10;9;2026-05-08;Presente;Impresión 3D;5;Carlos;Rodríguez;35055177;Villa Ojo de Agua;Impresión 3D;Capacitación;38;5;Friday
2863;167;26;2026-10-01;Presente;Canva;10;Carlos;López;43851567;Añatuya;Canva;Capacitación;35;10;Thursday
2864;374;18;2026-06-09;Presente;Robótica;6;Lucía;Suárez;42782960;Pinto;Robótica;Capacitación;36;6;Tuesday
2865;426;29;2026-08-27;Presente;Impresión 3D;8;Ana;Fernández;41005250;Añatuya;Impresión 3D;Capacitación;39;8;Thursday
2866;105;32;2026-02-21;Presente;Python;2;Pedro;Suárez;46677715;Añatuya;Python;Capacitación;26;2;Saturday
2867;185;6;2026-10-08;Presente;Canva;10;José;Rodríguez;32154666;Sumampa;Canva;Capacitación;43;10;Thursday
2868;489;49;2026-07-17;Presente;Impresión 3D;7;María;López;42651426;Sol de Julio;Impresión 3D;Capacitación;23;7;Friday
2869;344;48;2026-01-07;Presente;Robótica;1;Ana;Rojas;33857891;Villa Ojo de Agua;Robótica;Capacitación;24;1;Wednesday
2870;375;45;2026-03-04;Presente;PowerPoint;3;Ana;Gómez;33204029;Los Telares;PowerPoint;Capacitación;40;3;Wednesday
2871;175;41;2026-05-27;Presente;Alfabetización Digital;5;Carlos;Rodríguez;30196596;Villa Ojo de Agua;Alfabetización Digital;Capacitación;40;5;Wednesday
2872;354;13;2026-04-18;Presente;Excel;4;Carlos;Fernández;41969316;Pinto;Excel;Capacitación;25;4;Saturday
2873;292;21;2026-09-25;Presente;Alfabetización Digital;9;José;Rodríguez;36318859;Los Telares;Alfabetización Digital;Capacitación;23;9;Friday
2874;78;41;2026-05-28;Presente;Alfabetización Digital;5;Carlos;Rodríguez;46539592;Los Telares;Alfabetización Digital;Capacitación;40;5;Thursday
2875;379;43;2026-03-04;Presente;Excel;3;José;Rojas;42064078;Sol de Julio;Excel;Capacitación;21;3;Wednesday
2876;417;17;2026-10-12;Presente;Marketing Digital;10;Luis;López;43070651;Los Telares;Marketing Digital;Capacitación;24;10;Monday
2877;435;21;2026-06-17;Presente;Alfabetización Digital;6;Pedro;Rodríguez;30708720;Sol de Julio;Alfabetización Digital;Capacitación;23;6;Wednesday
2878;38;28;2026-04-13;Presente;Robótica;4;Lucía;Fernández;34774425;Añatuya;Robótica;Capacitación;21;4;Monday
2879;27;29;2026-02-06;Presente;Impresión 3D;2;Pedro;Martínez;37902858;Añatuya;Impresión 3D;Capacitación;39;2;Friday
2880;15;4;2026-12-15;Presente;Word;12;María;Torres;45981305;Añatuya;Word;Capacitación;46;12;Tuesday
2881;475;2;2026-12-15;Presente;Python;12;José;Rojas;45856757;Sol de Julio;Python;Capacitación;21;12;Tuesday
2882;68;2;2026-10-19;Presente;Python;10;Ana;Suárez;38323344;Sol de Julio;Python;Capacitación;21;10;Monday
2883;151;12;2026-03-10;Presente;Python;3;Pedro;López;40456268;Villa Ojo de Agua;Python;Capacitación;35;3;Tuesday
2884;463;47;2026-11-24;Presente;Marketing Digital;11;Sofía;Suárez;48624116;Sumampa;Marketing Digital;Capacitación;33;11;Tuesday
2885;457;17;2026-03-28;Presente;Marketing Digital;3;Ana;Suárez;41713496;Villa Ojo de Agua;Marketing Digital;Capacitación;24;3;Saturday
2886;499;1;2026-07-10;Presente;Alfabetización Digital;7;Juan;Fernández;40503084;Bandera;Alfabetización Digital;Capacitación;27;7;Friday
2887;74;16;2026-07-25;Presente;Canva;7;Lucía;Suárez;43728390;Sumampa;Canva;Capacitación;35;7;Saturday
2888;214;5;2026-02-04;Presente;PowerPoint;2;José;Suárez;30991429;Los Telares;PowerPoint;Capacitación;34;2;Wednesday
2889;422;11;2026-04-21;Presente;Alfabetización Digital;4;Micaela;Gómez;47438257;Bandera;Alfabetización Digital;Capacitación;44;4;Tuesday
2890;219;34;2026-03-26;Presente;Word;3;María;Pérez;39897855;Sumampa;Word;Capacitación;47;3;Thursday
2891;29;22;2026-05-18;Presente;Python;5;Juan;Pérez;43363767;Villa Ojo de Agua;Python;Capacitación;36;5;Monday
2892;379;44;2026-09-19;Presente;Word;9;José;Rojas;42064078;Sol de Julio;Word;Capacitación;47;9;Saturday
2893;446;39;2026-12-19;Presente;Impresión 3D;12;Luis;Gómez;49630143;Sol de Julio;Impresión 3D;Capacitación;25;12;Saturday
2894;5;20;2026-04-18;Presente;Ciudadanía Digital;4;Pedro;Suárez;31889133;Sumampa;Ciudadanía Digital;Capacitación;31;4;Saturday
2895;424;24;2026-06-24;Presente;Word;6;Pedro;Torres;41388547;Sumampa;Word;Capacitación;23;6;Wednesday
2896;319;2;2026-10-11;Presente;Python;10;Micaela;Torres;44875517;Villa Ojo de Agua;Python;Capacitación;21;10;Sunday
2897;461;5;2026-10-03;Presente;PowerPoint;10;Juan;López;38542540;Añatuya;PowerPoint;Capacitación;34;10;Saturday
2898;309;8;2026-09-06;Presente;Robótica;9;Juan;López;36349213;Sumampa;Robótica;Capacitación;35;9;Sunday
2899;303;40;2026-05-10;Presente;Ciudadanía Digital;5;Lucía;Torres;30623229;Sol de Julio;Ciudadanía Digital;Capacitación;38;5;Sunday
2900;257;16;2026-06-23;Presente;Canva;6;Sofía;Martínez;40738418;Añatuya;Canva;Capacitación;35;6;Tuesday
2901;54;12;2026-01-27;Presente;Python;1;Pedro;Martínez;48988061;Sol de Julio;Python;Capacitación;35;1;Tuesday
2902;289;17;2026-09-06;Presente;Marketing Digital;9;Micaela;Rodríguez;46795266;Añatuya;Marketing Digital;Capacitación;24;9;Sunday
2903;500;3;2026-08-23;Presente;Excel;8;Ana;Gómez;39775209;Añatuya;Excel;Capacitación;40;8;Sunday
2904;127;24;2026-01-04;Presente;Word;1;Ana;Gómez;47850551;Bandera;Word;Capacitación;23;1;Sunday
2905;37;16;2026-03-13;Presente;Canva;3;José;Martínez;39708105;Villa Ojo de Agua;Canva;Capacitación;35;3;Friday
2906;179;3;2026-10-24;Presente;Excel;10;Pedro;Díaz;45316320;Los Telares;Excel;Capacitación;40;10;Saturday
2907;84;3;2026-11-07;Presente;Excel;11;Lucía;Torres;46549767;Villa Ojo de Agua;Excel;Capacitación;40;11;Saturday
2908;62;42;2026-10-09;Presente;Python;10;Pedro;Gómez;37144438;Pinto;Python;Capacitación;29;10;Friday
2909;104;20;2026-08-03;Presente;Ciudadanía Digital;8;Carlos;Pérez;48271193;Bandera;Ciudadanía Digital;Capacitación;31;8;Monday
2910;447;35;2026-12-26;Presente;PowerPoint;12;Ana;Fernández;38101523;Pinto;PowerPoint;Capacitación;35;12;Saturday
2911;276;42;2026-10-21;Presente;Python;10;María;López;34038029;Sumampa;Python;Capacitación;29;10;Wednesday
2912;267;33;2026-04-07;Presente;Excel;4;Lucía;Rojas;32560612;Añatuya;Excel;Capacitación;24;4;Tuesday
2913;447;19;2026-08-14;Presente;Impresión 3D;8;Ana;Fernández;38101523;Pinto;Impresión 3D;Capacitación;45;8;Friday
2914;296;1;2026-03-02;Presente;Alfabetización Digital;3;Micaela;Torres;49602855;Sumampa;Alfabetización Digital;Capacitación;27;3;Monday
2915;262;19;2026-04-20;Presente;Impresión 3D;4;Luis;Rodríguez;49552205;Villa Ojo de Agua;Impresión 3D;Capacitación;45;4;Monday
2916;414;36;2026-09-12;Presente;Canva;9;Juan;Rojas;39781917;Villa Ojo de Agua;Canva;Capacitación;20;9;Saturday
2917;28;1;2026-11-13;Presente;Alfabetización Digital;11;José;Torres;41993868;Añatuya;Alfabetización Digital;Capacitación;27;11;Friday
2918;298;45;2026-10-22;Presente;PowerPoint;10;Sofía;Rojas;30231951;Villa Ojo de Agua;PowerPoint;Capacitación;40;10;Thursday
2919;111;49;2026-01-18;Presente;Impresión 3D;1;José;López;35903632;Sol de Julio;Impresión 3D;Capacitación;23;1;Sunday
2920;120;15;2026-11-06;Presente;PowerPoint;11;Lucía;Gómez;45143697;Villa Ojo de Agua;PowerPoint;Capacitación;38;11;Friday
2921;43;13;2026-03-01;Presente;Excel;3;Pedro;Torres;44880227;Bandera;Excel;Capacitación;25;3;Sunday
2922;417;23;2026-09-05;Presente;Excel;9;Luis;López;43070651;Los Telares;Excel;Capacitación;38;9;Saturday
2923;56;9;2026-07-10;Presente;Impresión 3D;7;Micaela;Pérez;39350398;Pinto;Impresión 3D;Capacitación;38;7;Friday
2924;248;45;2026-09-20;Presente;PowerPoint;9;Carlos;Torres;42912530;Los Telares;PowerPoint;Capacitación;40;9;Sunday
2925;123;38;2026-04-23;Presente;Robótica;4;Ana;Gómez;46780935;Añatuya;Robótica;Capacitación;39;4;Thursday
2926;43;3;2026-04-11;Presente;Excel;4;Pedro;Torres;44880227;Bandera;Excel;Capacitación;40;4;Saturday
2927;255;1;2026-08-19;Presente;Alfabetización Digital;8;Pedro;Suárez;40367063;Añatuya;Alfabetización Digital;Capacitación;27;8;Wednesday
2928;447;30;2026-07-18;Presente;Ciudadanía Digital;7;Ana;Fernández;38101523;Pinto;Ciudadanía Digital;Capacitación;33;7;Saturday
2929;243;14;2026-09-17;Presente;Word;9;Micaela;Torres;36255630;Sumampa;Word;Capacitación;27;9;Thursday
2930;9;33;2026-03-28;Presente;Excel;3;María;Gómez;30864639;Pinto;Excel;Capacitación;24;3;Saturday
2931;216;8;2026-07-16;Presente;Robótica;7;Micaela;López;47206953;Pinto;Robótica;Capacitación;35;7;Thursday
2932;110;36;2026-02-03;Presente;Canva;2;Micaela;Gómez;46646841;Sumampa;Canva;Capacitación;20;2;Tuesday
2933;13;24;2026-07-09;Presente;Word;7;María;Pérez;39085013;Bandera;Word;Capacitación;23;7;Thursday
2934;106;50;2026-01-28;Presente;Ciudadanía Digital;1;Ana;Fernández;49407005;Los Telares;Ciudadanía Digital;Capacitación;34;1;Wednesday
2935;441;44;2026-08-14;Presente;Word;8;Sofía;Martínez;37199922;Sumampa;Word;Capacitación;47;8;Friday
2936;351;28;2026-01-10;Presente;Robótica;1;Carlos;Pérez;34716976;Pinto;Robótica;Capacitación;21;1;Saturday
2937;92;38;2026-04-03;Presente;Robótica;4;María;Díaz;47353267;Pinto;Robótica;Capacitación;39;4;Friday
2938;41;44;2026-02-13;Presente;Word;2;María;Torres;36741949;Bandera;Word;Capacitación;47;2;Friday
2939;418;36;2026-10-02;Presente;Canva;10;Pedro;Gómez;30873779;Añatuya;Canva;Capacitación;20;10;Friday
2940;313;6;2026-07-18;Presente;Canva;7;Juan;López;47027313;Pinto;Canva;Capacitación;43;7;Saturday
2941;292;43;2026-10-08;Presente;Excel;10;José;Rodríguez;36318859;Los Telares;Excel;Capacitación;21;10;Thursday
2942;414;33;2026-06-02;Presente;Excel;6;Juan;Rojas;39781917;Villa Ojo de Agua;Excel;Capacitación;24;6;Tuesday
2943;478;13;2026-05-05;Presente;Excel;5;María;Suárez;47882212;Sol de Julio;Excel;Capacitación;25;5;Tuesday
2944;404;46;2026-05-03;Presente;Canva;5;María;López;37032574;Bandera;Canva;Capacitación;35;5;Sunday
2945;132;24;2026-02-06;Presente;Word;2;María;Fernández;32103884;Los Telares;Word;Capacitación;23;2;Friday
2946;352;27;2026-02-21;Presente;Marketing Digital;2;Sofía;Pérez;36753606;Sol de Julio;Marketing Digital;Capacitación;38;2;Saturday
2947;463;10;2026-09-09;Presente;Ciudadanía Digital;9;Sofía;Suárez;48624116;Sumampa;Ciudadanía Digital;Capacitación;31;9;Wednesday
2948;152;15;2026-01-22;Presente;PowerPoint;1;Lucía;Díaz;44200134;Añatuya;PowerPoint;Capacitación;38;1;Thursday
2949;30;18;2026-03-25;Presente;Robótica;3;Sofía;Pérez;31314489;Villa Ojo de Agua;Robótica;Capacitación;36;3;Wednesday
2950;313;47;2026-08-15;Presente;Marketing Digital;8;Juan;López;47027313;Pinto;Marketing Digital;Capacitación;33;8;Saturday
2951;292;43;2026-08-23;Presente;Excel;8;José;Rodríguez;36318859;Los Telares;Excel;Capacitación;21;8;Sunday
2952;377;24;2026-11-19;Presente;Word;11;Lucía;López;46765456;Sol de Julio;Word;Capacitación;23;11;Thursday
2953;459;50;2026-08-23;Presente;Ciudadanía Digital;8;Sofía;Gómez;33077473;Bandera;Ciudadanía Digital;Capacitación;34;8;Sunday
2954;93;37;2026-03-13;Presente;Marketing Digital;3;Lucía;Pérez;42185537;Villa Ojo de Agua;Marketing Digital;Capacitación;26;3;Friday
2955;350;26;2026-12-08;Presente;Canva;12;Carlos;López;48211342;Villa Ojo de Agua;Canva;Capacitación;35;12;Tuesday
2956;214;11;2026-10-12;Presente;Alfabetización Digital;10;José;Suárez;30991429;Los Telares;Alfabetización Digital;Capacitación;44;10;Monday
2957;102;50;2026-03-22;Presente;Ciudadanía Digital;3;Micaela;Díaz;41096482;Villa Ojo de Agua;Ciudadanía Digital;Capacitación;34;3;Sunday
2958;80;24;2026-11-26;Presente;Word;11;Sofía;Rojas;44764418;Sol de Julio;Word;Capacitación;23;11;Thursday
2959;205;19;2026-06-15;Presente;Impresión 3D;6;José;Gómez;48386318;Pinto;Impresión 3D;Capacitación;45;6;Monday
2960;51;35;2026-10-08;Presente;PowerPoint;10;José;Gómez;43837643;Los Telares;PowerPoint;Capacitación;35;10;Thursday
2961;460;34;2026-10-21;Presente;Word;10;José;Rodríguez;36395011;Añatuya;Word;Capacitación;47;10;Wednesday
2962;65;43;2026-11-09;Presente;Excel;11;Juan;López;49619964;Pinto;Excel;Capacitación;21;11;Monday
2963;392;15;2026-03-13;Presente;PowerPoint;3;José;López;47560747;Añatuya;PowerPoint;Capacitación;38;3;Friday
2964;393;20;2026-10-01;Presente;Ciudadanía Digital;10;María;López;34420630;Bandera;Ciudadanía Digital;Capacitación;31;10;Thursday
2965;180;1;2026-12-22;Presente;Alfabetización Digital;12;Carlos;Rojas;32607251;Sol de Julio;Alfabetización Digital;Capacitación;27;12;Tuesday
2966;271;12;2026-01-06;Presente;Python;1;Lucía;Martínez;39965294;Sumampa;Python;Capacitación;35;1;Tuesday
2967;340;23;2026-06-15;Presente;Excel;6;Lucía;Díaz;41417859;Añatuya;Excel;Capacitación;38;6;Monday
2968;199;29;2026-11-12;Presente;Impresión 3D;11;María;Gómez;35546411;Añatuya;Impresión 3D;Capacitación;39;11;Thursday
2969;367;23;2026-06-22;Presente;Excel;6;María;Díaz;48185595;Pinto;Excel;Capacitación;38;6;Monday
2970;37;39;2026-06-03;Presente;Impresión 3D;6;José;Martínez;39708105;Villa Ojo de Agua;Impresión 3D;Capacitación;25;6;Wednesday
2971;471;21;2026-06-08;Presente;Alfabetización Digital;6;Luis;López;46137834;Sumampa;Alfabetización Digital;Capacitación;23;6;Monday
2972;363;44;2026-02-18;Presente;Word;2;Lucía;Gómez;44702928;Bandera;Word;Capacitación;47;2;Wednesday
2973;147;6;2026-12-22;Presente;Canva;12;Luis;Fernández;41289440;Añatuya;Canva;Capacitación;43;12;Tuesday
2974;28;30;2026-03-28;Presente;Ciudadanía Digital;3;José;Torres;41993868;Añatuya;Ciudadanía Digital;Capacitación;33;3;Saturday
2975;249;1;2026-01-04;Presente;Alfabetización Digital;1;Lucía;Gómez;37456023;Villa Ojo de Agua;Alfabetización Digital;Capacitación;27;1;Sunday
2976;481;13;2026-07-28;Presente;Excel;7;Micaela;Rodríguez;45424992;Villa Ojo de Agua;Excel;Capacitación;25;7;Tuesday
2977;63;21;2026-09-05;Presente;Alfabetización Digital;9;Carlos;Gómez;45174934;Villa Ojo de Agua;Alfabetización Digital;Capacitación;23;9;Saturday
2978;194;3;2026-04-18;Presente;Excel;4;Pedro;Torres;41071021;Villa Ojo de Agua;Excel;Capacitación;40;4;Saturday
2979;50;35;2026-06-06;Presente;PowerPoint;6;José;Suárez;43768738;Pinto;PowerPoint;Capacitación;35;6;Saturday
2980;466;50;2026-04-06;Presente;Ciudadanía Digital;4;Micaela;Rodríguez;36125111;Los Telares;Ciudadanía Digital;Capacitación;34;4;Monday
2981;390;25;2026-04-16;Presente;PowerPoint;4;Luis;Díaz;40944493;Los Telares;PowerPoint;Capacitación;25;4;Thursday
2982;311;37;2026-01-25;Presente;Marketing Digital;1;José;Fernández;48785176;Pinto;Marketing Digital;Capacitación;26;1;Sunday
2983;295;17;2026-10-23;Presente;Marketing Digital;10;Sofía;Torres;49429261;Los Telares;Marketing Digital;Capacitación;24;10;Friday
2984;189;50;2026-05-20;Presente;Ciudadanía Digital;5;Luis;Gómez;46920536;Villa Ojo de Agua;Ciudadanía Digital;Capacitación;34;5;Wednesday
2985;50;32;2026-10-20;Presente;Python;10;José;Suárez;43768738;Pinto;Python;Capacitación;26;10;Tuesday
2986;66;4;2026-07-27;Presente;Word;7;Ana;Rojas;37495613;Sumampa;Word;Capacitación;46;7;Monday
2987;347;29;2026-12-16;Presente;Impresión 3D;12;Carlos;Gómez;34977791;Pinto;Impresión 3D;Capacitación;39;12;Wednesday
2988;352;10;2026-10-23;Presente;Ciudadanía Digital;10;Sofía;Pérez;36753606;Sol de Julio;Ciudadanía Digital;Capacitación;31;10;Friday
2989;161;5;2026-01-24;Presente;PowerPoint;1;Carlos;Fernández;30585216;Villa Ojo de Agua;PowerPoint;Capacitación;34;1;Saturday
2990;40;46;2026-05-04;Presente;Canva;5;Sofía;Rojas;44998060;Sol de Julio;Canva;Capacitación;35;5;Monday
2991;482;9;2026-05-23;Presente;Impresión 3D;5;Carlos;Fernández;32551781;Villa Ojo de Agua;Impresión 3D;Capacitación;38;5;Saturday
2992;258;6;2026-02-21;Presente;Canva;2;Luis;Martínez;43017061;Sumampa;Canva;Capacitación;43;2;Saturday
2993;328;7;2026-06-07;Presente;Marketing Digital;6;Carlos;Gómez;36118998;Villa Ojo de Agua;Marketing Digital;Capacitación;34;6;Sunday
2994;386;10;2026-02-09;Presente;Ciudadanía Digital;2;Sofía;Rojas;43374533;Sumampa;Ciudadanía Digital;Capacitación;31;2;Monday
2995;144;1;2026-06-17;Presente;Alfabetización Digital;6;Sofía;Rojas;31424630;Bandera;Alfabetización Digital;Capacitación;27;6;Wednesday
2996;427;14;2026-05-22;Presente;Word;5;Lucía;Rodríguez;35304029;Bandera;Word;Capacitación;27;5;Friday
2997;377;4;2026-08-03;Presente;Word;8;Lucía;López;46765456;Sol de Julio;Word;Capacitación;46;8;Monday
2998;307;6;2026-01-08;Presente;Canva;1;Sofía;Martínez;37509083;Añatuya;Canva;Capacitación;43;1;Thursday
2999;309;45;2026-08-06;Presente;PowerPoint;8;Juan;López;36349213;Sumampa;PowerPoint;Capacitación;40;8;Thursday
3000;73;8;2026-11-23;Presente;Robótica;11;Sofía;Fernández;43663794;Añatuya;Robótica;Capacitación;35;11;Monday
3001;77;45;2026-07-24;Presente;PowerPoint;7;José;Martínez;41096760;Sumampa;PowerPoint;Capacitación;40;7;Friday
3002;91;1;2026-07-26;Presente;Alfabetización Digital;7;Micaela;Díaz;31377676;Pinto;Alfabetización Digital;Capacitación;27;7;Sunday
3003;336;41;2026-08-23;Presente;Alfabetización Digital;8;Lucía;Rodríguez;38467996;Bandera;Alfabetización Digital;Capacitación;40;8;Sunday
3004;146;48;2026-05-11;Presente;Robótica;5;Lucía;Torres;38356319;Bandera;Robótica;Capacitación;24;5;Monday
3005;456;15;2026-06-28;Presente;PowerPoint;6;José;Torres;38207685;Los Telares;PowerPoint;Capacitación;38;6;Sunday
3006;106;19;2026-09-04;Presente;Impresión 3D;9;Ana;Fernández;49407005;Los Telares;Impresión 3D;Capacitación;45;9;Friday
3007;358;25;2026-08-13;Presente;PowerPoint;8;Luis;López;37137532;Los Telares;PowerPoint;Capacitación;25;8;Thursday
3008;445;22;2026-04-04;Presente;Python;4;Lucía;López;37276131;Sol de Julio;Python;Capacitación;36;4;Saturday
3009;248;42;2026-09-03;Presente;Python;9;Carlos;Torres;42912530;Los Telares;Python;Capacitación;29;9;Thursday
3010;88;43;2026-03-13;Presente;Excel;3;María;Suárez;31300286;Bandera;Excel;Capacitación;21;3;Friday
3011;421;41;2026-04-04;Presente;Alfabetización Digital;4;Luis;Torres;33389266;Sumampa;Alfabetización Digital;Capacitación;40;4;Saturday
3012;417;19;2026-09-26;Presente;Impresión 3D;9;Luis;López;43070651;Los Telares;Impresión 3D;Capacitación;45;9;Saturday
3013;136;44;2026-06-15;Presente;Word;6;Ana;Rodríguez;37994853;Los Telares;Word;Capacitación;47;6;Monday
3014;429;1;2026-10-03;Presente;Alfabetización Digital;10;María;Pérez;34319579;Los Telares;Alfabetización Digital;Capacitación;27;10;Saturday
3015;157;11;2026-11-17;Presente;Alfabetización Digital;11;José;Gómez;37717966;Bandera;Alfabetización Digital;Capacitación;44;11;Tuesday
3016;449;47;2026-08-21;Presente;Marketing Digital;8;Luis;Torres;33529199;Añatuya;Marketing Digital;Capacitación;33;8;Friday
3017;12;5;2026-07-06;Presente;PowerPoint;7;José;Pérez;41405296;Sumampa;PowerPoint;Capacitación;34;7;Monday
3018;55;7;2026-09-26;Presente;Marketing Digital;9;Pedro;Fernández;32954267;Sumampa;Marketing Digital;Capacitación;34;9;Saturday
3019;336;41;2026-06-09;Presente;Alfabetización Digital;6;Lucía;Rodríguez;38467996;Bandera;Alfabetización Digital;Capacitación;40;6;Tuesday
3020;431;3;2026-07-26;Presente;Excel;7;Carlos;Suárez;47707700;Los Telares;Excel;Capacitación;40;7;Sunday
3021;334;27;2026-12-08;Presente;Marketing Digital;12;María;Rojas;35501674;Sol de Julio;Marketing Digital;Capacitación;38;12;Tuesday
3022;434;34;2026-06-05;Presente;Word;6;María;Rodríguez;46599728;Añatuya;Word;Capacitación;47;6;Friday
3023;193;31;2026-05-14;Presente;Alfabetización Digital;5;Pedro;Díaz;31476908;Pinto;Alfabetización Digital;Capacitación;45;5;Thursday
3024;196;12;2026-05-26;Presente;Python;5;Lucía;Martínez;36335303;Sumampa;Python;Capacitación;35;5;Tuesday
3025;497;43;2026-10-01;Presente;Excel;10;Lucía;López;46630688;Añatuya;Excel;Capacitación;21;10;Thursday
3026;351;10;2026-03-14;Presente;Ciudadanía Digital;3;Carlos;Pérez;34716976;Pinto;Ciudadanía Digital;Capacitación;31;3;Saturday
3027;330;2;2026-04-21;Presente;Python;4;Sofía;Fernández;49387781;Sumampa;Python;Capacitación;21;4;Tuesday
3028;215;17;2026-09-13;Presente;Marketing Digital;9;José;Rojas;36611779;Sol de Julio;Marketing Digital;Capacitación;24;9;Sunday
3029;471;23;2026-07-17;Presente;Excel;7;Luis;López;46137834;Sumampa;Excel;Capacitación;38;7;Friday
3030;416;40;2026-10-05;Presente;Ciudadanía Digital;10;María;Díaz;46685403;Bandera;Ciudadanía Digital;Capacitación;38;10;Monday
3031;459;29;2026-10-28;Presente;Impresión 3D;10;Sofía;Gómez;33077473;Bandera;Impresión 3D;Capacitación;39;10;Wednesday
3032;176;32;2026-02-04;Presente;Python;2;Ana;Gómez;38210813;Los Telares;Python;Capacitación;26;2;Wednesday
3033;25;32;2026-01-24;Presente;Python;1;Lucía;Díaz;36401168;Pinto;Python;Capacitación;26;1;Saturday
3034;196;40;2026-06-11;Presente;Ciudadanía Digital;6;Lucía;Martínez;36335303;Sumampa;Ciudadanía Digital;Capacitación;38;6;Thursday
3035;261;14;2026-01-09;Presente;Word;1;Luis;Torres;44203096;Sol de Julio;Word;Capacitación;27;1;Friday
3036;396;42;2026-11-23;Presente;Python;11;Juan;Fernández;44261434;Villa Ojo de Agua;Python;Capacitación;29;11;Monday
3037;243;17;2026-12-20;Presente;Marketing Digital;12;Micaela;Torres;36255630;Sumampa;Marketing Digital;Capacitación;24;12;Sunday
3038;102;14;2026-04-06;Presente;Word;4;Micaela;Díaz;41096482;Villa Ojo de Agua;Word;Capacitación;27;4;Monday
3039;179;39;2026-05-08;Presente;Impresión 3D;5;Pedro;Díaz;45316320;Los Telares;Impresión 3D;Capacitación;25;5;Friday
3040;484;48;2026-08-27;Presente;Robótica;8;Juan;Díaz;32740420;Bandera;Robótica;Capacitación;24;8;Thursday
3041;486;29;2026-03-11;Presente;Impresión 3D;3;Micaela;Gómez;31229027;Sol de Julio;Impresión 3D;Capacitación;39;3;Wednesday
3042;347;34;2026-05-17;Presente;Word;5;Carlos;Gómez;34977791;Pinto;Word;Capacitación;47;5;Sunday
3043;177;46;2026-02-10;Presente;Canva;2;María;Díaz;42371436;Bandera;Canva;Capacitación;35;2;Tuesday
3044;82;10;2026-08-10;Presente;Ciudadanía Digital;8;Sofía;Martínez;39989675;Villa Ojo de Agua;Ciudadanía Digital;Capacitación;31;8;Monday
3045;162;24;2026-01-03;Presente;Word;1;Sofía;López;31438798;Pinto;Word;Capacitación;23;1;Saturday
3046;43;8;2026-07-01;Presente;Robótica;7;Pedro;Torres;44880227;Bandera;Robótica;Capacitación;35;7;Wednesday
3047;161;38;2026-09-14;Presente;Robótica;9;Carlos;Fernández;30585216;Villa Ojo de Agua;Robótica;Capacitación;39;9;Monday
3048;319;46;2026-08-02;Presente;Canva;8;Micaela;Torres;44875517;Villa Ojo de Agua;Canva;Capacitación;35;8;Sunday
3049;318;18;2026-12-22;Presente;Robótica;12;Sofía;Rodríguez;38110079;Villa Ojo de Agua;Robótica;Capacitación;36;12;Tuesday
3050;118;10;2026-09-05;Presente;Ciudadanía Digital;9;Juan;Suárez;46692486;Pinto;Ciudadanía Digital;Capacitación;31;9;Saturday
3051;464;42;2026-10-17;Presente;Python;10;José;Pérez;33878619;Añatuya;Python;Capacitación;29;10;Saturday
3052;361;2;2026-05-04;Presente;Python;5;Lucía;Rodríguez;36053899;Sumampa;Python;Capacitación;21;5;Monday
3053;241;22;2026-08-01;Presente;Python;8;Pedro;Gómez;49246247;Pinto;Python;Capacitación;36;8;Saturday
3054;353;11;2026-09-27;Presente;Alfabetización Digital;9;Pedro;Suárez;36890763;Los Telares;Alfabetización Digital;Capacitación;44;9;Sunday
3055;121;3;2026-09-12;Presente;Excel;9;Lucía;López;48531995;Sumampa;Excel;Capacitación;40;9;Saturday
3056;142;18;2026-11-20;Presente;Robótica;11;Lucía;Rodríguez;34191704;Añatuya;Robótica;Capacitación;36;11;Friday
3057;195;50;2026-03-04;Presente;Ciudadanía Digital;3;Ana;Martínez;35333448;Pinto;Ciudadanía Digital;Capacitación;34;3;Wednesday
3058;401;28;2026-08-03;Presente;Robótica;8;José;Martínez;41667360;Villa Ojo de Agua;Robótica;Capacitación;21;8;Monday
3059;231;2;2026-01-01;Presente;Python;1;Juan;Pérez;40829076;Añatuya;Python;Capacitación;21;1;Thursday
3060;295;48;2026-08-23;Presente;Robótica;8;Sofía;Torres;49429261;Los Telares;Robótica;Capacitación;24;8;Sunday
3061;3;38;2026-04-27;Presente;Robótica;4;Carlos;Rodríguez;30325753;Sol de Julio;Robótica;Capacitación;39;4;Monday
3062;249;5;2026-01-09;Presente;PowerPoint;1;Lucía;Gómez;37456023;Villa Ojo de Agua;PowerPoint;Capacitación;34;1;Friday
3063;290;30;2026-11-05;Presente;Ciudadanía Digital;11;Sofía;Suárez;40676783;Sol de Julio;Ciudadanía Digital;Capacitación;33;11;Thursday
3064;275;48;2026-05-10;Presente;Robótica;5;Luis;Rojas;41792117;Pinto;Robótica;Capacitación;24;5;Sunday
3065;83;41;2026-09-18;Presente;Alfabetización Digital;9;María;Suárez;45645293;Bandera;Alfabetización Digital;Capacitación;40;9;Friday
3066;242;32;2026-09-18;Presente;Python;9;Pedro;Díaz;48631370;Los Telares;Python;Capacitación;26;9;Friday
3067;244;20;2026-08-08;Presente;Ciudadanía Digital;8;Micaela;Rodríguez;37687649;Sumampa;Ciudadanía Digital;Capacitación;31;8;Saturday
3068;451;34;2026-06-07;Presente;Word;6;Carlos;Rodríguez;40107712;Villa Ojo de Agua;Word;Capacitación;47;6;Sunday
3069;486;6;2026-10-05;Presente;Canva;10;Micaela;Gómez;31229027;Sol de Julio;Canva;Capacitación;43;10;Monday
3070;210;23;2026-01-16;Presente;Excel;1;Pedro;Rojas;45951640;Bandera;Excel;Capacitación;38;1;Friday
3071;433;48;2026-08-21;Presente;Robótica;8;Sofía;Martínez;39843560;Pinto;Robótica;Capacitación;24;8;Friday
3072;175;11;2026-02-02;Presente;Alfabetización Digital;2;Carlos;Rodríguez;30196596;Villa Ojo de Agua;Alfabetización Digital;Capacitación;44;2;Monday
3073;256;5;2026-06-05;Presente;PowerPoint;6;Micaela;Suárez;36792821;Sumampa;PowerPoint;Capacitación;34;6;Friday
3074;459;36;2026-03-18;Presente;Canva;3;Sofía;Gómez;33077473;Bandera;Canva;Capacitación;20;3;Wednesday
3075;421;28;2026-08-27;Presente;Robótica;8;Luis;Torres;33389266;Sumampa;Robótica;Capacitación;21;8;Thursday
3076;195;33;2026-11-19;Presente;Excel;11;Ana;Martínez;35333448;Pinto;Excel;Capacitación;24;11;Thursday
3077;243;7;2026-04-13;Presente;Marketing Digital;4;Micaela;Torres;36255630;Sumampa;Marketing Digital;Capacitación;34;4;Monday
3078;362;23;2026-05-23;Presente;Excel;5;Lucía;Fernández;40310082;Añatuya;Excel;Capacitación;38;5;Saturday
3079;113;20;2026-09-24;Presente;Ciudadanía Digital;9;Ana;Fernández;37545616;Los Telares;Ciudadanía Digital;Capacitación;31;9;Thursday
3080;81;4;2026-07-18;Presente;Word;7;Ana;Rojas;41151090;Bandera;Word;Capacitación;46;7;Saturday
3081;491;3;2026-10-13;Presente;Excel;10;Ana;Díaz;38656494;Sol de Julio;Excel;Capacitación;40;10;Tuesday
3082;83;15;2026-03-06;Presente;PowerPoint;3;María;Suárez;45645293;Bandera;PowerPoint;Capacitación;38;3;Friday
3083;222;45;2026-02-14;Presente;PowerPoint;2;María;Torres;49242631;Sol de Julio;PowerPoint;Capacitación;40;2;Saturday
3084;210;12;2026-06-22;Presente;Python;6;Pedro;Rojas;45951640;Bandera;Python;Capacitación;35;6;Monday
3085;489;24;2026-03-28;Presente;Word;3;María;López;42651426;Sol de Julio;Word;Capacitación;23;3;Saturday
3086;88;47;2026-03-27;Presente;Marketing Digital;3;María;Suárez;31300286;Bandera;Marketing Digital;Capacitación;33;3;Friday
3087;325;22;2026-01-25;Presente;Python;1;Lucía;Fernández;48684879;Sumampa;Python;Capacitación;36;1;Sunday
3088;274;14;2026-03-23;Presente;Word;3;José;Torres;46015365;Bandera;Word;Capacitación;27;3;Monday
3089;477;29;2026-01-15;Presente;Impresión 3D;1;Luis;Díaz;30941986;Villa Ojo de Agua;Impresión 3D;Capacitación;39;1;Thursday
3090;9;17;2026-05-15;Presente;Marketing Digital;5;María;Gómez;30864639;Pinto;Marketing Digital;Capacitación;24;5;Friday
3091;128;44;2026-07-18;Presente;Word;7;Lucía;Torres;36453798;Villa Ojo de Agua;Word;Capacitación;47;7;Saturday
3092;187;22;2026-03-04;Presente;Python;3;Micaela;Gómez;33368497;Los Telares;Python;Capacitación;36;3;Wednesday
3093;231;32;2026-06-22;Presente;Python;6;Juan;Pérez;40829076;Añatuya;Python;Capacitación;26;6;Monday
3094;330;9;2026-11-27;Presente;Impresión 3D;11;Sofía;Fernández;49387781;Sumampa;Impresión 3D;Capacitación;38;11;Friday
3095;45;1;2026-06-21;Presente;Alfabetización Digital;6;Juan;López;36628227;Sol de Julio;Alfabetización Digital;Capacitación;27;6;Sunday
3096;306;31;2026-11-19;Presente;Alfabetización Digital;11;José;Fernández;35495266;Añatuya;Alfabetización Digital;Capacitación;45;11;Thursday
3097;497;1;2026-01-09;Presente;Alfabetización Digital;1;Lucía;López;46630688;Añatuya;Alfabetización Digital;Capacitación;27;1;Friday
3098;27;4;2026-07-26;Presente;Word;7;Pedro;Martínez;37902858;Añatuya;Word;Capacitación;46;7;Sunday
3099;288;39;2026-04-04;Presente;Impresión 3D;4;Juan;Rodríguez;31637217;Añatuya;Impresión 3D;Capacitación;25;4;Saturday
3100;122;28;2026-02-04;Presente;Robótica;2;José;Suárez;45134153;Bandera;Robótica;Capacitación;21;2;Wednesday
3101;24;48;2026-04-20;Presente;Robótica;4;Pedro;Suárez;47273973;Bandera;Robótica;Capacitación;24;4;Monday
3102;276;24;2026-02-17;Presente;Word;2;María;López;34038029;Sumampa;Word;Capacitación;23;2;Tuesday
3103;114;37;2026-10-23;Presente;Marketing Digital;10;Sofía;Pérez;31024301;Pinto;Marketing Digital;Capacitación;26;10;Friday
3104;138;35;2026-07-01;Presente;PowerPoint;7;Sofía;López;34374680;Bandera;PowerPoint;Capacitación;35;7;Wednesday
3105;232;50;2026-07-21;Presente;Ciudadanía Digital;7;Pedro;Gómez;31549216;Pinto;Ciudadanía Digital;Capacitación;34;7;Tuesday
3106;89;50;2026-12-17;Presente;Ciudadanía Digital;12;Lucía;Suárez;36241397;Sol de Julio;Ciudadanía Digital;Capacitación;34;12;Thursday
3107;118;31;2026-05-09;Presente;Alfabetización Digital;5;Juan;Suárez;46692486;Pinto;Alfabetización Digital;Capacitación;45;5;Saturday
3108;141;38;2026-01-24;Presente;Robótica;1;María;Pérez;45909630;Sol de Julio;Robótica;Capacitación;39;1;Saturday
3109;85;45;2026-07-06;Presente;PowerPoint;7;Lucía;Díaz;34800578;Sol de Julio;PowerPoint;Capacitación;40;7;Monday
3110;434;40;2026-07-08;Presente;Ciudadanía Digital;7;María;Rodríguez;46599728;Añatuya;Ciudadanía Digital;Capacitación;38;7;Wednesday
3111;45;26;2026-01-11;Presente;Canva;1;Juan;López;36628227;Sol de Julio;Canva;Capacitación;35;1;Sunday
3112;276;47;2026-08-14;Presente;Marketing Digital;8;María;López;34038029;Sumampa;Marketing Digital;Capacitación;33;8;Friday
3113;34;43;2026-07-17;Presente;Excel;7;Carlos;Fernández;43780130;Sol de Julio;Excel;Capacitación;21;7;Friday
3114;333;23;2026-01-20;Presente;Excel;1;José;Gómez;46032769;Villa Ojo de Agua;Excel;Capacitación;38;1;Tuesday
3115;493;34;2026-04-23;Presente;Word;4;Carlos;Fernández;31454887;Villa Ojo de Agua;Word;Capacitación;47;4;Thursday
3116;103;5;2026-07-28;Presente;PowerPoint;7;Pedro;Torres;39724580;Bandera;PowerPoint;Capacitación;34;7;Tuesday
3117;353;30;2026-10-06;Presente;Ciudadanía Digital;10;Pedro;Suárez;36890763;Los Telares;Ciudadanía Digital;Capacitación;33;10;Tuesday
3118;349;23;2026-06-21;Presente;Excel;6;Pedro;López;34660024;Añatuya;Excel;Capacitación;38;6;Sunday
3119;294;17;2026-10-25;Presente;Marketing Digital;10;Luis;Suárez;41259253;Los Telares;Marketing Digital;Capacitación;24;10;Sunday
3120;439;26;2026-04-27;Presente;Canva;4;Juan;Pérez;49757007;Bandera;Canva;Capacitación;35;4;Monday
3121;181;5;2026-12-06;Presente;PowerPoint;12;Ana;Martínez;42004738;Pinto;PowerPoint;Capacitación;34;12;Sunday
3122;74;3;2026-03-28;Presente;Excel;3;Lucía;Suárez;43728390;Sumampa;Excel;Capacitación;40;3;Saturday
3123;290;15;2026-08-28;Presente;PowerPoint;8;Sofía;Suárez;40676783;Sol de Julio;PowerPoint;Capacitación;38;8;Friday
3124;272;31;2026-06-10;Presente;Alfabetización Digital;6;Pedro;Rojas;43419469;Los Telares;Alfabetización Digital;Capacitación;45;6;Wednesday
3125;459;4;2026-02-08;Presente;Word;2;Sofía;Gómez;33077473;Bandera;Word;Capacitación;46;2;Sunday
3126;112;36;2026-11-23;Presente;Canva;11;Pedro;Fernández;40150282;Sumampa;Canva;Capacitación;20;11;Monday
3127;1;7;2026-07-09;Presente;Marketing Digital;7;Micaela;Torres;40859857;Villa Ojo de Agua;Marketing Digital;Capacitación;34;7;Thursday
3128;283;43;2026-11-26;Presente;Excel;11;Carlos;Martínez;30268583;Pinto;Excel;Capacitación;21;11;Thursday
3129;285;7;2026-11-19;Presente;Marketing Digital;11;Lucía;Díaz;45339213;Añatuya;Marketing Digital;Capacitación;34;11;Thursday
3130;311;11;2026-05-18;Presente;Alfabetización Digital;5;José;Fernández;48785176;Pinto;Alfabetización Digital;Capacitación;44;5;Monday
3131;393;46;2026-06-22;Presente;Canva;6;María;López;34420630;Bandera;Canva;Capacitación;35;6;Monday
3132;227;17;2026-09-07;Presente;Marketing Digital;9;Micaela;López;44143280;Sumampa;Marketing Digital;Capacitación;24;9;Monday
3133;186;46;2026-01-17;Presente;Canva;1;José;Pérez;33334532;Villa Ojo de Agua;Canva;Capacitación;35;1;Saturday
3134;260;11;2026-08-13;Presente;Alfabetización Digital;8;Pedro;Fernández;47075409;Sumampa;Alfabetización Digital;Capacitación;44;8;Thursday
3135;404;47;2026-11-04;Presente;Marketing Digital;11;María;López;37032574;Bandera;Marketing Digital;Capacitación;33;11;Wednesday
3136;206;33;2026-09-06;Presente;Excel;9;Juan;López;30249224;Los Telares;Excel;Capacitación;24;9;Sunday
3137;22;12;2026-03-27;Presente;Python;3;Carlos;Pérez;39895465;Pinto;Python;Capacitación;35;3;Friday
3138;133;47;2026-02-03;Presente;Marketing Digital;2;Juan;Rojas;45817015;Villa Ojo de Agua;Marketing Digital;Capacitación;33;2;Tuesday
3139;166;5;2026-08-27;Presente;PowerPoint;8;Luis;Rodríguez;42105075;Villa Ojo de Agua;PowerPoint;Capacitación;34;8;Thursday
3140;18;40;2026-06-28;Presente;Ciudadanía Digital;6;Ana;Rodríguez;42801168;Añatuya;Ciudadanía Digital;Capacitación;38;6;Sunday
3141;304;2;2026-01-23;Presente;Python;1;Ana;Rodríguez;45714090;Sol de Julio;Python;Capacitación;21;1;Friday
3142;227;32;2026-02-26;Presente;Python;2;Micaela;López;44143280;Sumampa;Python;Capacitación;26;2;Thursday
3143;279;46;2026-01-20;Presente;Canva;1;Luis;Martínez;47810748;Sumampa;Canva;Capacitación;35;1;Tuesday
3144;181;2;2026-07-26;Presente;Python;7;Ana;Martínez;42004738;Pinto;Python;Capacitación;21;7;Sunday
3145;426;29;2026-12-09;Presente;Impresión 3D;12;Ana;Fernández;41005250;Añatuya;Impresión 3D;Capacitación;39;12;Wednesday
3146;15;36;2026-09-13;Presente;Canva;9;María;Torres;45981305;Añatuya;Canva;Capacitación;20;9;Sunday
3147;393;10;2026-12-17;Presente;Ciudadanía Digital;12;María;López;34420630;Bandera;Ciudadanía Digital;Capacitación;31;12;Thursday
3148;202;14;2026-07-27;Presente;Word;7;Micaela;Martínez;43918660;Sol de Julio;Word;Capacitación;27;7;Monday
3149;453;30;2026-09-25;Presente;Ciudadanía Digital;9;Lucía;Martínez;34125739;Sumampa;Ciudadanía Digital;Capacitación;33;9;Friday
3150;90;5;2026-05-07;Presente;PowerPoint;5;Pedro;Gómez;49817965;Añatuya;PowerPoint;Capacitación;34;5;Thursday
3151;285;21;2026-04-06;Presente;Alfabetización Digital;4;Lucía;Díaz;45339213;Añatuya;Alfabetización Digital;Capacitación;23;4;Monday
3152;236;41;2026-01-06;Presente;Alfabetización Digital;1;José;Torres;31858957;Añatuya;Alfabetización Digital;Capacitación;40;1;Tuesday
3153;500;18;2026-01-05;Presente;Robótica;1;Ana;Gómez;39775209;Añatuya;Robótica;Capacitación;36;1;Monday
3154;215;1;2026-03-05;Presente;Alfabetización Digital;3;José;Rojas;36611779;Sol de Julio;Alfabetización Digital;Capacitación;27;3;Thursday
3155;12;9;2026-02-10;Presente;Impresión 3D;2;José;Pérez;41405296;Sumampa;Impresión 3D;Capacitación;38;2;Tuesday
3156;331;15;2026-02-22;Presente;PowerPoint;2;María;Rodríguez;35098078;Añatuya;PowerPoint;Capacitación;38;2;Sunday
3157;374;4;2026-06-08;Presente;Word;6;Lucía;Suárez;42782960;Pinto;Word;Capacitación;46;6;Monday
3158;78;36;2026-03-26;Presente;Canva;3;Carlos;Rodríguez;46539592;Los Telares;Canva;Capacitación;20;3;Thursday
3159;378;14;2026-10-14;Presente;Word;10;Luis;Gómez;33893139;Villa Ojo de Agua;Word;Capacitación;27;10;Wednesday
3160;493;3;2026-05-02;Presente;Excel;5;Carlos;Fernández;31454887;Villa Ojo de Agua;Excel;Capacitación;40;5;Saturday
3161;141;31;2026-01-21;Presente;Alfabetización Digital;1;María;Pérez;45909630;Sol de Julio;Alfabetización Digital;Capacitación;45;1;Wednesday
3162;499;44;2026-04-08;Presente;Word;4;Juan;Fernández;40503084;Bandera;Word;Capacitación;47;4;Wednesday
3163;188;24;2026-05-15;Presente;Word;5;Luis;Suárez;46669122;Sol de Julio;Word;Capacitación;23;5;Friday
3164;201;34;2026-12-14;Presente;Word;12;Micaela;Martínez;47985418;Villa Ojo de Agua;Word;Capacitación;47;12;Monday
3165;159;43;2026-11-01;Presente;Excel;11;Luis;López;44606655;Los Telares;Excel;Capacitación;21;11;Sunday
3166;21;7;2026-03-24;Presente;Marketing Digital;3;Carlos;Martínez;33282689;Bandera;Marketing Digital;Capacitación;34;3;Tuesday
3167;94;8;2026-06-20;Presente;Robótica;6;Luis;Torres;33998465;Pinto;Robótica;Capacitación;35;6;Saturday
3168;24;24;2026-11-23;Presente;Word;11;Pedro;Suárez;47273973;Bandera;Word;Capacitación;23;11;Monday
3169;290;18;2026-10-24;Presente;Robótica;10;Sofía;Suárez;40676783;Sol de Julio;Robótica;Capacitación;36;10;Saturday
3170;208;20;2026-06-03;Presente;Ciudadanía Digital;6;Lucía;Rojas;32856465;Sumampa;Ciudadanía Digital;Capacitación;31;6;Wednesday
3171;203;13;2026-07-18;Presente;Excel;7;Carlos;Fernández;33291655;Sumampa;Excel;Capacitación;25;7;Saturday
3172;272;16;2026-02-14;Presente;Canva;2;Pedro;Rojas;43419469;Los Telares;Canva;Capacitación;35;2;Saturday
3173;385;34;2026-06-24;Presente;Word;6;Pedro;Pérez;35567171;Sol de Julio;Word;Capacitación;47;6;Wednesday
3174;198;34;2026-05-06;Presente;Word;5;Sofía;Torres;44508087;Pinto;Word;Capacitación;47;5;Wednesday
3175;49;36;2026-09-17;Presente;Canva;9;Pedro;Suárez;31247480;Villa Ojo de Agua;Canva;Capacitación;20;9;Thursday
3176;165;20;2026-02-06;Presente;Ciudadanía Digital;2;Juan;Fernández;41577089;Sumampa;Ciudadanía Digital;Capacitación;31;2;Friday
3177;327;21;2026-11-26;Presente;Alfabetización Digital;11;Micaela;Rodríguez;37982195;Sol de Julio;Alfabetización Digital;Capacitación;23;11;Thursday
3178;496;33;2026-02-28;Presente;Excel;2;Lucía;Torres;39868335;Sol de Julio;Excel;Capacitación;24;2;Saturday
3179;385;20;2026-06-25;Presente;Ciudadanía Digital;6;Pedro;Pérez;35567171;Sol de Julio;Ciudadanía Digital;Capacitación;31;6;Thursday
3180;270;8;2026-09-23;Presente;Robótica;9;Juan;Torres;40022026;Sol de Julio;Robótica;Capacitación;35;9;Wednesday
3181;309;14;2026-07-18;Presente;Word;7;Juan;López;36349213;Sumampa;Word;Capacitación;27;7;Saturday
3182;152;40;2026-10-21;Presente;Ciudadanía Digital;10;Lucía;Díaz;44200134;Añatuya;Ciudadanía Digital;Capacitación;38;10;Wednesday
3183;95;11;2026-01-07;Presente;Alfabetización Digital;1;Micaela;Rodríguez;40630952;Los Telares;Alfabetización Digital;Capacitación;44;1;Wednesday
3184;399;2;2026-05-15;Presente;Python;5;Ana;Díaz;42468635;Los Telares;Python;Capacitación;21;5;Friday
3185;254;6;2026-10-18;Presente;Canva;10;María;Rodríguez;40625922;Sol de Julio;Canva;Capacitación;43;10;Sunday
3186;423;25;2026-05-03;Presente;PowerPoint;5;Micaela;Gómez;32455449;Sumampa;PowerPoint;Capacitación;25;5;Sunday
3187;174;48;2026-07-06;Presente;Robótica;7;María;Rojas;42071303;Añatuya;Robótica;Capacitación;24;7;Monday
3188;245;39;2026-02-16;Presente;Impresión 3D;2;Juan;Torres;39038369;Villa Ojo de Agua;Impresión 3D;Capacitación;25;2;Monday
3189;219;42;2026-09-05;Presente;Python;9;María;Pérez;39897855;Sumampa;Python;Capacitación;29;9;Saturday
3190;198;8;2026-02-27;Presente;Robótica;2;Sofía;Torres;44508087;Pinto;Robótica;Capacitación;35;2;Friday
3191;39;29;2026-06-14;Presente;Impresión 3D;6;Pedro;Rojas;43199697;Pinto;Impresión 3D;Capacitación;39;6;Sunday
3192;343;34;2026-06-12;Presente;Word;6;Sofía;Gómez;36022824;Villa Ojo de Agua;Word;Capacitación;47;6;Friday
3193;50;17;2026-06-13;Presente;Marketing Digital;6;José;Suárez;43768738;Pinto;Marketing Digital;Capacitación;24;6;Saturday
3194;127;41;2026-03-28;Presente;Alfabetización Digital;3;Ana;Gómez;47850551;Bandera;Alfabetización Digital;Capacitación;40;3;Saturday
3195;119;46;2026-02-16;Presente;Canva;2;Pedro;Martínez;47055400;Villa Ojo de Agua;Canva;Capacitación;35;2;Monday
3196;199;36;2026-05-03;Presente;Canva;5;María;Gómez;35546411;Añatuya;Canva;Capacitación;20;5;Sunday
3197;38;14;2026-11-09;Presente;Word;11;Lucía;Fernández;34774425;Añatuya;Word;Capacitación;27;11;Monday
3198;321;48;2026-03-27;Presente;Robótica;3;Sofía;Díaz;32260564;Los Telares;Robótica;Capacitación;24;3;Friday
3199;361;5;2026-12-06;Presente;PowerPoint;12;Lucía;Rodríguez;36053899;Sumampa;PowerPoint;Capacitación;34;12;Sunday
3200;229;37;2026-10-21;Presente;Marketing Digital;10;María;Díaz;35622201;Sumampa;Marketing Digital;Capacitación;26;10;Wednesday
3201;367;47;2026-11-20;Presente;Marketing Digital;11;María;Díaz;48185595;Pinto;Marketing Digital;Capacitación;33;11;Friday
3202;189;26;2026-03-09;Presente;Canva;3;Luis;Gómez;46920536;Villa Ojo de Agua;Canva;Capacitación;35;3;Monday
3203;134;16;2026-05-09;Presente;Canva;5;Juan;Martínez;47882337;Añatuya;Canva;Capacitación;35;5;Saturday
3204;413;6;2026-05-02;Presente;Canva;5;Sofía;Pérez;41178938;Los Telares;Canva;Capacitación;43;5;Saturday
3205;280;23;2026-09-16;Presente;Excel;9;José;Rodríguez;47315975;Añatuya;Excel;Capacitación;38;9;Wednesday
3206;353;17;2026-07-04;Presente;Marketing Digital;7;Pedro;Suárez;36890763;Los Telares;Marketing Digital;Capacitación;24;7;Saturday
3207;301;35;2026-05-11;Presente;PowerPoint;5;Pedro;Martínez;39980199;Pinto;PowerPoint;Capacitación;35;5;Monday
3208;326;50;2026-12-23;Presente;Ciudadanía Digital;12;María;López;42038046;Sumampa;Ciudadanía Digital;Capacitación;34;12;Wednesday
3209;138;50;2026-11-18;Presente;Ciudadanía Digital;11;Sofía;López;34374680;Bandera;Ciudadanía Digital;Capacitación;34;11;Wednesday
3210;293;40;2026-12-01;Presente;Ciudadanía Digital;12;Carlos;Martínez;46005510;Sumampa;Ciudadanía Digital;Capacitación;38;12;Tuesday
3211;222;12;2026-03-04;Presente;Python;3;María;Torres;49242631;Sol de Julio;Python;Capacitación;35;3;Wednesday
3212;404;16;2026-07-03;Presente;Canva;7;María;López;37032574;Bandera;Canva;Capacitación;35;7;Friday
3213;94;1;2026-10-04;Presente;Alfabetización Digital;10;Luis;Torres;33998465;Pinto;Alfabetización Digital;Capacitación;27;10;Sunday
3214;58;42;2026-04-23;Presente;Python;4;Carlos;Rojas;31066275;Pinto;Python;Capacitación;29;4;Thursday
3215;264;12;2026-09-16;Presente;Python;9;José;Fernández;46473796;Añatuya;Python;Capacitación;35;9;Wednesday
3216;80;21;2026-08-11;Presente;Alfabetización Digital;8;Sofía;Rojas;44764418;Sol de Julio;Alfabetización Digital;Capacitación;23;8;Tuesday
3217;220;44;2026-09-15;Presente;Word;9;Ana;Martínez;45742770;Los Telares;Word;Capacitación;47;9;Tuesday
3218;397;33;2026-05-18;Presente;Excel;5;María;Martínez;31611346;Pinto;Excel;Capacitación;24;5;Monday
3219;436;26;2026-01-13;Presente;Canva;1;María;Gómez;35347310;Sol de Julio;Canva;Capacitación;35;1;Tuesday
3220;26;39;2026-02-19;Presente;Impresión 3D;2;María;Martínez;31156450;Sumampa;Impresión 3D;Capacitación;25;2;Thursday
3221;281;22;2026-06-09;Presente;Python;6;Lucía;Pérez;37061347;Los Telares;Python;Capacitación;36;6;Tuesday
3222;433;26;2026-12-17;Presente;Canva;12;Sofía;Martínez;39843560;Pinto;Canva;Capacitación;35;12;Thursday
3223;307;4;2026-05-21;Presente;Word;5;Sofía;Martínez;37509083;Añatuya;Word;Capacitación;46;5;Thursday
3224;427;19;2026-02-06;Presente;Impresión 3D;2;Lucía;Rodríguez;35304029;Bandera;Impresión 3D;Capacitación;45;2;Friday
3225;498;13;2026-03-26;Presente;Excel;3;María;López;40258060;Sol de Julio;Excel;Capacitación;25;3;Thursday
3226;332;23;2026-05-16;Presente;Excel;5;Pedro;López;32753926;Añatuya;Excel;Capacitación;38;5;Saturday
3227;173;21;2026-05-27;Presente;Alfabetización Digital;5;María;Martínez;45185439;Villa Ojo de Agua;Alfabetización Digital;Capacitación;23;5;Wednesday
3228;82;42;2026-06-17;Presente;Python;6;Sofía;Martínez;39989675;Villa Ojo de Agua;Python;Capacitación;29;6;Wednesday
3229;345;41;2026-10-14;Presente;Alfabetización Digital;10;Lucía;Rojas;44450553;Añatuya;Alfabetización Digital;Capacitación;40;10;Wednesday
3230;361;28;2026-11-04;Presente;Robótica;11;Lucía;Rodríguez;36053899;Sumampa;Robótica;Capacitación;21;11;Wednesday
3231;288;24;2026-08-28;Presente;Word;8;Juan;Rodríguez;31637217;Añatuya;Word;Capacitación;23;8;Friday
3232;23;18;2026-03-13;Presente;Robótica;3;Carlos;Díaz;38885424;Añatuya;Robótica;Capacitación;36;3;Friday
3233;124;50;2026-08-27;Presente;Ciudadanía Digital;8;María;Fernández;48663357;Sumampa;Ciudadanía Digital;Capacitación;34;8;Thursday
3234;188;47;2026-03-18;Presente;Marketing Digital;3;Luis;Suárez;46669122;Sol de Julio;Marketing Digital;Capacitación;33;3;Wednesday
3235;432;50;2026-01-23;Presente;Ciudadanía Digital;1;Carlos;Fernández;36850633;Pinto;Ciudadanía Digital;Capacitación;34;1;Friday
3236;183;43;2026-05-21;Presente;Excel;5;Juan;Rodríguez;44320473;Bandera;Excel;Capacitación;21;5;Thursday
3237;330;50;2026-02-23;Presente;Ciudadanía Digital;2;Sofía;Fernández;49387781;Sumampa;Ciudadanía Digital;Capacitación;34;2;Monday
3238;185;40;2026-10-28;Presente;Ciudadanía Digital;10;José;Rodríguez;32154666;Sumampa;Ciudadanía Digital;Capacitación;38;10;Wednesday
3239;459;41;2026-03-13;Presente;Alfabetización Digital;3;Sofía;Gómez;33077473;Bandera;Alfabetización Digital;Capacitación;40;3;Friday
3240;467;35;2026-01-02;Presente;PowerPoint;1;Lucía;Martínez;36066051;Villa Ojo de Agua;PowerPoint;Capacitación;35;1;Friday
3241;308;36;2026-01-07;Presente;Canva;1;Juan;López;35029863;Villa Ojo de Agua;Canva;Capacitación;20;1;Wednesday
3242;401;39;2026-09-05;Presente;Impresión 3D;9;José;Martínez;41667360;Villa Ojo de Agua;Impresión 3D;Capacitación;25;9;Saturday
3243;54;35;2026-07-05;Presente;PowerPoint;7;Pedro;Martínez;48988061;Sol de Julio;PowerPoint;Capacitación;35;7;Sunday
3244;317;31;2026-12-03;Presente;Alfabetización Digital;12;Sofía;Pérez;45717595;Sumampa;Alfabetización Digital;Capacitación;45;12;Thursday
3245;354;45;2026-03-09;Presente;PowerPoint;3;Carlos;Fernández;41969316;Pinto;PowerPoint;Capacitación;40;3;Monday
3246;182;35;2026-04-19;Presente;PowerPoint;4;José;Suárez;41858131;Bandera;PowerPoint;Capacitación;35;4;Sunday
3247;100;29;2026-11-22;Presente;Impresión 3D;11;Ana;Rodríguez;42873794;Sol de Julio;Impresión 3D;Capacitación;39;11;Sunday
3248;183;38;2026-02-13;Presente;Robótica;2;Juan;Rodríguez;44320473;Bandera;Robótica;Capacitación;39;2;Friday
3249;32;32;2026-11-23;Presente;Python;11;Sofía;Rodríguez;48122797;Sumampa;Python;Capacitación;26;11;Monday
3250;148;40;2026-11-25;Presente;Ciudadanía Digital;11;Carlos;Fernández;36650910;Bandera;Ciudadanía Digital;Capacitación;38;11;Wednesday
3251;109;40;2026-06-13;Presente;Ciudadanía Digital;6;María;Fernández;46506589;Pinto;Ciudadanía Digital;Capacitación;38;6;Saturday
3252;266;36;2026-02-12;Presente;Canva;2;Juan;Fernández;47490307;Bandera;Canva;Capacitación;20;2;Thursday
3253;404;13;2026-06-21;Presente;Excel;6;María;López;37032574;Bandera;Excel;Capacitación;25;6;Sunday
3254;433;19;2026-11-11;Presente;Impresión 3D;11;Sofía;Martínez;39843560;Pinto;Impresión 3D;Capacitación;45;11;Wednesday
3255;277;11;2026-10-10;Presente;Alfabetización Digital;10;Pedro;Suárez;49903175;Añatuya;Alfabetización Digital;Capacitación;44;10;Saturday
3256;346;50;2026-11-27;Presente;Ciudadanía Digital;11;Luis;Pérez;48962966;Sol de Julio;Ciudadanía Digital;Capacitación;34;11;Friday
3257;271;37;2026-10-03;Presente;Marketing Digital;10;Lucía;Martínez;39965294;Sumampa;Marketing Digital;Capacitación;26;10;Saturday
3258;273;28;2026-10-04;Presente;Robótica;10;Luis;Torres;39076920;Bandera;Robótica;Capacitación;21;10;Sunday
3259;467;3;2026-01-16;Presente;Excel;1;Lucía;Martínez;36066051;Villa Ojo de Agua;Excel;Capacitación;40;1;Friday
3260;206;41;2026-12-21;Presente;Alfabetización Digital;12;Juan;López;30249224;Los Telares;Alfabetización Digital;Capacitación;40;12;Monday
3261;269;19;2026-12-19;Presente;Impresión 3D;12;Ana;Gómez;48931081;Sumampa;Impresión 3D;Capacitación;45;12;Saturday
3262;485;34;2026-12-17;Presente;Word;12;Carlos;Rodríguez;31215637;Añatuya;Word;Capacitación;47;12;Thursday
3263;83;31;2026-03-17;Presente;Alfabetización Digital;3;María;Suárez;45645293;Bandera;Alfabetización Digital;Capacitación;45;3;Tuesday
3264;493;50;2026-05-20;Presente;Ciudadanía Digital;5;Carlos;Fernández;31454887;Villa Ojo de Agua;Ciudadanía Digital;Capacitación;34;5;Wednesday
3265;382;23;2026-10-16;Presente;Excel;10;Sofía;Rojas;47331754;Sol de Julio;Excel;Capacitación;38;10;Friday
3266;437;6;2026-09-22;Presente;Canva;9;José;Fernández;43703622;Bandera;Canva;Capacitación;43;9;Tuesday
3267;344;25;2026-08-28;Presente;PowerPoint;8;Ana;Rojas;33857891;Villa Ojo de Agua;PowerPoint;Capacitación;25;8;Friday
3268;363;50;2026-09-16;Presente;Ciudadanía Digital;9;Lucía;Gómez;44702928;Bandera;Ciudadanía Digital;Capacitación;34;9;Wednesday
3269;144;29;2026-03-15;Presente;Impresión 3D;3;Sofía;Rojas;31424630;Bandera;Impresión 3D;Capacitación;39;3;Sunday
3270;204;2;2026-12-22;Presente;Python;12;José;Martínez;40803047;Bandera;Python;Capacitación;21;12;Tuesday
3271;371;12;2026-04-12;Presente;Python;4;José;Rodríguez;38671319;Villa Ojo de Agua;Python;Capacitación;35;4;Sunday
3272;362;31;2026-08-01;Presente;Alfabetización Digital;8;Lucía;Fernández;40310082;Añatuya;Alfabetización Digital;Capacitación;45;8;Saturday
3273;37;30;2026-07-21;Presente;Ciudadanía Digital;7;José;Martínez;39708105;Villa Ojo de Agua;Ciudadanía Digital;Capacitación;33;7;Tuesday
3274;288;11;2026-09-11;Presente;Alfabetización Digital;9;Juan;Rodríguez;31637217;Añatuya;Alfabetización Digital;Capacitación;44;9;Friday
3275;336;27;2026-08-06;Presente;Marketing Digital;8;Lucía;Rodríguez;38467996;Bandera;Marketing Digital;Capacitación;38;8;Thursday
3276;18;47;2026-01-16;Presente;Marketing Digital;1;Ana;Rodríguez;42801168;Añatuya;Marketing Digital;Capacitación;33;1;Friday
3277;440;39;2026-06-02;Presente;Impresión 3D;6;María;Torres;43927582;Bandera;Impresión 3D;Capacitación;25;6;Tuesday
3278;152;46;2026-11-09;Presente;Canva;11;Lucía;Díaz;44200134;Añatuya;Canva;Capacitación;35;11;Monday
3279;446;28;2026-01-09;Presente;Robótica;1;Luis;Gómez;49630143;Sol de Julio;Robótica;Capacitación;21;1;Friday
3280;184;43;2026-09-05;Presente;Excel;9;Luis;Martínez;48364429;Sol de Julio;Excel;Capacitación;21;9;Saturday
3281;487;49;2026-02-24;Presente;Impresión 3D;2;Luis;Rodríguez;40328063;Villa Ojo de Agua;Impresión 3D;Capacitación;23;2;Tuesday
3282;55;48;2026-11-06;Presente;Robótica;11;Pedro;Fernández;32954267;Sumampa;Robótica;Capacitación;24;11;Friday
3283;258;47;2026-08-20;Presente;Marketing Digital;8;Luis;Martínez;43017061;Sumampa;Marketing Digital;Capacitación;33;8;Thursday
3284;129;48;2026-08-03;Presente;Robótica;8;Ana;Díaz;42838150;Bandera;Robótica;Capacitación;24;8;Monday
3285;202;7;2026-05-24;Presente;Marketing Digital;5;Micaela;Martínez;43918660;Sol de Julio;Marketing Digital;Capacitación;34;5;Sunday
3286;68;16;2026-11-16;Presente;Canva;11;Ana;Suárez;38323344;Sol de Julio;Canva;Capacitación;35;11;Monday
3287;223;40;2026-11-13;Presente;Ciudadanía Digital;11;Pedro;López;32163127;Los Telares;Ciudadanía Digital;Capacitación;38;11;Friday
3288;297;19;2026-12-14;Presente;Impresión 3D;12;Juan;Pérez;40572288;Pinto;Impresión 3D;Capacitación;45;12;Monday
3289;397;42;2026-12-27;Presente;Python;12;María;Martínez;31611346;Pinto;Python;Capacitación;29;12;Sunday
3290;493;30;2026-01-08;Presente;Ciudadanía Digital;1;Carlos;Fernández;31454887;Villa Ojo de Agua;Ciudadanía Digital;Capacitación;33;1;Thursday
3291;412;16;2026-04-13;Presente;Canva;4;Sofía;Suárez;35602779;Los Telares;Canva;Capacitación;35;4;Monday
3292;307;7;2026-02-05;Presente;Marketing Digital;2;Sofía;Martínez;37509083;Añatuya;Marketing Digital;Capacitación;34;2;Thursday
3293;457;10;2026-04-06;Presente;Ciudadanía Digital;4;Ana;Suárez;41713496;Villa Ojo de Agua;Ciudadanía Digital;Capacitación;31;4;Monday
3294;60;39;2026-11-12;Presente;Impresión 3D;11;Pedro;Suárez;33349882;Sumampa;Impresión 3D;Capacitación;25;11;Thursday
3295;426;19;2026-10-16;Presente;Impresión 3D;10;Ana;Fernández;41005250;Añatuya;Impresión 3D;Capacitación;45;10;Friday
3296;288;50;2026-04-03;Presente;Ciudadanía Digital;4;Juan;Rodríguez;31637217;Añatuya;Ciudadanía Digital;Capacitación;34;4;Friday
3297;113;9;2026-06-28;Presente;Impresión 3D;6;Ana;Fernández;37545616;Los Telares;Impresión 3D;Capacitación;38;6;Sunday
3298;204;49;2026-11-22;Presente;Impresión 3D;11;José;Martínez;40803047;Bandera;Impresión 3D;Capacitación;23;11;Sunday
3299;153;32;2026-01-27;Presente;Python;1;Sofía;Rodríguez;43150241;Sol de Julio;Python;Capacitación;26;1;Tuesday
3300;103;36;2026-12-15;Presente;Canva;12;Pedro;Torres;39724580;Bandera;Canva;Capacitación;20;12;Tuesday
3301;462;26;2026-08-21;Presente;Canva;8;Sofía;Rojas;33581517;Sumampa;Canva;Capacitación;35;8;Friday
3302;338;14;2026-05-26;Presente;Word;5;María;Martínez;32736893;Sol de Julio;Word;Capacitación;27;5;Tuesday
3303;28;48;2026-09-02;Presente;Robótica;9;José;Torres;41993868;Añatuya;Robótica;Capacitación;24;9;Wednesday
3304;356;48;2026-09-15;Presente;Robótica;9;Sofía;Gómez;46154487;Sumampa;Robótica;Capacitación;24;9;Tuesday
3305;152;6;2026-06-12;Presente;Canva;6;Lucía;Díaz;44200134;Añatuya;Canva;Capacitación;43;6;Friday
3306;66;13;2026-03-08;Presente;Excel;3;Ana;Rojas;37495613;Sumampa;Excel;Capacitación;25;3;Sunday
3307;44;6;2026-12-22;Presente;Canva;12;Luis;López;30894205;Sol de Julio;Canva;Capacitación;43;12;Tuesday
3308;195;11;2026-06-09;Presente;Alfabetización Digital;6;Ana;Martínez;35333448;Pinto;Alfabetización Digital;Capacitación;44;6;Tuesday
3309;117;26;2026-06-07;Presente;Canva;6;Ana;López;36636483;Villa Ojo de Agua;Canva;Capacitación;35;6;Sunday
3310;388;48;2026-05-13;Presente;Robótica;5;José;Gómez;48084909;Añatuya;Robótica;Capacitación;24;5;Wednesday
3311;403;46;2026-04-13;Presente;Canva;4;Juan;Suárez;40314380;Sumampa;Canva;Capacitación;35;4;Monday
3312;286;14;2026-05-07;Presente;Word;5;Lucía;Torres;35345242;Los Telares;Word;Capacitación;27;5;Thursday
3313;110;11;2026-10-16;Presente;Alfabetización Digital;10;Micaela;Gómez;46646841;Sumampa;Alfabetización Digital;Capacitación;44;10;Friday
3314;388;11;2026-07-03;Presente;Alfabetización Digital;7;José;Gómez;48084909;Añatuya;Alfabetización Digital;Capacitación;44;7;Friday
3315;120;17;2026-03-20;Presente;Marketing Digital;3;Lucía;Gómez;45143697;Villa Ojo de Agua;Marketing Digital;Capacitación;24;3;Friday
3316;340;41;2026-06-11;Presente;Alfabetización Digital;6;Lucía;Díaz;41417859;Añatuya;Alfabetización Digital;Capacitación;40;6;Thursday
3317;256;33;2026-01-17;Presente;Excel;1;Micaela;Suárez;36792821;Sumampa;Excel;Capacitación;24;1;Saturday
3318;107;4;2026-01-10;Presente;Word;1;Sofía;Gómez;43976159;Los Telares;Word;Capacitación;46;1;Saturday
3319;50;5;2026-09-28;Presente;PowerPoint;9;José;Suárez;43768738;Pinto;PowerPoint;Capacitación;34;9;Monday
3320;421;8;2026-07-17;Presente;Robótica;7;Luis;Torres;33389266;Sumampa;Robótica;Capacitación;35;7;Friday
3321;267;19;2026-10-07;Presente;Impresión 3D;10;Lucía;Rojas;32560612;Añatuya;Impresión 3D;Capacitación;45;10;Wednesday
3322;14;32;2026-04-28;Presente;Python;4;Micaela;Díaz;38860550;Bandera;Python;Capacitación;26;4;Tuesday
3323;17;12;2026-10-01;Presente;Python;10;María;Martínez;33869334;Los Telares;Python;Capacitación;35;10;Thursday
3324;434;19;2026-01-08;Presente;Impresión 3D;1;María;Rodríguez;46599728;Añatuya;Impresión 3D;Capacitación;45;1;Thursday
3325;77;47;2026-03-01;Presente;Marketing Digital;3;José;Martínez;41096760;Sumampa;Marketing Digital;Capacitación;33;3;Sunday
3326;76;43;2026-03-08;Presente;Excel;3;Ana;Rojas;37056763;Pinto;Excel;Capacitación;21;3;Sunday
3327;484;2;2026-07-09;Presente;Python;7;Juan;Díaz;32740420;Bandera;Python;Capacitación;21;7;Thursday
3328;228;21;2026-02-02;Presente;Alfabetización Digital;2;Sofía;Fernández;38920308;Los Telares;Alfabetización Digital;Capacitación;23;2;Monday
3329;354;36;2026-12-01;Presente;Canva;12;Carlos;Fernández;41969316;Pinto;Canva;Capacitación;20;12;Tuesday
3330;1;43;2026-10-01;Presente;Excel;10;Micaela;Torres;40859857;Villa Ojo de Agua;Excel;Capacitación;21;10;Thursday
3331;260;38;2026-06-25;Presente;Robótica;6;Pedro;Fernández;47075409;Sumampa;Robótica;Capacitación;39;6;Thursday
3332;421;18;2026-11-15;Presente;Robótica;11;Luis;Torres;33389266;Sumampa;Robótica;Capacitación;36;11;Sunday
3333;14;38;2026-11-11;Presente;Robótica;11;Micaela;Díaz;38860550;Bandera;Robótica;Capacitación;39;11;Wednesday
3334;316;47;2026-01-19;Presente;Marketing Digital;1;María;Martínez;49013958;Los Telares;Marketing Digital;Capacitación;33;1;Monday
3335;169;39;2026-08-22;Presente;Impresión 3D;8;Sofía;Torres;41310276;Bandera;Impresión 3D;Capacitación;25;8;Saturday
3336;25;48;2026-06-10;Presente;Robótica;6;Lucía;Díaz;36401168;Pinto;Robótica;Capacitación;24;6;Wednesday
3337;243;2;2026-08-06;Presente;Python;8;Micaela;Torres;36255630;Sumampa;Python;Capacitación;21;8;Thursday
3338;116;47;2026-08-27;Presente;Marketing Digital;8;Ana;Martínez;43079622;Sumampa;Marketing Digital;Capacitación;33;8;Thursday
3339;474;41;2026-03-15;Presente;Alfabetización Digital;3;Pedro;Martínez;37822917;Bandera;Alfabetización Digital;Capacitación;40;3;Sunday
3340;183;34;2026-12-23;Presente;Word;12;Juan;Rodríguez;44320473;Bandera;Word;Capacitación;47;12;Wednesday
3341;337;6;2026-07-02;Presente;Canva;7;José;Torres;35492865;Bandera;Canva;Capacitación;43;7;Thursday
3342;59;22;2026-05-15;Presente;Python;5;Juan;Torres;39922739;Bandera;Python;Capacitación;36;5;Friday
3343;428;11;2026-12-27;Presente;Alfabetización Digital;12;Pedro;Pérez;42589884;Añatuya;Alfabetización Digital;Capacitación;44;12;Sunday
3344;353;35;2026-08-12;Presente;PowerPoint;8;Pedro;Suárez;36890763;Los Telares;PowerPoint;Capacitación;35;8;Wednesday
3345;175;44;2026-05-01;Presente;Word;5;Carlos;Rodríguez;30196596;Villa Ojo de Agua;Word;Capacitación;47;5;Friday
3346;259;28;2026-01-24;Presente;Robótica;1;Lucía;Suárez;49939072;Añatuya;Robótica;Capacitación;21;1;Saturday
3347;5;31;2026-04-28;Presente;Alfabetización Digital;4;Pedro;Suárez;31889133;Sumampa;Alfabetización Digital;Capacitación;45;4;Tuesday
3348;169;44;2026-03-05;Presente;Word;3;Sofía;Torres;41310276;Bandera;Word;Capacitación;47;3;Thursday
3349;500;12;2026-05-02;Presente;Python;5;Ana;Gómez;39775209;Añatuya;Python;Capacitación;35;5;Saturday
3350;67;47;2026-11-10;Presente;Marketing Digital;11;Micaela;Gómez;34772337;Los Telares;Marketing Digital;Capacitación;33;11;Tuesday
3351;392;19;2026-08-03;Presente;Impresión 3D;8;José;López;47560747;Añatuya;Impresión 3D;Capacitación;45;8;Monday
3352;401;4;2026-10-01;Presente;Word;10;José;Martínez;41667360;Villa Ojo de Agua;Word;Capacitación;46;10;Thursday
3353;279;45;2026-02-08;Presente;PowerPoint;2;Luis;Martínez;47810748;Sumampa;PowerPoint;Capacitación;40;2;Sunday
3354;12;36;2026-03-08;Presente;Canva;3;José;Pérez;41405296;Sumampa;Canva;Capacitación;20;3;Sunday
3355;311;16;2026-07-14;Presente;Canva;7;José;Fernández;48785176;Pinto;Canva;Capacitación;35;7;Tuesday
3356;403;1;2026-10-14;Presente;Alfabetización Digital;10;Juan;Suárez;40314380;Sumampa;Alfabetización Digital;Capacitación;27;10;Wednesday
3357;451;43;2026-12-24;Presente;Excel;12;Carlos;Rodríguez;40107712;Villa Ojo de Agua;Excel;Capacitación;21;12;Thursday
3358;208;19;2026-07-03;Presente;Impresión 3D;7;Lucía;Rojas;32856465;Sumampa;Impresión 3D;Capacitación;45;7;Friday
3359;451;45;2026-12-12;Presente;PowerPoint;12;Carlos;Rodríguez;40107712;Villa Ojo de Agua;PowerPoint;Capacitación;40;12;Saturday
3360;387;9;2026-05-15;Presente;Impresión 3D;5;Pedro;Gómez;35461685;Sol de Julio;Impresión 3D;Capacitación;38;5;Friday
3361;111;28;2026-03-24;Presente;Robótica;3;José;López;35903632;Sol de Julio;Robótica;Capacitación;21;3;Tuesday
3362;380;9;2026-08-23;Presente;Impresión 3D;8;María;López;49506471;Los Telares;Impresión 3D;Capacitación;38;8;Sunday
3363;380;12;2026-10-22;Presente;Python;10;María;López;49506471;Los Telares;Python;Capacitación;35;10;Thursday
3364;137;40;2026-11-22;Presente;Ciudadanía Digital;11;Sofía;López;38637807;Villa Ojo de Agua;Ciudadanía Digital;Capacitación;38;11;Sunday
3365;108;20;2026-01-12;Presente;Ciudadanía Digital;1;Sofía;Rodríguez;41594573;Añatuya;Ciudadanía Digital;Capacitación;31;1;Monday
3366;376;25;2026-11-08;Presente;PowerPoint;11;Luis;Pérez;38314458;Bandera;PowerPoint;Capacitación;25;11;Sunday
3367;70;31;2026-09-08;Presente;Alfabetización Digital;9;Luis;Pérez;37468319;Villa Ojo de Agua;Alfabetización Digital;Capacitación;45;9;Tuesday
3368;81;49;2026-06-13;Presente;Impresión 3D;6;Ana;Rojas;41151090;Bandera;Impresión 3D;Capacitación;23;6;Saturday
3369;442;24;2026-01-17;Presente;Word;1;Ana;Rojas;44769108;Sumampa;Word;Capacitación;23;1;Saturday
3370;54;4;2026-03-10;Presente;Word;3;Pedro;Martínez;48988061;Sol de Julio;Word;Capacitación;46;3;Tuesday
3371;192;2;2026-09-07;Presente;Python;9;José;Gómez;39234977;Sol de Julio;Python;Capacitación;21;9;Monday
3372;313;42;2026-09-13;Presente;Python;9;Juan;López;47027313;Pinto;Python;Capacitación;29;9;Sunday
3373;361;17;2026-12-08;Presente;Marketing Digital;12;Lucía;Rodríguez;36053899;Sumampa;Marketing Digital;Capacitación;24;12;Tuesday
3374;208;39;2026-02-07;Presente;Impresión 3D;2;Lucía;Rojas;32856465;Sumampa;Impresión 3D;Capacitación;25;2;Saturday
3375;244;23;2026-03-22;Presente;Excel;3;Micaela;Rodríguez;37687649;Sumampa;Excel;Capacitación;38;3;Sunday
3376;15;1;2026-11-11;Presente;Alfabetización Digital;11;María;Torres;45981305;Añatuya;Alfabetización Digital;Capacitación;27;11;Wednesday
3377;227;47;2026-04-11;Presente;Marketing Digital;4;Micaela;López;44143280;Sumampa;Marketing Digital;Capacitación;33;4;Saturday
3378;421;15;2026-02-01;Presente;PowerPoint;2;Luis;Torres;33389266;Sumampa;PowerPoint;Capacitación;38;2;Sunday
3379;499;34;2026-09-14;Presente;Word;9;Juan;Fernández;40503084;Bandera;Word;Capacitación;47;9;Monday
3380;258;25;2026-07-17;Presente;PowerPoint;7;Luis;Martínez;43017061;Sumampa;PowerPoint;Capacitación;25;7;Friday
3381;425;20;2026-10-19;Presente;Ciudadanía Digital;10;María;Suárez;34877232;Sol de Julio;Ciudadanía Digital;Capacitación;31;10;Monday
3382;313;22;2026-11-10;Presente;Python;11;Juan;López;47027313;Pinto;Python;Capacitación;36;11;Tuesday
3383;80;2;2026-05-02;Presente;Python;5;Sofía;Rojas;44764418;Sol de Julio;Python;Capacitación;21;5;Saturday
3384;195;20;2026-02-17;Presente;Ciudadanía Digital;2;Ana;Martínez;35333448;Pinto;Ciudadanía Digital;Capacitación;31;2;Tuesday
3385;482;37;2026-09-04;Presente;Marketing Digital;9;Carlos;Fernández;32551781;Villa Ojo de Agua;Marketing Digital;Capacitación;26;9;Friday
3386;109;13;2026-11-11;Presente;Excel;11;María;Fernández;46506589;Pinto;Excel;Capacitación;25;11;Wednesday
3387;285;32;2026-09-08;Presente;Python;9;Lucía;Díaz;45339213;Añatuya;Python;Capacitación;26;9;Tuesday
3388;288;29;2026-03-18;Presente;Impresión 3D;3;Juan;Rodríguez;31637217;Añatuya;Impresión 3D;Capacitación;39;3;Wednesday
3389;198;36;2026-02-27;Presente;Canva;2;Sofía;Torres;44508087;Pinto;Canva;Capacitación;20;2;Friday
3390;32;26;2026-03-06;Presente;Canva;3;Sofía;Rodríguez;48122797;Sumampa;Canva;Capacitación;35;3;Friday
3391;289;41;2026-10-08;Presente;Alfabetización Digital;10;Micaela;Rodríguez;46795266;Añatuya;Alfabetización Digital;Capacitación;40;10;Thursday
3392;255;26;2026-11-13;Presente;Canva;11;Pedro;Suárez;40367063;Añatuya;Canva;Capacitación;35;11;Friday
3393;309;23;2026-09-28;Presente;Excel;9;Juan;López;36349213;Sumampa;Excel;Capacitación;38;9;Monday
3394;183;25;2026-05-28;Presente;PowerPoint;5;Juan;Rodríguez;44320473;Bandera;PowerPoint;Capacitación;25;5;Thursday
3395;328;12;2026-02-14;Presente;Python;2;Carlos;Gómez;36118998;Villa Ojo de Agua;Python;Capacitación;35;2;Saturday
3396;438;5;2026-12-01;Presente;PowerPoint;12;Lucía;López;30424281;Bandera;PowerPoint;Capacitación;34;12;Tuesday
3397;257;3;2026-03-21;Presente;Excel;3;Sofía;Martínez;40738418;Añatuya;Excel;Capacitación;40;3;Saturday
3398;110;16;2026-11-05;Presente;Canva;11;Micaela;Gómez;46646841;Sumampa;Canva;Capacitación;35;11;Thursday
3399;32;14;2026-03-26;Presente;Word;3;Sofía;Rodríguez;48122797;Sumampa;Word;Capacitación;27;3;Thursday
3400;408;20;2026-04-04;Presente;Ciudadanía Digital;4;Carlos;Fernández;33963718;Villa Ojo de Agua;Ciudadanía Digital;Capacitación;31;4;Saturday
3401;343;34;2026-02-08;Presente;Word;2;Sofía;Gómez;36022824;Villa Ojo de Agua;Word;Capacitación;47;2;Sunday
3402;424;45;2026-04-08;Presente;PowerPoint;4;Pedro;Torres;41388547;Sumampa;PowerPoint;Capacitación;40;4;Wednesday
3403;173;22;2026-03-04;Presente;Python;3;María;Martínez;45185439;Villa Ojo de Agua;Python;Capacitación;36;3;Wednesday
3404;94;16;2026-01-19;Presente;Canva;1;Luis;Torres;33998465;Pinto;Canva;Capacitación;35;1;Monday
3405;442;44;2026-12-26;Presente;Word;12;Ana;Rojas;44769108;Sumampa;Word;Capacitación;47;12;Saturday
3406;95;26;2026-08-05;Presente;Canva;8;Micaela;Rodríguez;40630952;Los Telares;Canva;Capacitación;35;8;Wednesday
3407;253;24;2026-07-12;Presente;Word;7;Sofía;Martínez;33035713;Villa Ojo de Agua;Word;Capacitación;23;7;Sunday
3408;216;4;2026-02-17;Presente;Word;2;Micaela;López;47206953;Pinto;Word;Capacitación;46;2;Tuesday
3409;304;13;2026-03-27;Presente;Excel;3;Ana;Rodríguez;45714090;Sol de Julio;Excel;Capacitación;25;3;Friday
3410;339;16;2026-06-03;Presente;Canva;6;Pedro;Díaz;35608041;Sol de Julio;Canva;Capacitación;35;6;Wednesday
3411;413;5;2026-01-09;Presente;PowerPoint;1;Sofía;Pérez;41178938;Los Telares;PowerPoint;Capacitación;34;1;Friday
3412;233;21;2026-11-24;Presente;Alfabetización Digital;11;María;Fernández;37320068;Añatuya;Alfabetización Digital;Capacitación;23;11;Tuesday
3413;413;40;2026-06-19;Presente;Ciudadanía Digital;6;Sofía;Pérez;41178938;Los Telares;Ciudadanía Digital;Capacitación;38;6;Friday
3414;49;40;2026-05-06;Presente;Ciudadanía Digital;5;Pedro;Suárez;31247480;Villa Ojo de Agua;Ciudadanía Digital;Capacitación;38;5;Wednesday
3415;153;26;2026-08-03;Presente;Canva;8;Sofía;Rodríguez;43150241;Sol de Julio;Canva;Capacitación;35;8;Monday
3416;405;29;2026-08-01;Presente;Impresión 3D;8;José;Rodríguez;33387612;Bandera;Impresión 3D;Capacitación;39;8;Saturday
3417;183;3;2026-12-23;Presente;Excel;12;Juan;Rodríguez;44320473;Bandera;Excel;Capacitación;40;12;Wednesday
3418;213;8;2026-09-10;Presente;Robótica;9;Ana;Fernández;37315167;Los Telares;Robótica;Capacitación;35;9;Thursday
3419;414;1;2026-04-05;Presente;Alfabetización Digital;4;Juan;Rojas;39781917;Villa Ojo de Agua;Alfabetización Digital;Capacitación;27;4;Sunday
3420;11;8;2026-06-28;Presente;Robótica;6;Lucía;Díaz;37880355;Villa Ojo de Agua;Robótica;Capacitación;35;6;Sunday
3421;386;28;2026-03-03;Presente;Robótica;3;Sofía;Rojas;43374533;Sumampa;Robótica;Capacitación;21;3;Tuesday
3422;471;43;2026-01-16;Presente;Excel;1;Luis;López;46137834;Sumampa;Excel;Capacitación;21;1;Friday
3423;240;22;2026-09-14;Presente;Python;9;Sofía;Rodríguez;39792286;Pinto;Python;Capacitación;36;9;Monday
3424;452;19;2026-05-12;Presente;Impresión 3D;5;Pedro;Rojas;33723718;Los Telares;Impresión 3D;Capacitación;45;5;Tuesday
3425;35;47;2026-01-12;Presente;Marketing Digital;1;Micaela;López;49948639;Villa Ojo de Agua;Marketing Digital;Capacitación;33;1;Monday
3426;211;35;2026-02-11;Presente;PowerPoint;2;Pedro;Rodríguez;41705443;Sol de Julio;PowerPoint;Capacitación;35;2;Wednesday
3427;170;39;2026-01-15;Presente;Impresión 3D;1;Sofía;Rodríguez;34755533;Sumampa;Impresión 3D;Capacitación;25;1;Thursday
3428;167;35;2026-08-19;Presente;PowerPoint;8;Carlos;López;43851567;Añatuya;PowerPoint;Capacitación;35;8;Wednesday
3429;250;1;2026-11-04;Presente;Alfabetización Digital;11;Carlos;Pérez;41544808;Bandera;Alfabetización Digital;Capacitación;27;11;Wednesday
3430;407;26;2026-09-11;Presente;Canva;9;Juan;Rodríguez;48057128;Villa Ojo de Agua;Canva;Capacitación;35;9;Friday
3431;283;21;2026-10-10;Presente;Alfabetización Digital;10;Carlos;Martínez;30268583;Pinto;Alfabetización Digital;Capacitación;23;10;Saturday
3432;249;34;2026-04-02;Presente;Word;4;Lucía;Gómez;37456023;Villa Ojo de Agua;Word;Capacitación;47;4;Thursday
3433;397;33;2026-01-18;Presente;Excel;1;María;Martínez;31611346;Pinto;Excel;Capacitación;24;1;Sunday
3434;183;8;2026-01-05;Presente;Robótica;1;Juan;Rodríguez;44320473;Bandera;Robótica;Capacitación;35;1;Monday
3435;418;21;2026-01-12;Presente;Alfabetización Digital;1;Pedro;Gómez;30873779;Añatuya;Alfabetización Digital;Capacitación;23;1;Monday
3436;220;19;2026-04-02;Presente;Impresión 3D;4;Ana;Martínez;45742770;Los Telares;Impresión 3D;Capacitación;45;4;Thursday
3437;165;16;2026-02-03;Presente;Canva;2;Juan;Fernández;41577089;Sumampa;Canva;Capacitación;35;2;Tuesday
3438;165;47;2026-08-19;Presente;Marketing Digital;8;Juan;Fernández;41577089;Sumampa;Marketing Digital;Capacitación;33;8;Wednesday
3439;93;10;2026-05-21;Presente;Ciudadanía Digital;5;Lucía;Pérez;42185537;Villa Ojo de Agua;Ciudadanía Digital;Capacitación;31;5;Thursday
3440;122;47;2026-07-22;Presente;Marketing Digital;7;José;Suárez;45134153;Bandera;Marketing Digital;Capacitación;33;7;Wednesday
3441;303;41;2026-03-19;Presente;Alfabetización Digital;3;Lucía;Torres;30623229;Sol de Julio;Alfabetización Digital;Capacitación;40;3;Thursday
3442;478;11;2026-08-14;Presente;Alfabetización Digital;8;María;Suárez;47882212;Sol de Julio;Alfabetización Digital;Capacitación;44;8;Friday
3443;73;5;2026-05-01;Presente;PowerPoint;5;Sofía;Fernández;43663794;Añatuya;PowerPoint;Capacitación;34;5;Friday
3444;81;8;2026-11-07;Presente;Robótica;11;Ana;Rojas;41151090;Bandera;Robótica;Capacitación;35;11;Saturday
3445;155;5;2026-01-07;Presente;PowerPoint;1;Micaela;Torres;40172077;Pinto;PowerPoint;Capacitación;34;1;Wednesday
3446;164;30;2026-05-28;Presente;Ciudadanía Digital;5;Micaela;Díaz;40799652;Pinto;Ciudadanía Digital;Capacitación;33;5;Thursday
3447;370;22;2026-02-05;Presente;Python;2;José;Gómez;30716136;Los Telares;Python;Capacitación;36;2;Thursday
3448;389;35;2026-03-14;Presente;PowerPoint;3;Ana;López;49704931;Bandera;PowerPoint;Capacitación;35;3;Saturday
3449;39;33;2026-02-25;Presente;Excel;2;Pedro;Rojas;43199697;Pinto;Excel;Capacitación;24;2;Wednesday
3450;160;37;2026-04-02;Presente;Marketing Digital;4;Lucía;Gómez;49007647;Sol de Julio;Marketing Digital;Capacitación;26;4;Thursday
3451;251;26;2026-01-07;Presente;Canva;1;Pedro;López;35149474;Los Telares;Canva;Capacitación;35;1;Wednesday
3452;233;33;2026-04-25;Presente;Excel;4;María;Fernández;37320068;Añatuya;Excel;Capacitación;24;4;Saturday
3453;56;16;2026-09-03;Presente;Canva;9;Micaela;Pérez;39350398;Pinto;Canva;Capacitación;35;9;Thursday
3454;191;29;2026-10-18;Presente;Impresión 3D;10;Luis;Pérez;46541273;Los Telares;Impresión 3D;Capacitación;39;10;Sunday
3455;378;9;2026-12-27;Presente;Impresión 3D;12;Luis;Gómez;33893139;Villa Ojo de Agua;Impresión 3D;Capacitación;38;12;Sunday
3456;305;23;2026-02-01;Presente;Excel;2;Sofía;Rodríguez;42902455;Pinto;Excel;Capacitación;38;2;Sunday
3457;384;11;2026-12-19;Presente;Alfabetización Digital;12;María;Pérez;34122685;Sumampa;Alfabetización Digital;Capacitación;44;12;Saturday
3458;347;5;2026-12-21;Presente;PowerPoint;12;Carlos;Gómez;34977791;Pinto;PowerPoint;Capacitación;34;12;Monday
3459;5;32;2026-01-24;Presente;Python;1;Pedro;Suárez;31889133;Sumampa;Python;Capacitación;26;1;Saturday
3460;242;3;2026-08-12;Presente;Excel;8;Pedro;Díaz;48631370;Los Telares;Excel;Capacitación;40;8;Wednesday
3461;499;46;2026-03-18;Presente;Canva;3;Juan;Fernández;40503084;Bandera;Canva;Capacitación;35;3;Wednesday
3462;384;35;2026-02-09;Presente;PowerPoint;2;María;Pérez;34122685;Sumampa;PowerPoint;Capacitación;35;2;Monday
3463;195;50;2026-04-15;Presente;Ciudadanía Digital;4;Ana;Martínez;35333448;Pinto;Ciudadanía Digital;Capacitación;34;4;Wednesday
3464;405;45;2026-01-05;Presente;PowerPoint;1;José;Rodríguez;33387612;Bandera;PowerPoint;Capacitación;40;1;Monday
3465;285;12;2026-03-07;Presente;Python;3;Lucía;Díaz;45339213;Añatuya;Python;Capacitación;35;3;Saturday
3466;475;31;2026-07-01;Presente;Alfabetización Digital;7;José;Rojas;45856757;Sol de Julio;Alfabetización Digital;Capacitación;45;7;Wednesday
3467;73;17;2026-10-02;Presente;Marketing Digital;10;Sofía;Fernández;43663794;Añatuya;Marketing Digital;Capacitación;24;10;Friday
3468;76;38;2026-05-21;Presente;Robótica;5;Ana;Rojas;37056763;Pinto;Robótica;Capacitación;39;5;Thursday
3469;86;23;2026-10-06;Presente;Excel;10;Micaela;Torres;32077312;Añatuya;Excel;Capacitación;38;10;Tuesday
3470;114;29;2026-07-03;Presente;Impresión 3D;7;Sofía;Pérez;31024301;Pinto;Impresión 3D;Capacitación;39;7;Friday
3471;384;24;2026-11-10;Presente;Word;11;María;Pérez;34122685;Sumampa;Word;Capacitación;23;11;Tuesday
3472;404;46;2026-08-03;Presente;Canva;8;María;López;37032574;Bandera;Canva;Capacitación;35;8;Monday
3473;133;32;2026-06-14;Presente;Python;6;Juan;Rojas;45817015;Villa Ojo de Agua;Python;Capacitación;26;6;Sunday
3474;90;40;2026-12-11;Presente;Ciudadanía Digital;12;Pedro;Gómez;49817965;Añatuya;Ciudadanía Digital;Capacitación;38;12;Friday
3475;397;40;2026-02-28;Presente;Ciudadanía Digital;2;María;Martínez;31611346;Pinto;Ciudadanía Digital;Capacitación;38;2;Saturday
3476;498;1;2026-05-21;Presente;Alfabetización Digital;5;María;López;40258060;Sol de Julio;Alfabetización Digital;Capacitación;27;5;Thursday
3477;7;7;2026-01-17;Presente;Marketing Digital;1;Micaela;Gómez;46109116;Sumampa;Marketing Digital;Capacitación;34;1;Saturday
3478;135;33;2026-12-24;Presente;Excel;12;María;Rojas;48116206;Pinto;Excel;Capacitación;24;12;Thursday
3479;208;34;2026-11-21;Presente;Word;11;Lucía;Rojas;32856465;Sumampa;Word;Capacitación;47;11;Saturday
3480;188;27;2026-08-26;Presente;Marketing Digital;8;Luis;Suárez;46669122;Sol de Julio;Marketing Digital;Capacitación;38;8;Wednesday
3481;386;1;2026-04-26;Presente;Alfabetización Digital;4;Sofía;Rojas;43374533;Sumampa;Alfabetización Digital;Capacitación;27;4;Sunday
3482;461;43;2026-06-19;Presente;Excel;6;Juan;López;38542540;Añatuya;Excel;Capacitación;21;6;Friday
3483;171;30;2026-06-07;Presente;Ciudadanía Digital;6;José;Díaz;32323268;Pinto;Ciudadanía Digital;Capacitación;33;6;Sunday
3484;306;18;2026-12-28;Presente;Robótica;12;José;Fernández;35495266;Añatuya;Robótica;Capacitación;36;12;Monday
3485;27;5;2026-09-01;Presente;PowerPoint;9;Pedro;Martínez;37902858;Añatuya;PowerPoint;Capacitación;34;9;Tuesday
3486;375;39;2026-01-04;Presente;Impresión 3D;1;Ana;Gómez;33204029;Los Telares;Impresión 3D;Capacitación;25;1;Sunday
3487;363;20;2026-02-10;Presente;Ciudadanía Digital;2;Lucía;Gómez;44702928;Bandera;Ciudadanía Digital;Capacitación;31;2;Tuesday
3488;391;22;2026-02-09;Presente;Python;2;José;Suárez;41104814;Añatuya;Python;Capacitación;36;2;Monday
3489;55;37;2026-02-20;Presente;Marketing Digital;2;Pedro;Fernández;32954267;Sumampa;Marketing Digital;Capacitación;26;2;Friday
3490;64;27;2026-02-25;Presente;Marketing Digital;2;Juan;Díaz;36464683;Sol de Julio;Marketing Digital;Capacitación;38;2;Wednesday
3491;313;39;2026-04-12;Presente;Impresión 3D;4;Juan;López;47027313;Pinto;Impresión 3D;Capacitación;25;4;Sunday
3492;195;46;2026-10-23;Presente;Canva;10;Ana;Martínez;35333448;Pinto;Canva;Capacitación;35;10;Friday
3493;386;45;2026-08-10;Presente;PowerPoint;8;Sofía;Rojas;43374533;Sumampa;PowerPoint;Capacitación;40;8;Monday
3494;43;4;2026-12-20;Presente;Word;12;Pedro;Torres;44880227;Bandera;Word;Capacitación;46;12;Sunday
3495;75;45;2026-10-07;Presente;PowerPoint;10;Lucía;Díaz;38616621;Bandera;PowerPoint;Capacitación;40;10;Wednesday
3496;274;30;2026-02-13;Presente;Ciudadanía Digital;2;José;Torres;46015365;Bandera;Ciudadanía Digital;Capacitación;33;2;Friday
3497;101;13;2026-07-21;Presente;Excel;7;Micaela;Díaz;37475483;Bandera;Excel;Capacitación;25;7;Tuesday
3498;165;49;2026-07-12;Presente;Impresión 3D;7;Juan;Fernández;41577089;Sumampa;Impresión 3D;Capacitación;23;7;Sunday
3499;453;8;2026-10-13;Presente;Robótica;10;Lucía;Martínez;34125739;Sumampa;Robótica;Capacitación;35;10;Tuesday
3500;7;5;2026-06-14;Presente;PowerPoint;6;Micaela;Gómez;46109116;Sumampa;PowerPoint;Capacitación;34;6;Sunday
3501;77;17;2026-01-27;Presente;Marketing Digital;1;José;Martínez;41096760;Sumampa;Marketing Digital;Capacitación;24;1;Tuesday
3502;364;9;2026-04-14;Presente;Impresión 3D;4;María;Díaz;41646844;Sumampa;Impresión 3D;Capacitación;38;4;Tuesday
3503;429;35;2026-09-15;Presente;PowerPoint;9;María;Pérez;34319579;Los Telares;PowerPoint;Capacitación;35;9;Tuesday
3504;382;18;2026-08-16;Presente;Robótica;8;Sofía;Rojas;47331754;Sol de Julio;Robótica;Capacitación;36;8;Sunday
3505;476;22;2026-04-02;Presente;Python;4;Ana;Rojas;45760368;Sol de Julio;Python;Capacitación;36;4;Thursday
3506;224;15;2026-12-26;Presente;PowerPoint;12;Lucía;Fernández;47763218;Añatuya;PowerPoint;Capacitación;38;12;Saturday
3507;44;47;2026-01-23;Presente;Marketing Digital;1;Luis;López;30894205;Sol de Julio;Marketing Digital;Capacitación;33;1;Friday
3508;344;38;2026-07-09;Presente;Robótica;7;Ana;Rojas;33857891;Villa Ojo de Agua;Robótica;Capacitación;39;7;Thursday
3509;416;37;2026-10-22;Presente;Marketing Digital;10;María;Díaz;46685403;Bandera;Marketing Digital;Capacitación;26;10;Thursday
3510;350;10;2026-04-09;Presente;Ciudadanía Digital;4;Carlos;López;48211342;Villa Ojo de Agua;Ciudadanía Digital;Capacitación;31;4;Thursday
3511;2;29;2026-04-03;Presente;Impresión 3D;4;Ana;Torres;39537814;Pinto;Impresión 3D;Capacitación;39;4;Friday
3512;401;46;2026-05-05;Presente;Canva;5;José;Martínez;41667360;Villa Ojo de Agua;Canva;Capacitación;35;5;Tuesday
3513;328;35;2026-09-27;Presente;PowerPoint;9;Carlos;Gómez;36118998;Villa Ojo de Agua;PowerPoint;Capacitación;35;9;Sunday
3514;55;47;2026-05-09;Presente;Marketing Digital;5;Pedro;Fernández;32954267;Sumampa;Marketing Digital;Capacitación;33;5;Saturday
3515;447;38;2026-01-06;Presente;Robótica;1;Ana;Fernández;38101523;Pinto;Robótica;Capacitación;39;1;Tuesday
3516;395;48;2026-02-10;Presente;Robótica;2;Micaela;Rodríguez;49586214;Sol de Julio;Robótica;Capacitación;24;2;Tuesday
3517;332;39;2026-11-14;Presente;Impresión 3D;11;Pedro;López;32753926;Añatuya;Impresión 3D;Capacitación;25;11;Saturday
3518;191;5;2026-02-15;Presente;PowerPoint;2;Luis;Pérez;46541273;Los Telares;PowerPoint;Capacitación;34;2;Sunday
3519;498;48;2026-08-17;Presente;Robótica;8;María;López;40258060;Sol de Julio;Robótica;Capacitación;24;8;Monday
3520;237;9;2026-05-15;Presente;Impresión 3D;5;Pedro;López;35120078;Pinto;Impresión 3D;Capacitación;38;5;Friday
3521;243;14;2026-10-04;Presente;Word;10;Micaela;Torres;36255630;Sumampa;Word;Capacitación;27;10;Sunday
3522;305;49;2026-04-24;Presente;Impresión 3D;4;Sofía;Rodríguez;42902455;Pinto;Impresión 3D;Capacitación;23;4;Friday
3523;234;26;2026-02-16;Presente;Canva;2;Ana;Fernández;43013984;Pinto;Canva;Capacitación;35;2;Monday
3524;238;2;2026-02-23;Presente;Python;2;José;Fernández;35580036;Bandera;Python;Capacitación;21;2;Monday
3525;214;23;2026-02-04;Presente;Excel;2;José;Suárez;30991429;Los Telares;Excel;Capacitación;38;2;Wednesday
3526;172;7;2026-07-11;Presente;Marketing Digital;7;Ana;Rodríguez;31152932;Sumampa;Marketing Digital;Capacitación;34;7;Saturday
3527;55;50;2026-01-02;Presente;Ciudadanía Digital;1;Pedro;Fernández;32954267;Sumampa;Ciudadanía Digital;Capacitación;34;1;Friday
3528;254;47;2026-04-13;Presente;Marketing Digital;4;María;Rodríguez;40625922;Sol de Julio;Marketing Digital;Capacitación;33;4;Monday
3529;428;46;2026-03-18;Presente;Canva;3;Pedro;Pérez;42589884;Añatuya;Canva;Capacitación;35;3;Wednesday
3530;499;29;2026-01-12;Presente;Impresión 3D;1;Juan;Fernández;40503084;Bandera;Impresión 3D;Capacitación;39;1;Monday
3531;443;34;2026-11-18;Presente;Word;11;Lucía;Rojas;31886522;Añatuya;Word;Capacitación;47;11;Wednesday
3532;267;26;2026-07-22;Presente;Canva;7;Lucía;Rojas;32560612;Añatuya;Canva;Capacitación;35;7;Wednesday
3533;301;43;2026-02-09;Presente;Excel;2;Pedro;Martínez;39980199;Pinto;Excel;Capacitación;21;2;Monday
3534;383;35;2026-01-18;Presente;PowerPoint;1;Juan;Torres;46825965;Pinto;PowerPoint;Capacitación;35;1;Sunday
3535;364;37;2026-01-04;Presente;Marketing Digital;1;María;Díaz;41646844;Sumampa;Marketing Digital;Capacitación;26;1;Sunday
3536;99;4;2026-10-22;Presente;Word;10;Juan;Suárez;41183572;Añatuya;Word;Capacitación;46;10;Thursday
3537;360;5;2026-06-21;Presente;PowerPoint;6;Micaela;Torres;47175104;Añatuya;PowerPoint;Capacitación;34;6;Sunday
3538;206;3;2026-08-26;Presente;Excel;8;Juan;López;30249224;Los Telares;Excel;Capacitación;40;8;Wednesday
3539;176;49;2026-03-26;Presente;Impresión 3D;3;Ana;Gómez;38210813;Los Telares;Impresión 3D;Capacitación;23;3;Thursday
3540;289;34;2026-07-15;Presente;Word;7;Micaela;Rodríguez;46795266;Añatuya;Word;Capacitación;47;7;Wednesday
3541;184;43;2026-05-06;Presente;Excel;5;Luis;Martínez;48364429;Sol de Julio;Excel;Capacitación;21;5;Wednesday
3542;498;38;2026-07-16;Presente;Robótica;7;María;López;40258060;Sol de Julio;Robótica;Capacitación;39;7;Thursday
3543;193;49;2026-12-11;Presente;Impresión 3D;12;Pedro;Díaz;31476908;Pinto;Impresión 3D;Capacitación;23;12;Friday
3544;487;10;2026-06-17;Presente;Ciudadanía Digital;6;Luis;Rodríguez;40328063;Villa Ojo de Agua;Ciudadanía Digital;Capacitación;31;6;Wednesday
3545;237;24;2026-07-04;Presente;Word;7;Pedro;López;35120078;Pinto;Word;Capacitación;23;7;Saturday
3546;32;23;2026-02-24;Presente;Excel;2;Sofía;Rodríguez;48122797;Sumampa;Excel;Capacitación;38;2;Tuesday
3547;232;24;2026-08-04;Presente;Word;8;Pedro;Gómez;31549216;Pinto;Word;Capacitación;23;8;Tuesday
3548;14;48;2026-12-05;Presente;Robótica;12;Micaela;Díaz;38860550;Bandera;Robótica;Capacitación;24;12;Saturday
3549;167;42;2026-07-17;Presente;Python;7;Carlos;López;43851567;Añatuya;Python;Capacitación;29;7;Friday
3550;7;15;2026-03-02;Presente;PowerPoint;3;Micaela;Gómez;46109116;Sumampa;PowerPoint;Capacitación;38;3;Monday
3551;336;25;2026-06-20;Presente;PowerPoint;6;Lucía;Rodríguez;38467996;Bandera;PowerPoint;Capacitación;25;6;Saturday
3552;10;29;2026-04-20;Presente;Impresión 3D;4;Carlos;Rodríguez;35055177;Villa Ojo de Agua;Impresión 3D;Capacitación;39;4;Monday
3553;462;32;2026-02-11;Presente;Python;2;Sofía;Rojas;33581517;Sumampa;Python;Capacitación;26;2;Wednesday
3554;161;26;2026-05-22;Presente;Canva;5;Carlos;Fernández;30585216;Villa Ojo de Agua;Canva;Capacitación;35;5;Friday
3555;92;7;2026-10-08;Presente;Marketing Digital;10;María;Díaz;47353267;Pinto;Marketing Digital;Capacitación;34;10;Thursday
3556;222;35;2026-12-08;Presente;PowerPoint;12;María;Torres;49242631;Sol de Julio;PowerPoint;Capacitación;35;12;Tuesday
3557;482;6;2026-12-23;Presente;Canva;12;Carlos;Fernández;32551781;Villa Ojo de Agua;Canva;Capacitación;43;12;Wednesday
3558;323;9;2026-07-18;Presente;Impresión 3D;7;María;Gómez;38196290;Añatuya;Impresión 3D;Capacitación;38;7;Saturday
3559;249;41;2026-01-24;Presente;Alfabetización Digital;1;Lucía;Gómez;37456023;Villa Ojo de Agua;Alfabetización Digital;Capacitación;40;1;Saturday
3560;218;9;2026-07-17;Presente;Impresión 3D;7;Micaela;Díaz;46165817;Bandera;Impresión 3D;Capacitación;38;7;Friday
3561;187;19;2026-08-08;Presente;Impresión 3D;8;Micaela;Gómez;33368497;Los Telares;Impresión 3D;Capacitación;45;8;Saturday
3562;462;27;2026-01-03;Presente;Marketing Digital;1;Sofía;Rojas;33581517;Sumampa;Marketing Digital;Capacitación;38;1;Saturday
3563;29;35;2026-01-21;Presente;PowerPoint;1;Juan;Pérez;43363767;Villa Ojo de Agua;PowerPoint;Capacitación;35;1;Wednesday
3564;284;13;2026-06-27;Presente;Excel;6;Juan;Suárez;38736630;Los Telares;Excel;Capacitación;25;6;Saturday
3565;375;11;2026-12-09;Presente;Alfabetización Digital;12;Ana;Gómez;33204029;Los Telares;Alfabetización Digital;Capacitación;44;12;Wednesday
3566;308;4;2026-05-14;Presente;Word;5;Juan;López;35029863;Villa Ojo de Agua;Word;Capacitación;46;5;Thursday
3567;40;16;2026-03-28;Presente;Canva;3;Sofía;Rojas;44998060;Sol de Julio;Canva;Capacitación;35;3;Saturday
3568;397;34;2026-09-09;Presente;Word;9;María;Martínez;31611346;Pinto;Word;Capacitación;47;9;Wednesday
3569;345;2;2026-11-28;Presente;Python;11;Lucía;Rojas;44450553;Añatuya;Python;Capacitación;21;11;Saturday
3570;235;40;2026-05-04;Presente;Ciudadanía Digital;5;Carlos;Rojas;44594486;Pinto;Ciudadanía Digital;Capacitación;38;5;Monday
3571;81;18;2026-05-02;Presente;Robótica;5;Ana;Rojas;41151090;Bandera;Robótica;Capacitación;36;5;Saturday
3572;487;1;2026-03-06;Presente;Alfabetización Digital;3;Luis;Rodríguez;40328063;Villa Ojo de Agua;Alfabetización Digital;Capacitación;27;3;Friday
3573;129;33;2026-10-25;Presente;Excel;10;Ana;Díaz;42838150;Bandera;Excel;Capacitación;24;10;Sunday
3574;239;32;2026-04-21;Presente;Python;4;Ana;Fernández;38205338;Sumampa;Python;Capacitación;26;4;Tuesday
3575;322;41;2026-10-20;Presente;Alfabetización Digital;10;Lucía;Rojas;31384892;Pinto;Alfabetización Digital;Capacitación;40;10;Tuesday
3576;318;40;2026-11-19;Presente;Ciudadanía Digital;11;Sofía;Rodríguez;38110079;Villa Ojo de Agua;Ciudadanía Digital;Capacitación;38;11;Thursday
3577;255;40;2026-04-15;Presente;Ciudadanía Digital;4;Pedro;Suárez;40367063;Añatuya;Ciudadanía Digital;Capacitación;38;4;Wednesday
3578;387;12;2026-06-27;Presente;Python;6;Pedro;Gómez;35461685;Sol de Julio;Python;Capacitación;35;6;Saturday
3579;215;18;2026-06-21;Presente;Robótica;6;José;Rojas;36611779;Sol de Julio;Robótica;Capacitación;36;6;Sunday
3580;134;9;2026-09-22;Presente;Impresión 3D;9;Juan;Martínez;47882337;Añatuya;Impresión 3D;Capacitación;38;9;Tuesday
3581;197;32;2026-08-13;Presente;Python;8;José;López;46545920;Bandera;Python;Capacitación;26;8;Thursday
3582;409;17;2026-10-15;Presente;Marketing Digital;10;Micaela;Suárez;41876724;Los Telares;Marketing Digital;Capacitación;24;10;Thursday
3583;6;11;2026-07-11;Presente;Alfabetización Digital;7;José;Rodríguez;43523626;Bandera;Alfabetización Digital;Capacitación;44;7;Saturday
3584;500;45;2026-03-17;Presente;PowerPoint;3;Ana;Gómez;39775209;Añatuya;PowerPoint;Capacitación;40;3;Tuesday
3585;167;24;2026-02-15;Presente;Word;2;Carlos;López;43851567;Añatuya;Word;Capacitación;23;2;Sunday
3586;374;48;2026-06-17;Presente;Robótica;6;Lucía;Suárez;42782960;Pinto;Robótica;Capacitación;24;6;Wednesday
3587;76;28;2026-02-02;Presente;Robótica;2;Ana;Rojas;37056763;Pinto;Robótica;Capacitación;21;2;Monday
3588;25;39;2026-03-07;Presente;Impresión 3D;3;Lucía;Díaz;36401168;Pinto;Impresión 3D;Capacitación;25;3;Saturday
3589;460;24;2026-06-05;Presente;Word;6;José;Rodríguez;36395011;Añatuya;Word;Capacitación;23;6;Friday
3590;95;50;2026-03-04;Presente;Ciudadanía Digital;3;Micaela;Rodríguez;40630952;Los Telares;Ciudadanía Digital;Capacitación;34;3;Wednesday
3591;326;20;2026-09-17;Presente;Ciudadanía Digital;9;María;López;42038046;Sumampa;Ciudadanía Digital;Capacitación;31;9;Thursday
3592;109;19;2026-06-05;Presente;Impresión 3D;6;María;Fernández;46506589;Pinto;Impresión 3D;Capacitación;45;6;Friday
3593;155;2;2026-11-02;Presente;Python;11;Micaela;Torres;40172077;Pinto;Python;Capacitación;21;11;Monday
3594;199;20;2026-12-21;Presente;Ciudadanía Digital;12;María;Gómez;35546411;Añatuya;Ciudadanía Digital;Capacitación;31;12;Monday
3595;214;45;2026-09-23;Presente;PowerPoint;9;José;Suárez;30991429;Los Telares;PowerPoint;Capacitación;40;9;Wednesday
3596;487;11;2026-10-14;Presente;Alfabetización Digital;10;Luis;Rodríguez;40328063;Villa Ojo de Agua;Alfabetización Digital;Capacitación;44;10;Wednesday
3597;241;17;2026-03-21;Presente;Marketing Digital;3;Pedro;Gómez;49246247;Pinto;Marketing Digital;Capacitación;24;3;Saturday
3598;392;6;2026-02-14;Presente;Canva;2;José;López;47560747;Añatuya;Canva;Capacitación;43;2;Saturday
3599;87;26;2026-07-08;Presente;Canva;7;María;Suárez;31495043;Sol de Julio;Canva;Capacitación;35;7;Wednesday
3600;472;38;2026-02-11;Presente;Robótica;2;Luis;Díaz;40997777;Añatuya;Robótica;Capacitación;39;2;Wednesday
3601;222;36;2026-01-05;Presente;Canva;1;María;Torres;49242631;Sol de Julio;Canva;Capacitación;20;1;Monday
3602;321;34;2026-07-07;Presente;Word;7;Sofía;Díaz;32260564;Los Telares;Word;Capacitación;47;7;Tuesday
3603;437;14;2026-03-23;Presente;Word;3;José;Fernández;43703622;Bandera;Word;Capacitación;27;3;Monday
3604;403;50;2026-11-25;Presente;Ciudadanía Digital;11;Juan;Suárez;40314380;Sumampa;Ciudadanía Digital;Capacitación;34;11;Wednesday
3605;194;11;2026-05-27;Presente;Alfabetización Digital;5;Pedro;Torres;41071021;Villa Ojo de Agua;Alfabetización Digital;Capacitación;44;5;Wednesday
3606;75;20;2026-06-18;Presente;Ciudadanía Digital;6;Lucía;Díaz;38616621;Bandera;Ciudadanía Digital;Capacitación;31;6;Thursday
3607;473;43;2026-08-15;Presente;Excel;8;Juan;Rojas;41018932;Villa Ojo de Agua;Excel;Capacitación;21;8;Saturday
3608;282;46;2026-07-08;Presente;Canva;7;Micaela;Fernández;49933289;Los Telares;Canva;Capacitación;35;7;Wednesday
3609;332;18;2026-11-25;Presente;Robótica;11;Pedro;López;32753926;Añatuya;Robótica;Capacitación;36;11;Wednesday
3610;372;11;2026-10-20;Presente;Alfabetización Digital;10;Ana;Torres;45422344;Los Telares;Alfabetización Digital;Capacitación;44;10;Tuesday
3611;157;44;2026-08-09;Presente;Word;8;José;Gómez;37717966;Bandera;Word;Capacitación;47;8;Sunday
3612;464;3;2026-02-12;Presente;Excel;2;José;Pérez;33878619;Añatuya;Excel;Capacitación;40;2;Thursday
3613;459;48;2026-01-28;Presente;Robótica;1;Sofía;Gómez;33077473;Bandera;Robótica;Capacitación;24;1;Wednesday
3614;365;38;2026-09-28;Presente;Robótica;9;Carlos;Rodríguez;44425040;Los Telares;Robótica;Capacitación;39;9;Monday
3615;46;6;2026-09-09;Presente;Canva;9;Micaela;Gómez;36582935;Sumampa;Canva;Capacitación;43;9;Wednesday
3616;226;44;2026-01-26;Presente;Word;1;Lucía;Suárez;36123672;Sumampa;Word;Capacitación;47;1;Monday
3617;318;5;2026-11-09;Presente;PowerPoint;11;Sofía;Rodríguez;38110079;Villa Ojo de Agua;PowerPoint;Capacitación;34;11;Monday
3618;151;24;2026-02-14;Presente;Word;2;Pedro;López;40456268;Villa Ojo de Agua;Word;Capacitación;23;2;Saturday
3619;460;4;2026-01-22;Presente;Word;1;José;Rodríguez;36395011;Añatuya;Word;Capacitación;46;1;Thursday
3620;227;22;2026-07-11;Presente;Python;7;Micaela;López;44143280;Sumampa;Python;Capacitación;36;7;Saturday
3621;24;24;2026-02-05;Presente;Word;2;Pedro;Suárez;47273973;Bandera;Word;Capacitación;23;2;Thursday
3622;221;23;2026-09-09;Presente;Excel;9;Sofía;Suárez;36376999;Sumampa;Excel;Capacitación;38;9;Wednesday
3623;188;4;2026-03-25;Presente;Word;3;Luis;Suárez;46669122;Sol de Julio;Word;Capacitación;46;3;Wednesday
3624;265;39;2026-05-04;Presente;Impresión 3D;5;Carlos;Díaz;30010232;Añatuya;Impresión 3D;Capacitación;25;5;Monday
3625;113;34;2026-08-28;Presente;Word;8;Ana;Fernández;37545616;Los Telares;Word;Capacitación;47;8;Friday
3626;215;28;2026-08-13;Presente;Robótica;8;José;Rojas;36611779;Sol de Julio;Robótica;Capacitación;21;8;Thursday
3627;400;32;2026-01-25;Presente;Python;1;María;Torres;36468521;Sumampa;Python;Capacitación;26;1;Sunday
3628;498;25;2026-01-07;Presente;PowerPoint;1;María;López;40258060;Sol de Julio;PowerPoint;Capacitación;25;1;Wednesday
3629;198;11;2026-05-02;Presente;Alfabetización Digital;5;Sofía;Torres;44508087;Pinto;Alfabetización Digital;Capacitación;44;5;Saturday
3630;371;28;2026-09-24;Presente;Robótica;9;José;Rodríguez;38671319;Villa Ojo de Agua;Robótica;Capacitación;21;9;Thursday
3631;72;15;2026-01-09;Presente;PowerPoint;1;Luis;Suárez;47099248;Sumampa;PowerPoint;Capacitación;38;1;Friday
3632;423;40;2026-04-15;Presente;Ciudadanía Digital;4;Micaela;Gómez;32455449;Sumampa;Ciudadanía Digital;Capacitación;38;4;Wednesday
3633;492;20;2026-08-09;Presente;Ciudadanía Digital;8;Micaela;Torres;42487463;Los Telares;Ciudadanía Digital;Capacitación;31;8;Sunday
3634;20;36;2026-10-07;Presente;Canva;10;Pedro;Suárez;33893888;Sumampa;Canva;Capacitación;20;10;Wednesday
3635;53;36;2026-11-08;Presente;Canva;11;Ana;Martínez;36212200;Sumampa;Canva;Capacitación;20;11;Sunday
3636;291;30;2026-12-17;Presente;Ciudadanía Digital;12;Juan;Fernández;34004297;Villa Ojo de Agua;Ciudadanía Digital;Capacitación;33;12;Thursday
3637;319;14;2026-05-19;Presente;Word;5;Micaela;Torres;44875517;Villa Ojo de Agua;Word;Capacitación;27;5;Tuesday
3638;239;17;2026-04-27;Presente;Marketing Digital;4;Ana;Fernández;38205338;Sumampa;Marketing Digital;Capacitación;24;4;Monday
3639;461;45;2026-10-15;Presente;PowerPoint;10;Juan;López;38542540;Añatuya;PowerPoint;Capacitación;40;10;Thursday
3640;60;9;2026-02-06;Presente;Impresión 3D;2;Pedro;Suárez;33349882;Sumampa;Impresión 3D;Capacitación;38;2;Friday
3641;364;43;2026-01-11;Presente;Excel;1;María;Díaz;41646844;Sumampa;Excel;Capacitación;21;1;Sunday
3642;144;14;2026-07-06;Presente;Word;7;Sofía;Rojas;31424630;Bandera;Word;Capacitación;27;7;Monday
3643;323;21;2026-01-21;Presente;Alfabetización Digital;1;María;Gómez;38196290;Añatuya;Alfabetización Digital;Capacitación;23;1;Wednesday
3644;154;41;2026-02-23;Presente;Alfabetización Digital;2;Juan;Rojas;47875722;Sumampa;Alfabetización Digital;Capacitación;40;2;Monday
3645;241;40;2026-01-14;Presente;Ciudadanía Digital;1;Pedro;Gómez;49246247;Pinto;Ciudadanía Digital;Capacitación;38;1;Wednesday
3646;498;45;2026-05-07;Presente;PowerPoint;5;María;López;40258060;Sol de Julio;PowerPoint;Capacitación;40;5;Thursday
3647;67;50;2026-05-28;Presente;Ciudadanía Digital;5;Micaela;Gómez;34772337;Los Telares;Ciudadanía Digital;Capacitación;34;5;Thursday
3648;203;28;2026-03-06;Presente;Robótica;3;Carlos;Fernández;33291655;Sumampa;Robótica;Capacitación;21;3;Friday
3649;445;33;2026-06-03;Presente;Excel;6;Lucía;López;37276131;Sol de Julio;Excel;Capacitación;24;6;Wednesday
3650;200;9;2026-06-10;Presente;Impresión 3D;6;Sofía;Torres;49051094;Sol de Julio;Impresión 3D;Capacitación;38;6;Wednesday
3651;190;2;2026-01-27;Presente;Python;1;Luis;Pérez;30869792;Villa Ojo de Agua;Python;Capacitación;21;1;Tuesday
3652;474;38;2026-12-21;Presente;Robótica;12;Pedro;Martínez;37822917;Bandera;Robótica;Capacitación;39;12;Monday
3653;337;48;2026-05-07;Presente;Robótica;5;José;Torres;35492865;Bandera;Robótica;Capacitación;24;5;Thursday
3654;60;38;2026-07-23;Presente;Robótica;7;Pedro;Suárez;33349882;Sumampa;Robótica;Capacitación;39;7;Thursday
3655;45;30;2026-12-21;Presente;Ciudadanía Digital;12;Juan;López;36628227;Sol de Julio;Ciudadanía Digital;Capacitación;33;12;Monday
3656;4;47;2026-12-08;Presente;Marketing Digital;12;Sofía;Suárez;37031326;Sol de Julio;Marketing Digital;Capacitación;33;12;Tuesday
3657;485;27;2026-01-08;Presente;Marketing Digital;1;Carlos;Rodríguez;31215637;Añatuya;Marketing Digital;Capacitación;38;1;Thursday
3658;149;8;2026-09-07;Presente;Robótica;9;José;Torres;31135379;Bandera;Robótica;Capacitación;35;9;Monday
3659;354;15;2026-05-08;Presente;PowerPoint;5;Carlos;Fernández;41969316;Pinto;PowerPoint;Capacitación;38;5;Friday
3660;96;20;2026-08-19;Presente;Ciudadanía Digital;8;José;López;45666620;Villa Ojo de Agua;Ciudadanía Digital;Capacitación;31;8;Wednesday
3661;28;48;2026-08-21;Presente;Robótica;8;José;Torres;41993868;Añatuya;Robótica;Capacitación;24;8;Friday
3662;33;46;2026-01-01;Presente;Canva;1;Carlos;Torres;41233149;Sol de Julio;Canva;Capacitación;35;1;Thursday
3663;274;24;2026-06-09;Presente;Word;6;José;Torres;46015365;Bandera;Word;Capacitación;23;6;Tuesday
3664;400;15;2026-11-14;Presente;PowerPoint;11;María;Torres;36468521;Sumampa;PowerPoint;Capacitación;38;11;Saturday
3665;496;22;2026-05-10;Presente;Python;5;Lucía;Torres;39868335;Sol de Julio;Python;Capacitación;36;5;Sunday
3666;46;48;2026-05-28;Presente;Robótica;5;Micaela;Gómez;36582935;Sumampa;Robótica;Capacitación;24;5;Thursday
3667;328;9;2026-12-22;Presente;Impresión 3D;12;Carlos;Gómez;36118998;Villa Ojo de Agua;Impresión 3D;Capacitación;38;12;Tuesday
3668;117;30;2026-02-25;Presente;Ciudadanía Digital;2;Ana;López;36636483;Villa Ojo de Agua;Ciudadanía Digital;Capacitación;33;2;Wednesday
3669;127;11;2026-09-13;Presente;Alfabetización Digital;9;Ana;Gómez;47850551;Bandera;Alfabetización Digital;Capacitación;44;9;Sunday
3670;359;48;2026-04-03;Presente;Robótica;4;Sofía;Rojas;32790056;Sol de Julio;Robótica;Capacitación;24;4;Friday
3671;227;39;2026-02-25;Presente;Impresión 3D;2;Micaela;López;44143280;Sumampa;Impresión 3D;Capacitación;25;2;Wednesday
3672;377;9;2026-01-26;Presente;Impresión 3D;1;Lucía;López;46765456;Sol de Julio;Impresión 3D;Capacitación;38;1;Monday
3673;360;41;2026-02-01;Presente;Alfabetización Digital;2;Micaela;Torres;47175104;Añatuya;Alfabetización Digital;Capacitación;40;2;Sunday
3674;337;42;2026-02-17;Presente;Python;2;José;Torres;35492865;Bandera;Python;Capacitación;29;2;Tuesday
3675;189;21;2026-11-13;Presente;Alfabetización Digital;11;Luis;Gómez;46920536;Villa Ojo de Agua;Alfabetización Digital;Capacitación;23;11;Friday
3676;298;15;2026-02-03;Presente;PowerPoint;2;Sofía;Rojas;30231951;Villa Ojo de Agua;PowerPoint;Capacitación;38;2;Tuesday
3677;411;36;2026-08-13;Presente;Canva;8;Carlos;Rodríguez;45145597;Villa Ojo de Agua;Canva;Capacitación;20;8;Thursday
3678;444;25;2026-04-15;Presente;PowerPoint;4;Micaela;Fernández;46158675;Añatuya;PowerPoint;Capacitación;25;4;Wednesday
3679;235;17;2026-06-15;Presente;Marketing Digital;6;Carlos;Rojas;44594486;Pinto;Marketing Digital;Capacitación;24;6;Monday
3680;491;21;2026-11-05;Presente;Alfabetización Digital;11;Ana;Díaz;38656494;Sol de Julio;Alfabetización Digital;Capacitación;23;11;Thursday
3681;239;14;2026-12-21;Presente;Word;12;Ana;Fernández;38205338;Sumampa;Word;Capacitación;27;12;Monday
3682;140;21;2026-08-14;Presente;Alfabetización Digital;8;Juan;Martínez;38947659;Bandera;Alfabetización Digital;Capacitación;23;8;Friday
3683;140;37;2026-02-21;Presente;Marketing Digital;2;Juan;Martínez;38947659;Bandera;Marketing Digital;Capacitación;26;2;Saturday
3684;444;43;2026-05-25;Presente;Excel;5;Micaela;Fernández;46158675;Añatuya;Excel;Capacitación;21;5;Monday
3685;431;39;2026-07-28;Presente;Impresión 3D;7;Carlos;Suárez;47707700;Los Telares;Impresión 3D;Capacitación;25;7;Tuesday
3686;475;49;2026-02-02;Presente;Impresión 3D;2;José;Rojas;45856757;Sol de Julio;Impresión 3D;Capacitación;23;2;Monday
3687;22;31;2026-04-19;Presente;Alfabetización Digital;4;Carlos;Pérez;39895465;Pinto;Alfabetización Digital;Capacitación;45;4;Sunday
3688;48;5;2026-07-09;Presente;PowerPoint;7;Luis;Martínez;35327101;Villa Ojo de Agua;PowerPoint;Capacitación;34;7;Thursday
3689;52;23;2026-04-05;Presente;Excel;4;Ana;Pérez;34164805;Los Telares;Excel;Capacitación;38;4;Sunday
3690;26;20;2026-07-08;Presente;Ciudadanía Digital;7;María;Martínez;31156450;Sumampa;Ciudadanía Digital;Capacitación;31;7;Wednesday
3691;136;11;2026-10-20;Presente;Alfabetización Digital;10;Ana;Rodríguez;37994853;Los Telares;Alfabetización Digital;Capacitación;44;10;Tuesday
3692;223;31;2026-02-23;Presente;Alfabetización Digital;2;Pedro;López;32163127;Los Telares;Alfabetización Digital;Capacitación;45;2;Monday
3693;399;48;2026-01-04;Presente;Robótica;1;Ana;Díaz;42468635;Los Telares;Robótica;Capacitación;24;1;Sunday
3694;83;2;2026-12-21;Presente;Python;12;María;Suárez;45645293;Bandera;Python;Capacitación;21;12;Monday
3695;487;10;2026-05-25;Presente;Ciudadanía Digital;5;Luis;Rodríguez;40328063;Villa Ojo de Agua;Ciudadanía Digital;Capacitación;31;5;Monday
3696;107;20;2026-02-18;Presente;Ciudadanía Digital;2;Sofía;Gómez;43976159;Los Telares;Ciudadanía Digital;Capacitación;31;2;Wednesday
3697;94;26;2026-03-19;Presente;Canva;3;Luis;Torres;33998465;Pinto;Canva;Capacitación;35;3;Thursday
3698;443;49;2026-07-23;Presente;Impresión 3D;7;Lucía;Rojas;31886522;Añatuya;Impresión 3D;Capacitación;23;7;Thursday
3699;298;28;2026-06-24;Presente;Robótica;6;Sofía;Rojas;30231951;Villa Ojo de Agua;Robótica;Capacitación;21;6;Wednesday
3700;382;4;2026-12-22;Presente;Word;12;Sofía;Rojas;47331754;Sol de Julio;Word;Capacitación;46;12;Tuesday
3701;231;7;2026-02-02;Presente;Marketing Digital;2;Juan;Pérez;40829076;Añatuya;Marketing Digital;Capacitación;34;2;Monday
3702;356;13;2026-09-19;Presente;Excel;9;Sofía;Gómez;46154487;Sumampa;Excel;Capacitación;25;9;Saturday
3703;120;11;2026-06-04;Presente;Alfabetización Digital;6;Lucía;Gómez;45143697;Villa Ojo de Agua;Alfabetización Digital;Capacitación;44;6;Thursday
3704;230;11;2026-12-12;Presente;Alfabetización Digital;12;Carlos;López;47887991;Sol de Julio;Alfabetización Digital;Capacitación;44;12;Saturday
3705;163;2;2026-02-12;Presente;Python;2;María;Martínez;46323459;Sumampa;Python;Capacitación;21;2;Thursday
3706;122;24;2026-07-19;Presente;Word;7;José;Suárez;45134153;Bandera;Word;Capacitación;23;7;Sunday
3707;250;30;2026-02-17;Presente;Ciudadanía Digital;2;Carlos;Pérez;41544808;Bandera;Ciudadanía Digital;Capacitación;33;2;Tuesday
3708;413;7;2026-05-24;Presente;Marketing Digital;5;Sofía;Pérez;41178938;Los Telares;Marketing Digital;Capacitación;34;5;Sunday
3709;257;30;2026-10-10;Presente;Ciudadanía Digital;10;Sofía;Martínez;40738418;Añatuya;Ciudadanía Digital;Capacitación;33;10;Saturday
3710;247;11;2026-08-26;Presente;Alfabetización Digital;8;José;Martínez;44910524;Pinto;Alfabetización Digital;Capacitación;44;8;Wednesday
3711;186;49;2026-06-24;Presente;Impresión 3D;6;José;Pérez;33334532;Villa Ojo de Agua;Impresión 3D;Capacitación;23;6;Wednesday
3712;207;6;2026-06-02;Presente;Canva;6;Micaela;Pérez;39788688;Los Telares;Canva;Capacitación;43;6;Tuesday
3713;478;24;2026-05-09;Presente;Word;5;María;Suárez;47882212;Sol de Julio;Word;Capacitación;23;5;Saturday
3714;357;33;2026-03-14;Presente;Excel;3;Pedro;López;49127886;Sumampa;Excel;Capacitación;24;3;Saturday
3715;395;29;2026-04-11;Presente;Impresión 3D;4;Micaela;Rodríguez;49586214;Sol de Julio;Impresión 3D;Capacitación;39;4;Saturday
3716;132;36;2026-08-17;Presente;Canva;8;María;Fernández;32103884;Los Telares;Canva;Capacitación;20;8;Monday
3717;350;2;2026-10-26;Presente;Python;10;Carlos;López;48211342;Villa Ojo de Agua;Python;Capacitación;21;10;Monday
3718;448;4;2026-08-14;Presente;Word;8;Carlos;Martínez;49200319;Los Telares;Word;Capacitación;46;8;Friday
3719;496;22;2026-09-15;Presente;Python;9;Lucía;Torres;39868335;Sol de Julio;Python;Capacitación;36;9;Tuesday
3720;351;29;2026-06-24;Presente;Impresión 3D;6;Carlos;Pérez;34716976;Pinto;Impresión 3D;Capacitación;39;6;Wednesday
3721;70;50;2026-10-22;Presente;Ciudadanía Digital;10;Luis;Pérez;37468319;Villa Ojo de Agua;Ciudadanía Digital;Capacitación;34;10;Thursday
3722;275;27;2026-12-10;Presente;Marketing Digital;12;Luis;Rojas;41792117;Pinto;Marketing Digital;Capacitación;38;12;Thursday
3723;129;31;2026-10-10;Presente;Alfabetización Digital;10;Ana;Díaz;42838150;Bandera;Alfabetización Digital;Capacitación;45;10;Saturday
3724;495;17;2026-02-01;Presente;Marketing Digital;2;Sofía;López;46575642;Añatuya;Marketing Digital;Capacitación;24;2;Sunday
3725;210;30;2026-09-03;Presente;Ciudadanía Digital;9;Pedro;Rojas;45951640;Bandera;Ciudadanía Digital;Capacitación;33;9;Thursday
3726;90;18;2026-09-09;Presente;Robótica;9;Pedro;Gómez;49817965;Añatuya;Robótica;Capacitación;36;9;Wednesday
3727;379;48;2026-04-07;Presente;Robótica;4;José;Rojas;42064078;Sol de Julio;Robótica;Capacitación;24;4;Tuesday
3728;482;3;2026-07-11;Presente;Excel;7;Carlos;Fernández;32551781;Villa Ojo de Agua;Excel;Capacitación;40;7;Saturday
3729;180;2;2026-04-21;Presente;Python;4;Carlos;Rojas;32607251;Sol de Julio;Python;Capacitación;21;4;Tuesday
3730;53;6;2026-02-20;Presente;Canva;2;Ana;Martínez;36212200;Sumampa;Canva;Capacitación;43;2;Friday
3731;103;38;2026-03-20;Presente;Robótica;3;Pedro;Torres;39724580;Bandera;Robótica;Capacitación;39;3;Friday
3732;198;37;2026-03-04;Presente;Marketing Digital;3;Sofía;Torres;44508087;Pinto;Marketing Digital;Capacitación;26;3;Wednesday
3733;499;31;2026-03-09;Presente;Alfabetización Digital;3;Juan;Fernández;40503084;Bandera;Alfabetización Digital;Capacitación;45;3;Monday
3734;272;7;2026-03-08;Presente;Marketing Digital;3;Pedro;Rojas;43419469;Los Telares;Marketing Digital;Capacitación;34;3;Sunday
3735;145;40;2026-02-11;Presente;Ciudadanía Digital;2;Ana;Torres;46212453;Bandera;Ciudadanía Digital;Capacitación;38;2;Wednesday
3736;196;17;2026-05-17;Presente;Marketing Digital;5;Lucía;Martínez;36335303;Sumampa;Marketing Digital;Capacitación;24;5;Sunday
3737;237;9;2026-05-17;Presente;Impresión 3D;5;Pedro;López;35120078;Pinto;Impresión 3D;Capacitación;38;5;Sunday
3738;301;28;2026-08-05;Presente;Robótica;8;Pedro;Martínez;39980199;Pinto;Robótica;Capacitación;21;8;Wednesday
3739;15;30;2026-01-20;Presente;Ciudadanía Digital;1;María;Torres;45981305;Añatuya;Ciudadanía Digital;Capacitación;33;1;Tuesday
3740;482;26;2026-04-14;Presente;Canva;4;Carlos;Fernández;32551781;Villa Ojo de Agua;Canva;Capacitación;35;4;Tuesday
3741;22;22;2026-09-08;Presente;Python;9;Carlos;Pérez;39895465;Pinto;Python;Capacitación;36;9;Tuesday
3742;376;50;2026-07-07;Presente;Ciudadanía Digital;7;Luis;Pérez;38314458;Bandera;Ciudadanía Digital;Capacitación;34;7;Tuesday
3743;265;36;2026-12-10;Presente;Canva;12;Carlos;Díaz;30010232;Añatuya;Canva;Capacitación;20;12;Thursday
3744;7;40;2026-02-03;Presente;Ciudadanía Digital;2;Micaela;Gómez;46109116;Sumampa;Ciudadanía Digital;Capacitación;38;2;Tuesday
3745;248;10;2026-08-15;Presente;Ciudadanía Digital;8;Carlos;Torres;42912530;Los Telares;Ciudadanía Digital;Capacitación;31;8;Saturday
3746;400;3;2026-07-24;Presente;Excel;7;María;Torres;36468521;Sumampa;Excel;Capacitación;40;7;Friday
3747;180;17;2026-01-28;Presente;Marketing Digital;1;Carlos;Rojas;32607251;Sol de Julio;Marketing Digital;Capacitación;24;1;Wednesday
3748;257;19;2026-10-03;Presente;Impresión 3D;10;Sofía;Martínez;40738418;Añatuya;Impresión 3D;Capacitación;45;10;Saturday
3749;170;44;2026-10-08;Presente;Word;10;Sofía;Rodríguez;34755533;Sumampa;Word;Capacitación;47;10;Thursday
3750;270;15;2026-03-11;Presente;PowerPoint;3;Juan;Torres;40022026;Sol de Julio;PowerPoint;Capacitación;38;3;Wednesday
3751;494;14;2026-10-27;Presente;Word;10;Juan;Díaz;31509226;Los Telares;Word;Capacitación;27;10;Tuesday
3752;252;33;2026-06-02;Presente;Excel;6;María;Díaz;45615111;Bandera;Excel;Capacitación;24;6;Tuesday
3753;157;18;2026-05-07;Presente;Robótica;5;José;Gómez;37717966;Bandera;Robótica;Capacitación;36;5;Thursday
3754;44;40;2026-11-20;Presente;Ciudadanía Digital;11;Luis;López;30894205;Sol de Julio;Ciudadanía Digital;Capacitación;38;11;Friday
3755;259;39;2026-09-26;Presente;Impresión 3D;9;Lucía;Suárez;49939072;Añatuya;Impresión 3D;Capacitación;25;9;Saturday
3756;8;29;2026-10-03;Presente;Impresión 3D;10;Sofía;Pérez;43578410;Sol de Julio;Impresión 3D;Capacitación;39;10;Saturday
3757;467;15;2026-05-24;Presente;PowerPoint;5;Lucía;Martínez;36066051;Villa Ojo de Agua;PowerPoint;Capacitación;38;5;Sunday
3758;86;2;2026-04-23;Presente;Python;4;Micaela;Torres;32077312;Añatuya;Python;Capacitación;21;4;Thursday
3759;405;35;2026-10-28;Presente;PowerPoint;10;José;Rodríguez;33387612;Bandera;PowerPoint;Capacitación;35;10;Wednesday
3760;450;14;2026-03-26;Presente;Word;3;Pedro;Díaz;41853911;Sol de Julio;Word;Capacitación;27;3;Thursday
3761;240;21;2026-06-14;Presente;Alfabetización Digital;6;Sofía;Rodríguez;39792286;Pinto;Alfabetización Digital;Capacitación;23;6;Sunday
3762;384;10;2026-10-03;Presente;Ciudadanía Digital;10;María;Pérez;34122685;Sumampa;Ciudadanía Digital;Capacitación;31;10;Saturday
3763;214;36;2026-07-21;Presente;Canva;7;José;Suárez;30991429;Los Telares;Canva;Capacitación;20;7;Tuesday
3764;389;4;2026-02-07;Presente;Word;2;Ana;López;49704931;Bandera;Word;Capacitación;46;2;Saturday
3765;355;19;2026-09-28;Presente;Impresión 3D;9;Luis;Rojas;47577462;Los Telares;Impresión 3D;Capacitación;45;9;Monday
3766;247;31;2026-02-23;Presente;Alfabetización Digital;2;José;Martínez;44910524;Pinto;Alfabetización Digital;Capacitación;45;2;Monday
3767;148;37;2026-04-14;Presente;Marketing Digital;4;Carlos;Fernández;36650910;Bandera;Marketing Digital;Capacitación;26;4;Tuesday
3768;422;3;2026-12-21;Presente;Excel;12;Micaela;Gómez;47438257;Bandera;Excel;Capacitación;40;12;Monday
3769;275;33;2026-12-22;Presente;Excel;12;Luis;Rojas;41792117;Pinto;Excel;Capacitación;24;12;Tuesday
3770;257;38;2026-06-15;Presente;Robótica;6;Sofía;Martínez;40738418;Añatuya;Robótica;Capacitación;39;6;Monday
3771;201;30;2026-10-12;Presente;Ciudadanía Digital;10;Micaela;Martínez;47985418;Villa Ojo de Agua;Ciudadanía Digital;Capacitación;33;10;Monday
3772;349;24;2026-09-04;Presente;Word;9;Pedro;López;34660024;Añatuya;Word;Capacitación;23;9;Friday
3773;118;25;2026-09-10;Presente;PowerPoint;9;Juan;Suárez;46692486;Pinto;PowerPoint;Capacitación;25;9;Thursday
3774;38;10;2026-11-12;Presente;Ciudadanía Digital;11;Lucía;Fernández;34774425;Añatuya;Ciudadanía Digital;Capacitación;31;11;Thursday
3775;487;6;2026-07-01;Presente;Canva;7;Luis;Rodríguez;40328063;Villa Ojo de Agua;Canva;Capacitación;43;7;Wednesday
3776;221;42;2026-10-25;Presente;Python;10;Sofía;Suárez;36376999;Sumampa;Python;Capacitación;29;10;Sunday
3777;37;22;2026-03-13;Presente;Python;3;José;Martínez;39708105;Villa Ojo de Agua;Python;Capacitación;36;3;Friday
3778;239;50;2026-04-20;Presente;Ciudadanía Digital;4;Ana;Fernández;38205338;Sumampa;Ciudadanía Digital;Capacitación;34;4;Monday
3779;4;43;2026-04-26;Presente;Excel;4;Sofía;Suárez;37031326;Sol de Julio;Excel;Capacitación;21;4;Sunday
3780;421;1;2026-12-10;Presente;Alfabetización Digital;12;Luis;Torres;33389266;Sumampa;Alfabetización Digital;Capacitación;27;12;Thursday
3781;112;45;2026-02-10;Presente;PowerPoint;2;Pedro;Fernández;40150282;Sumampa;PowerPoint;Capacitación;40;2;Tuesday
3782;157;19;2026-05-06;Presente;Impresión 3D;5;José;Gómez;37717966;Bandera;Impresión 3D;Capacitación;45;5;Wednesday
3783;15;49;2026-07-14;Presente;Impresión 3D;7;María;Torres;45981305;Añatuya;Impresión 3D;Capacitación;23;7;Tuesday
3784;76;10;2026-06-01;Presente;Ciudadanía Digital;6;Ana;Rojas;37056763;Pinto;Ciudadanía Digital;Capacitación;31;6;Monday
3785;320;2;2026-03-08;Presente;Python;3;Lucía;Fernández;42974179;Añatuya;Python;Capacitación;21;3;Sunday
3786;74;18;2026-08-20;Presente;Robótica;8;Lucía;Suárez;43728390;Sumampa;Robótica;Capacitación;36;8;Thursday
3787;443;3;2026-02-10;Presente;Excel;2;Lucía;Rojas;31886522;Añatuya;Excel;Capacitación;40;2;Tuesday
3788;301;19;2026-04-13;Presente;Impresión 3D;4;Pedro;Martínez;39980199;Pinto;Impresión 3D;Capacitación;45;4;Monday
3789;155;49;2026-12-01;Presente;Impresión 3D;12;Micaela;Torres;40172077;Pinto;Impresión 3D;Capacitación;23;12;Tuesday
3790;81;28;2026-12-09;Presente;Robótica;12;Ana;Rojas;41151090;Bandera;Robótica;Capacitación;21;12;Wednesday
3791;499;6;2026-04-20;Presente;Canva;4;Juan;Fernández;40503084;Bandera;Canva;Capacitación;43;4;Monday
3792;44;39;2026-06-13;Presente;Impresión 3D;6;Luis;López;30894205;Sol de Julio;Impresión 3D;Capacitación;25;6;Saturday
3793;433;4;2026-04-16;Presente;Word;4;Sofía;Martínez;39843560;Pinto;Word;Capacitación;46;4;Thursday
3794;128;37;2026-07-06;Presente;Marketing Digital;7;Lucía;Torres;36453798;Villa Ojo de Agua;Marketing Digital;Capacitación;26;7;Monday
3795;92;32;2026-01-10;Presente;Python;1;María;Díaz;47353267;Pinto;Python;Capacitación;26;1;Saturday
3796;270;22;2026-10-27;Presente;Python;10;Juan;Torres;40022026;Sol de Julio;Python;Capacitación;36;10;Tuesday
3797;35;42;2026-09-03;Presente;Python;9;Micaela;López;49948639;Villa Ojo de Agua;Python;Capacitación;29;9;Thursday
3798;416;34;2026-05-08;Presente;Word;5;María;Díaz;46685403;Bandera;Word;Capacitación;47;5;Friday
3799;374;11;2026-04-06;Presente;Alfabetización Digital;4;Lucía;Suárez;42782960;Pinto;Alfabetización Digital;Capacitación;44;4;Monday
3800;279;28;2026-05-24;Presente;Robótica;5;Luis;Martínez;47810748;Sumampa;Robótica;Capacitación;21;5;Sunday
3801;227;8;2026-03-06;Presente;Robótica;3;Micaela;López;44143280;Sumampa;Robótica;Capacitación;35;3;Friday
3802;91;24;2026-04-17;Presente;Word;4;Micaela;Díaz;31377676;Pinto;Word;Capacitación;23;4;Friday
3803;273;42;2026-09-18;Presente;Python;9;Luis;Torres;39076920;Bandera;Python;Capacitación;29;9;Friday
3804;451;12;2026-11-03;Presente;Python;11;Carlos;Rodríguez;40107712;Villa Ojo de Agua;Python;Capacitación;35;11;Tuesday
3805;42;44;2026-02-21;Presente;Word;2;Ana;Díaz;48356653;Villa Ojo de Agua;Word;Capacitación;47;2;Saturday
3806;219;24;2026-10-20;Presente;Word;10;María;Pérez;39897855;Sumampa;Word;Capacitación;23;10;Tuesday
3807;130;7;2026-01-13;Presente;Marketing Digital;1;Lucía;Díaz;48099532;Bandera;Marketing Digital;Capacitación;34;1;Tuesday
3808;140;46;2026-04-09;Presente;Canva;4;Juan;Martínez;38947659;Bandera;Canva;Capacitación;35;4;Thursday
3809;382;4;2026-04-05;Presente;Word;4;Sofía;Rojas;47331754;Sol de Julio;Word;Capacitación;46;4;Sunday
3810;360;41;2026-01-28;Presente;Alfabetización Digital;1;Micaela;Torres;47175104;Añatuya;Alfabetización Digital;Capacitación;40;1;Wednesday
3811;385;21;2026-12-12;Presente;Alfabetización Digital;12;Pedro;Pérez;35567171;Sol de Julio;Alfabetización Digital;Capacitación;23;12;Saturday
3812;443;27;2026-05-05;Presente;Marketing Digital;5;Lucía;Rojas;31886522;Añatuya;Marketing Digital;Capacitación;38;5;Tuesday
3813;199;33;2026-10-02;Presente;Excel;10;María;Gómez;35546411;Añatuya;Excel;Capacitación;24;10;Friday
3814;467;36;2026-07-11;Presente;Canva;7;Lucía;Martínez;36066051;Villa Ojo de Agua;Canva;Capacitación;20;7;Saturday
3815;264;24;2026-03-21;Presente;Word;3;José;Fernández;46473796;Añatuya;Word;Capacitación;23;3;Saturday
3816;388;7;2026-08-08;Presente;Marketing Digital;8;José;Gómez;48084909;Añatuya;Marketing Digital;Capacitación;34;8;Saturday
3817;295;18;2026-08-22;Presente;Robótica;8;Sofía;Torres;49429261;Los Telares;Robótica;Capacitación;36;8;Saturday
3818;400;33;2026-10-18;Presente;Excel;10;María;Torres;36468521;Sumampa;Excel;Capacitación;24;10;Sunday
3819;138;12;2026-07-06;Presente;Python;7;Sofía;López;34374680;Bandera;Python;Capacitación;35;7;Monday
3820;41;46;2026-05-23;Presente;Canva;5;María;Torres;36741949;Bandera;Canva;Capacitación;35;5;Saturday
3821;427;17;2026-04-18;Presente;Marketing Digital;4;Lucía;Rodríguez;35304029;Bandera;Marketing Digital;Capacitación;24;4;Saturday
3822;83;39;2026-09-13;Presente;Impresión 3D;9;María;Suárez;45645293;Bandera;Impresión 3D;Capacitación;25;9;Sunday
3823;160;6;2026-01-15;Presente;Canva;1;Lucía;Gómez;49007647;Sol de Julio;Canva;Capacitación;43;1;Thursday
3824;371;18;2026-02-09;Presente;Robótica;2;José;Rodríguez;38671319;Villa Ojo de Agua;Robótica;Capacitación;36;2;Monday
3825;487;38;2026-01-04;Presente;Robótica;1;Luis;Rodríguez;40328063;Villa Ojo de Agua;Robótica;Capacitación;39;1;Sunday
3826;120;40;2026-06-24;Presente;Ciudadanía Digital;6;Lucía;Gómez;45143697;Villa Ojo de Agua;Ciudadanía Digital;Capacitación;38;6;Wednesday
3827;96;38;2026-06-18;Presente;Robótica;6;José;López;45666620;Villa Ojo de Agua;Robótica;Capacitación;39;6;Thursday
3828;171;33;2026-01-16;Presente;Excel;1;José;Díaz;32323268;Pinto;Excel;Capacitación;24;1;Friday
3829;343;45;2026-11-24;Presente;PowerPoint;11;Sofía;Gómez;36022824;Villa Ojo de Agua;PowerPoint;Capacitación;40;11;Tuesday
3830;499;27;2026-03-16;Presente;Marketing Digital;3;Juan;Fernández;40503084;Bandera;Marketing Digital;Capacitación;38;3;Monday
3831;26;4;2026-05-21;Presente;Word;5;María;Martínez;31156450;Sumampa;Word;Capacitación;46;5;Thursday
3832;112;2;2026-09-02;Presente;Python;9;Pedro;Fernández;40150282;Sumampa;Python;Capacitación;21;9;Wednesday
3833;430;40;2026-01-02;Presente;Ciudadanía Digital;1;Lucía;Suárez;49080690;Sumampa;Ciudadanía Digital;Capacitación;38;1;Friday
3834;42;26;2026-07-12;Presente;Canva;7;Ana;Díaz;48356653;Villa Ojo de Agua;Canva;Capacitación;35;7;Sunday
3835;446;33;2026-10-06;Presente;Excel;10;Luis;Gómez;49630143;Sol de Julio;Excel;Capacitación;24;10;Tuesday
3836;79;2;2026-03-03;Presente;Python;3;Ana;Suárez;35571205;Villa Ojo de Agua;Python;Capacitación;21;3;Tuesday
3837;216;50;2026-11-07;Presente;Ciudadanía Digital;11;Micaela;López;47206953;Pinto;Ciudadanía Digital;Capacitación;34;11;Saturday
3838;63;25;2026-12-10;Presente;PowerPoint;12;Carlos;Gómez;45174934;Villa Ojo de Agua;PowerPoint;Capacitación;25;12;Thursday
3839;240;13;2026-07-05;Presente;Excel;7;Sofía;Rodríguez;39792286;Pinto;Excel;Capacitación;25;7;Sunday
3840;253;40;2026-09-25;Presente;Ciudadanía Digital;9;Sofía;Martínez;33035713;Villa Ojo de Agua;Ciudadanía Digital;Capacitación;38;9;Friday
3841;287;20;2026-09-25;Presente;Ciudadanía Digital;9;Pedro;Pérez;39576398;Pinto;Ciudadanía Digital;Capacitación;31;9;Friday
3842;23;6;2026-11-11;Presente;Canva;11;Carlos;Díaz;38885424;Añatuya;Canva;Capacitación;43;11;Wednesday
3843;95;40;2026-12-10;Presente;Ciudadanía Digital;12;Micaela;Rodríguez;40630952;Los Telares;Ciudadanía Digital;Capacitación;38;12;Thursday
3844;72;45;2026-12-09;Presente;PowerPoint;12;Luis;Suárez;47099248;Sumampa;PowerPoint;Capacitación;40;12;Wednesday
3845;371;16;2026-08-20;Presente;Canva;8;José;Rodríguez;38671319;Villa Ojo de Agua;Canva;Capacitación;35;8;Thursday
3846;388;14;2026-10-17;Presente;Word;10;José;Gómez;48084909;Añatuya;Word;Capacitación;27;10;Saturday
3847;18;33;2026-07-24;Presente;Excel;7;Ana;Rodríguez;42801168;Añatuya;Excel;Capacitación;24;7;Friday
3848;91;18;2026-06-27;Presente;Robótica;6;Micaela;Díaz;31377676;Pinto;Robótica;Capacitación;36;6;Saturday
3849;261;37;2026-10-17;Presente;Marketing Digital;10;Luis;Torres;44203096;Sol de Julio;Marketing Digital;Capacitación;26;10;Saturday
3850;110;13;2026-04-10;Presente;Excel;4;Micaela;Gómez;46646841;Sumampa;Excel;Capacitación;25;4;Friday
3851;451;12;2026-07-13;Presente;Python;7;Carlos;Rodríguez;40107712;Villa Ojo de Agua;Python;Capacitación;35;7;Monday
3852;128;6;2026-04-13;Presente;Canva;4;Lucía;Torres;36453798;Villa Ojo de Agua;Canva;Capacitación;43;4;Monday
3853;89;32;2026-08-03;Presente;Python;8;Lucía;Suárez;36241397;Sol de Julio;Python;Capacitación;26;8;Monday
3854;477;44;2026-08-27;Presente;Word;8;Luis;Díaz;30941986;Villa Ojo de Agua;Word;Capacitación;47;8;Thursday
3855;265;38;2026-05-24;Presente;Robótica;5;Carlos;Díaz;30010232;Añatuya;Robótica;Capacitación;39;5;Sunday
3856;318;1;2026-10-11;Presente;Alfabetización Digital;10;Sofía;Rodríguez;38110079;Villa Ojo de Agua;Alfabetización Digital;Capacitación;27;10;Sunday
3857;9;26;2026-03-21;Presente;Canva;3;María;Gómez;30864639;Pinto;Canva;Capacitación;35;3;Saturday
3858;245;26;2026-08-12;Presente;Canva;8;Juan;Torres;39038369;Villa Ojo de Agua;Canva;Capacitación;35;8;Wednesday
3859;154;28;2026-08-24;Presente;Robótica;8;Juan;Rojas;47875722;Sumampa;Robótica;Capacitación;21;8;Monday
3860;281;44;2026-06-14;Presente;Word;6;Lucía;Pérez;37061347;Los Telares;Word;Capacitación;47;6;Sunday
3861;256;7;2026-03-24;Presente;Marketing Digital;3;Micaela;Suárez;36792821;Sumampa;Marketing Digital;Capacitación;34;3;Tuesday
3862;494;48;2026-06-15;Presente;Robótica;6;Juan;Díaz;31509226;Los Telares;Robótica;Capacitación;24;6;Monday
3863;275;24;2026-08-26;Presente;Word;8;Luis;Rojas;41792117;Pinto;Word;Capacitación;23;8;Wednesday
3864;387;32;2026-06-07;Presente;Python;6;Pedro;Gómez;35461685;Sol de Julio;Python;Capacitación;26;6;Sunday
3865;419;30;2026-01-28;Presente;Ciudadanía Digital;1;Luis;López;37308945;Bandera;Ciudadanía Digital;Capacitación;33;1;Wednesday
3866;316;43;2026-07-14;Presente;Excel;7;María;Martínez;49013958;Los Telares;Excel;Capacitación;21;7;Tuesday
3867;379;31;2026-12-06;Presente;Alfabetización Digital;12;José;Rojas;42064078;Sol de Julio;Alfabetización Digital;Capacitación;45;12;Sunday
3868;197;37;2026-03-17;Presente;Marketing Digital;3;José;López;46545920;Bandera;Marketing Digital;Capacitación;26;3;Tuesday
3869;384;5;2026-09-18;Presente;PowerPoint;9;María;Pérez;34122685;Sumampa;PowerPoint;Capacitación;34;9;Friday
3870;341;31;2026-03-13;Presente;Alfabetización Digital;3;Carlos;Martínez;39733658;Añatuya;Alfabetización Digital;Capacitación;45;3;Friday
3871;122;6;2026-02-20;Presente;Canva;2;José;Suárez;45134153;Bandera;Canva;Capacitación;43;2;Friday
3872;490;25;2026-01-07;Presente;PowerPoint;1;Luis;Fernández;34322199;Villa Ojo de Agua;PowerPoint;Capacitación;25;1;Wednesday
3873;131;28;2026-04-15;Presente;Robótica;4;Juan;Martínez;37723527;Bandera;Robótica;Capacitación;21;4;Wednesday
3874;65;46;2026-09-12;Presente;Canva;9;Juan;López;49619964;Pinto;Canva;Capacitación;35;9;Saturday
3875;397;17;2026-01-05;Presente;Marketing Digital;1;María;Martínez;31611346;Pinto;Marketing Digital;Capacitación;24;1;Monday
3876;255;33;2026-08-22;Presente;Excel;8;Pedro;Suárez;40367063;Añatuya;Excel;Capacitación;24;8;Saturday
3877;208;22;2026-06-01;Presente;Python;6;Lucía;Rojas;32856465;Sumampa;Python;Capacitación;36;6;Monday
3878;132;18;2026-11-09;Presente;Robótica;11;María;Fernández;32103884;Los Telares;Robótica;Capacitación;36;11;Monday
3879;442;1;2026-12-16;Presente;Alfabetización Digital;12;Ana;Rojas;44769108;Sumampa;Alfabetización Digital;Capacitación;27;12;Wednesday
3880;259;47;2026-04-28;Presente;Marketing Digital;4;Lucía;Suárez;49939072;Añatuya;Marketing Digital;Capacitación;33;4;Tuesday
3881;390;7;2026-09-08;Presente;Marketing Digital;9;Luis;Díaz;40944493;Los Telares;Marketing Digital;Capacitación;34;9;Tuesday
3882;340;18;2026-08-02;Presente;Robótica;8;Lucía;Díaz;41417859;Añatuya;Robótica;Capacitación;36;8;Sunday
3883;395;22;2026-07-02;Presente;Python;7;Micaela;Rodríguez;49586214;Sol de Julio;Python;Capacitación;36;7;Thursday
3884;433;18;2026-12-01;Presente;Robótica;12;Sofía;Martínez;39843560;Pinto;Robótica;Capacitación;36;12;Tuesday
3885;238;29;2026-02-15;Presente;Impresión 3D;2;José;Fernández;35580036;Bandera;Impresión 3D;Capacitación;39;2;Sunday
3886;45;18;2026-02-03;Presente;Robótica;2;Juan;López;36628227;Sol de Julio;Robótica;Capacitación;36;2;Tuesday
3887;235;31;2026-05-10;Presente;Alfabetización Digital;5;Carlos;Rojas;44594486;Pinto;Alfabetización Digital;Capacitación;45;5;Sunday
3888;83;21;2026-08-16;Presente;Alfabetización Digital;8;María;Suárez;45645293;Bandera;Alfabetización Digital;Capacitación;23;8;Sunday
3889;248;36;2026-08-01;Presente;Canva;8;Carlos;Torres;42912530;Los Telares;Canva;Capacitación;20;8;Saturday
3890;287;2;2026-07-09;Presente;Python;7;Pedro;Pérez;39576398;Pinto;Python;Capacitación;21;7;Thursday
3891;414;18;2026-03-20;Presente;Robótica;3;Juan;Rojas;39781917;Villa Ojo de Agua;Robótica;Capacitación;36;3;Friday
3892;433;27;2026-02-28;Presente;Marketing Digital;2;Sofía;Martínez;39843560;Pinto;Marketing Digital;Capacitación;38;2;Saturday
3893;111;16;2026-02-24;Presente;Canva;2;José;López;35903632;Sol de Julio;Canva;Capacitación;35;2;Tuesday
3894;445;44;2026-05-03;Presente;Word;5;Lucía;López;37276131;Sol de Julio;Word;Capacitación;47;5;Sunday
3895;468;43;2026-05-24;Presente;Excel;5;Juan;Torres;47979558;Pinto;Excel;Capacitación;21;5;Sunday
3896;302;4;2026-12-04;Presente;Word;12;Ana;Pérez;40043342;Villa Ojo de Agua;Word;Capacitación;46;12;Friday
3897;475;16;2026-12-15;Presente;Canva;12;José;Rojas;45856757;Sol de Julio;Canva;Capacitación;35;12;Tuesday
3898;264;8;2026-08-25;Presente;Robótica;8;José;Fernández;46473796;Añatuya;Robótica;Capacitación;35;8;Tuesday
3899;421;16;2026-10-25;Presente;Canva;10;Luis;Torres;33389266;Sumampa;Canva;Capacitación;35;10;Sunday
3900;262;35;2026-09-11;Presente;PowerPoint;9;Luis;Rodríguez;49552205;Villa Ojo de Agua;PowerPoint;Capacitación;35;9;Friday
3901;262;42;2026-12-01;Presente;Python;12;Luis;Rodríguez;49552205;Villa Ojo de Agua;Python;Capacitación;29;12;Tuesday
3902;359;6;2026-02-16;Presente;Canva;2;Sofía;Rojas;32790056;Sol de Julio;Canva;Capacitación;43;2;Monday
3903;367;24;2026-11-10;Presente;Word;11;María;Díaz;48185595;Pinto;Word;Capacitación;23;11;Tuesday
3904;78;12;2026-01-26;Presente;Python;1;Carlos;Rodríguez;46539592;Los Telares;Python;Capacitación;35;1;Monday
3905;93;25;2026-02-10;Presente;PowerPoint;2;Lucía;Pérez;42185537;Villa Ojo de Agua;PowerPoint;Capacitación;25;2;Tuesday
3906;384;35;2026-02-02;Presente;PowerPoint;2;María;Pérez;34122685;Sumampa;PowerPoint;Capacitación;35;2;Monday
3907;280;11;2026-06-10;Presente;Alfabetización Digital;6;José;Rodríguez;47315975;Añatuya;Alfabetización Digital;Capacitación;44;6;Wednesday
3908;223;7;2026-09-03;Presente;Marketing Digital;9;Pedro;López;32163127;Los Telares;Marketing Digital;Capacitación;34;9;Thursday
3909;418;43;2026-01-24;Presente;Excel;1;Pedro;Gómez;30873779;Añatuya;Excel;Capacitación;21;1;Saturday
3910;105;20;2026-08-19;Presente;Ciudadanía Digital;8;Pedro;Suárez;46677715;Añatuya;Ciudadanía Digital;Capacitación;31;8;Wednesday
3911;347;37;2026-09-28;Presente;Marketing Digital;9;Carlos;Gómez;34977791;Pinto;Marketing Digital;Capacitación;26;9;Monday
3912;41;42;2026-11-11;Presente;Python;11;María;Torres;36741949;Bandera;Python;Capacitación;29;11;Wednesday
3913;270;17;2026-12-03;Presente;Marketing Digital;12;Juan;Torres;40022026;Sol de Julio;Marketing Digital;Capacitación;24;12;Thursday
3914;248;27;2026-06-17;Presente;Marketing Digital;6;Carlos;Torres;42912530;Los Telares;Marketing Digital;Capacitación;38;6;Wednesday
3915;270;40;2026-07-09;Presente;Ciudadanía Digital;7;Juan;Torres;40022026;Sol de Julio;Ciudadanía Digital;Capacitación;38;7;Thursday
3916;90;47;2026-03-18;Presente;Marketing Digital;3;Pedro;Gómez;49817965;Añatuya;Marketing Digital;Capacitación;33;3;Wednesday
3917;153;33;2026-11-14;Presente;Excel;11;Sofía;Rodríguez;43150241;Sol de Julio;Excel;Capacitación;24;11;Saturday
3918;341;33;2026-05-28;Presente;Excel;5;Carlos;Martínez;39733658;Añatuya;Excel;Capacitación;24;5;Thursday
3919;386;23;2026-11-28;Presente;Excel;11;Sofía;Rojas;43374533;Sumampa;Excel;Capacitación;38;11;Saturday
3920;343;4;2026-03-22;Presente;Word;3;Sofía;Gómez;36022824;Villa Ojo de Agua;Word;Capacitación;46;3;Sunday
3921;433;8;2026-02-13;Presente;Robótica;2;Sofía;Martínez;39843560;Pinto;Robótica;Capacitación;35;2;Friday
3922;51;10;2026-03-23;Presente;Ciudadanía Digital;3;José;Gómez;43837643;Los Telares;Ciudadanía Digital;Capacitación;31;3;Monday
3923;93;21;2026-11-01;Presente;Alfabetización Digital;11;Lucía;Pérez;42185537;Villa Ojo de Agua;Alfabetización Digital;Capacitación;23;11;Sunday
3924;10;1;2026-09-08;Presente;Alfabetización Digital;9;Carlos;Rodríguez;35055177;Villa Ojo de Agua;Alfabetización Digital;Capacitación;27;9;Tuesday
3925;262;8;2026-04-02;Presente;Robótica;4;Luis;Rodríguez;49552205;Villa Ojo de Agua;Robótica;Capacitación;35;4;Thursday
3926;373;20;2026-04-20;Presente;Ciudadanía Digital;4;Juan;Gómez;43105288;Sumampa;Ciudadanía Digital;Capacitación;31;4;Monday
3927;27;10;2026-09-26;Presente;Ciudadanía Digital;9;Pedro;Martínez;37902858;Añatuya;Ciudadanía Digital;Capacitación;31;9;Saturday
3928;171;24;2026-06-08;Presente;Word;6;José;Díaz;32323268;Pinto;Word;Capacitación;23;6;Monday
3929;275;42;2026-03-26;Presente;Python;3;Luis;Rojas;41792117;Pinto;Python;Capacitación;29;3;Thursday
3930;477;8;2026-06-15;Presente;Robótica;6;Luis;Díaz;30941986;Villa Ojo de Agua;Robótica;Capacitación;35;6;Monday
3931;447;49;2026-02-18;Presente;Impresión 3D;2;Ana;Fernández;38101523;Pinto;Impresión 3D;Capacitación;23;2;Wednesday
3932;39;40;2026-07-28;Presente;Ciudadanía Digital;7;Pedro;Rojas;43199697;Pinto;Ciudadanía Digital;Capacitación;38;7;Tuesday
3933;435;15;2026-10-04;Presente;PowerPoint;10;Pedro;Rodríguez;30708720;Sol de Julio;PowerPoint;Capacitación;38;10;Sunday
3934;378;33;2026-10-11;Presente;Excel;10;Luis;Gómez;33893139;Villa Ojo de Agua;Excel;Capacitación;24;10;Sunday
3935;9;48;2026-10-18;Presente;Robótica;10;María;Gómez;30864639;Pinto;Robótica;Capacitación;24;10;Sunday
3936;224;26;2026-02-17;Presente;Canva;2;Lucía;Fernández;47763218;Añatuya;Canva;Capacitación;35;2;Tuesday
3937;43;38;2026-05-01;Presente;Robótica;5;Pedro;Torres;44880227;Bandera;Robótica;Capacitación;39;5;Friday
3938;131;11;2026-06-24;Presente;Alfabetización Digital;6;Juan;Martínez;37723527;Bandera;Alfabetización Digital;Capacitación;44;6;Wednesday
3939;282;37;2026-02-21;Presente;Marketing Digital;2;Micaela;Fernández;49933289;Los Telares;Marketing Digital;Capacitación;26;2;Saturday
3940;397;44;2026-02-23;Presente;Word;2;María;Martínez;31611346;Pinto;Word;Capacitación;47;2;Monday
3941;258;27;2026-02-28;Presente;Marketing Digital;2;Luis;Martínez;43017061;Sumampa;Marketing Digital;Capacitación;38;2;Saturday
3942;451;43;2026-01-09;Presente;Excel;1;Carlos;Rodríguez;40107712;Villa Ojo de Agua;Excel;Capacitación;21;1;Friday
3943;405;24;2026-06-04;Presente;Word;6;José;Rodríguez;33387612;Bandera;Word;Capacitación;23;6;Thursday
3944;61;29;2026-04-19;Presente;Impresión 3D;4;Lucía;Torres;49381921;Los Telares;Impresión 3D;Capacitación;39;4;Sunday
3945;127;26;2026-11-11;Presente;Canva;11;Ana;Gómez;47850551;Bandera;Canva;Capacitación;35;11;Wednesday
3946;2;12;2026-04-15;Presente;Python;4;Ana;Torres;39537814;Pinto;Python;Capacitación;35;4;Wednesday
3947;401;16;2026-06-04;Presente;Canva;6;José;Martínez;41667360;Villa Ojo de Agua;Canva;Capacitación;35;6;Thursday
3948;163;28;2026-03-16;Presente;Robótica;3;María;Martínez;46323459;Sumampa;Robótica;Capacitación;21;3;Monday
3949;478;48;2026-10-06;Presente;Robótica;10;María;Suárez;47882212;Sol de Julio;Robótica;Capacitación;24;10;Tuesday
3950;50;36;2026-08-04;Presente;Canva;8;José;Suárez;43768738;Pinto;Canva;Capacitación;20;8;Tuesday
3951;392;18;2026-04-05;Presente;Robótica;4;José;López;47560747;Añatuya;Robótica;Capacitación;36;4;Sunday
3952;184;35;2026-08-05;Presente;PowerPoint;8;Luis;Martínez;48364429;Sol de Julio;PowerPoint;Capacitación;35;8;Wednesday
3953;463;1;2026-09-12;Presente;Alfabetización Digital;9;Sofía;Suárez;48624116;Sumampa;Alfabetización Digital;Capacitación;27;9;Saturday
3954;129;7;2026-12-28;Presente;Marketing Digital;12;Ana;Díaz;42838150;Bandera;Marketing Digital;Capacitación;34;12;Monday
3955;124;27;2026-05-19;Presente;Marketing Digital;5;María;Fernández;48663357;Sumampa;Marketing Digital;Capacitación;38;5;Tuesday
3956;260;4;2026-06-23;Presente;Word;6;Pedro;Fernández;47075409;Sumampa;Word;Capacitación;46;6;Tuesday
3957;120;41;2026-07-09;Presente;Alfabetización Digital;7;Lucía;Gómez;45143697;Villa Ojo de Agua;Alfabetización Digital;Capacitación;40;7;Thursday
3958;82;11;2026-09-03;Presente;Alfabetización Digital;9;Sofía;Martínez;39989675;Villa Ojo de Agua;Alfabetización Digital;Capacitación;44;9;Thursday
3959;257;41;2026-10-25;Presente;Alfabetización Digital;10;Sofía;Martínez;40738418;Añatuya;Alfabetización Digital;Capacitación;40;10;Sunday
3960;24;20;2026-02-15;Presente;Ciudadanía Digital;2;Pedro;Suárez;47273973;Bandera;Ciudadanía Digital;Capacitación;31;2;Sunday
3961;79;42;2026-09-28;Presente;Python;9;Ana;Suárez;35571205;Villa Ojo de Agua;Python;Capacitación;29;9;Monday
3962;201;30;2026-10-27;Presente;Ciudadanía Digital;10;Micaela;Martínez;47985418;Villa Ojo de Agua;Ciudadanía Digital;Capacitación;33;10;Tuesday
3963;263;21;2026-02-07;Presente;Alfabetización Digital;2;Carlos;Fernández;47794091;Villa Ojo de Agua;Alfabetización Digital;Capacitación;23;2;Saturday
3964;443;3;2026-06-12;Presente;Excel;6;Lucía;Rojas;31886522;Añatuya;Excel;Capacitación;40;6;Friday
3965;257;48;2026-11-17;Presente;Robótica;11;Sofía;Martínez;40738418;Añatuya;Robótica;Capacitación;24;11;Tuesday
3966;41;14;2026-07-08;Presente;Word;7;María;Torres;36741949;Bandera;Word;Capacitación;27;7;Wednesday
3967;13;22;2026-01-15;Presente;Python;1;María;Pérez;39085013;Bandera;Python;Capacitación;36;1;Thursday
3968;268;34;2026-07-07;Presente;Word;7;Carlos;López;41336292;Bandera;Word;Capacitación;47;7;Tuesday
3969;463;16;2026-03-23;Presente;Canva;3;Sofía;Suárez;48624116;Sumampa;Canva;Capacitación;35;3;Monday
3970;49;24;2026-03-04;Presente;Word;3;Pedro;Suárez;31247480;Villa Ojo de Agua;Word;Capacitación;23;3;Wednesday
3971;283;13;2026-08-02;Presente;Excel;8;Carlos;Martínez;30268583;Pinto;Excel;Capacitación;25;8;Sunday
3972;330;50;2026-08-18;Presente;Ciudadanía Digital;8;Sofía;Fernández;49387781;Sumampa;Ciudadanía Digital;Capacitación;34;8;Tuesday
3973;30;4;2026-12-01;Presente;Word;12;Sofía;Pérez;31314489;Villa Ojo de Agua;Word;Capacitación;46;12;Tuesday
3974;226;44;2026-03-10;Presente;Word;3;Lucía;Suárez;36123672;Sumampa;Word;Capacitación;47;3;Tuesday
3975;60;7;2026-05-25;Presente;Marketing Digital;5;Pedro;Suárez;33349882;Sumampa;Marketing Digital;Capacitación;34;5;Monday
3976;59;4;2026-01-06;Presente;Word;1;Juan;Torres;39922739;Bandera;Word;Capacitación;46;1;Tuesday
3977;74;6;2026-10-15;Presente;Canva;10;Lucía;Suárez;43728390;Sumampa;Canva;Capacitación;43;10;Thursday
3978;296;15;2026-12-19;Presente;PowerPoint;12;Micaela;Torres;49602855;Sumampa;PowerPoint;Capacitación;38;12;Saturday
3979;12;26;2026-01-17;Presente;Canva;1;José;Pérez;41405296;Sumampa;Canva;Capacitación;35;1;Saturday
3980;378;10;2026-02-28;Presente;Ciudadanía Digital;2;Luis;Gómez;33893139;Villa Ojo de Agua;Ciudadanía Digital;Capacitación;31;2;Saturday
3981;18;50;2026-12-20;Presente;Ciudadanía Digital;12;Ana;Rodríguez;42801168;Añatuya;Ciudadanía Digital;Capacitación;34;12;Sunday
3982;374;32;2026-08-02;Presente;Python;8;Lucía;Suárez;42782960;Pinto;Python;Capacitación;26;8;Sunday
3983;162;25;2026-10-27;Presente;PowerPoint;10;Sofía;López;31438798;Pinto;PowerPoint;Capacitación;25;10;Tuesday
3984;45;49;2026-10-16;Presente;Impresión 3D;10;Juan;López;36628227;Sol de Julio;Impresión 3D;Capacitación;23;10;Friday
3985;80;34;2026-09-13;Presente;Word;9;Sofía;Rojas;44764418;Sol de Julio;Word;Capacitación;47;9;Sunday
3986;157;19;2026-09-10;Presente;Impresión 3D;9;José;Gómez;37717966;Bandera;Impresión 3D;Capacitación;45;9;Thursday
3987;126;46;2026-09-20;Presente;Canva;9;José;Gómez;34538769;Bandera;Canva;Capacitación;35;9;Sunday
3988;93;50;2026-11-04;Presente;Ciudadanía Digital;11;Lucía;Pérez;42185537;Villa Ojo de Agua;Ciudadanía Digital;Capacitación;34;11;Wednesday
3989;341;17;2026-09-18;Presente;Marketing Digital;9;Carlos;Martínez;39733658;Añatuya;Marketing Digital;Capacitación;24;9;Friday
3990;233;29;2026-09-26;Presente;Impresión 3D;9;María;Fernández;37320068;Añatuya;Impresión 3D;Capacitación;39;9;Saturday
3991;300;45;2026-10-21;Presente;PowerPoint;10;Micaela;Fernández;39906094;Sol de Julio;PowerPoint;Capacitación;40;10;Wednesday
3992;131;41;2026-06-08;Presente;Alfabetización Digital;6;Juan;Martínez;37723527;Bandera;Alfabetización Digital;Capacitación;40;6;Monday
3993;380;13;2026-08-01;Presente;Excel;8;María;López;49506471;Los Telares;Excel;Capacitación;25;8;Saturday
3994;199;12;2026-11-25;Presente;Python;11;María;Gómez;35546411;Añatuya;Python;Capacitación;35;11;Wednesday
3995;169;40;2026-03-24;Presente;Ciudadanía Digital;3;Sofía;Torres;41310276;Bandera;Ciudadanía Digital;Capacitación;38;3;Tuesday
3996;126;13;2026-07-12;Presente;Excel;7;José;Gómez;34538769;Bandera;Excel;Capacitación;25;7;Sunday
3997;401;33;2026-04-23;Presente;Excel;4;José;Martínez;41667360;Villa Ojo de Agua;Excel;Capacitación;24;4;Thursday
3998;81;22;2026-06-17;Presente;Python;6;Ana;Rojas;41151090;Bandera;Python;Capacitación;36;6;Wednesday
3999;4;15;2026-12-16;Presente;PowerPoint;12;Sofía;Suárez;37031326;Sol de Julio;PowerPoint;Capacitación;38;12;Wednesday
4000;167;16;2026-02-15;Presente;Canva;2;Carlos;López;43851567;Añatuya;Canva;Capacitación;35;2;Sunday
4001;369;6;2026-06-01;Presente;Canva;6;José;Torres;43632221;Bandera;Canva;Capacitación;43;6;Monday
4002;232;23;2026-11-04;Presente;Excel;11;Pedro;Gómez;31549216;Pinto;Excel;Capacitación;38;11;Wednesday
4003;166;33;2026-09-07;Presente;Excel;9;Luis;Rodríguez;42105075;Villa Ojo de Agua;Excel;Capacitación;24;9;Monday
4004;276;31;2026-12-28;Presente;Alfabetización Digital;12;María;López;34038029;Sumampa;Alfabetización Digital;Capacitación;45;12;Monday
4005;217;22;2026-05-03;Presente;Python;5;Pedro;Rodríguez;37113577;Añatuya;Python;Capacitación;36;5;Sunday
4006;301;48;2026-07-07;Presente;Robótica;7;Pedro;Martínez;39980199;Pinto;Robótica;Capacitación;24;7;Tuesday
4007;338;19;2026-03-16;Presente;Impresión 3D;3;María;Martínez;32736893;Sol de Julio;Impresión 3D;Capacitación;45;3;Monday
4008;57;27;2026-09-01;Presente;Marketing Digital;9;María;Rodríguez;45641881;Villa Ojo de Agua;Marketing Digital;Capacitación;38;9;Tuesday
4009;221;45;2026-03-09;Presente;PowerPoint;3;Sofía;Suárez;36376999;Sumampa;PowerPoint;Capacitación;40;3;Monday
4010;298;42;2026-05-18;Presente;Python;5;Sofía;Rojas;30231951;Villa Ojo de Agua;Python;Capacitación;29;5;Monday
4011;134;15;2026-01-02;Presente;PowerPoint;1;Juan;Martínez;47882337;Añatuya;PowerPoint;Capacitación;38;1;Friday
4012;284;21;2026-08-25;Presente;Alfabetización Digital;8;Juan;Suárez;38736630;Los Telares;Alfabetización Digital;Capacitación;23;8;Tuesday
4013;94;41;2026-09-18;Presente;Alfabetización Digital;9;Luis;Torres;33998465;Pinto;Alfabetización Digital;Capacitación;40;9;Friday
4014;317;15;2026-01-15;Presente;PowerPoint;1;Sofía;Pérez;45717595;Sumampa;PowerPoint;Capacitación;38;1;Thursday
4015;50;22;2026-11-06;Presente;Python;11;José;Suárez;43768738;Pinto;Python;Capacitación;36;11;Friday
4016;328;12;2026-01-22;Presente;Python;1;Carlos;Gómez;36118998;Villa Ojo de Agua;Python;Capacitación;35;1;Thursday
4017;20;34;2026-06-02;Presente;Word;6;Pedro;Suárez;33893888;Sumampa;Word;Capacitación;47;6;Tuesday
4018;164;9;2026-07-03;Presente;Impresión 3D;7;Micaela;Díaz;40799652;Pinto;Impresión 3D;Capacitación;38;7;Friday
4019;446;24;2026-12-16;Presente;Word;12;Luis;Gómez;49630143;Sol de Julio;Word;Capacitación;23;12;Wednesday
4020;164;7;2026-02-07;Presente;Marketing Digital;2;Micaela;Díaz;40799652;Pinto;Marketing Digital;Capacitación;34;2;Saturday
4021;114;45;2026-06-25;Presente;PowerPoint;6;Sofía;Pérez;31024301;Pinto;PowerPoint;Capacitación;40;6;Thursday
4022;436;3;2026-01-08;Presente;Excel;1;María;Gómez;35347310;Sol de Julio;Excel;Capacitación;40;1;Thursday
4023;145;39;2026-05-05;Presente;Impresión 3D;5;Ana;Torres;46212453;Bandera;Impresión 3D;Capacitación;25;5;Tuesday
4024;71;11;2026-04-09;Presente;Alfabetización Digital;4;María;Gómez;36010764;Sumampa;Alfabetización Digital;Capacitación;44;4;Thursday
4025;281;26;2026-08-04;Presente;Canva;8;Lucía;Pérez;37061347;Los Telares;Canva;Capacitación;35;8;Tuesday
4026;246;20;2026-11-27;Presente;Ciudadanía Digital;11;Pedro;López;44016887;Sumampa;Ciudadanía Digital;Capacitación;31;11;Friday
4027;166;11;2026-09-01;Presente;Alfabetización Digital;9;Luis;Rodríguez;42105075;Villa Ojo de Agua;Alfabetización Digital;Capacitación;44;9;Tuesday
4028;448;7;2026-06-11;Presente;Marketing Digital;6;Carlos;Martínez;49200319;Los Telares;Marketing Digital;Capacitación;34;6;Thursday
4029;301;16;2026-05-08;Presente;Canva;5;Pedro;Martínez;39980199;Pinto;Canva;Capacitación;35;5;Friday
4030;243;48;2026-07-05;Presente;Robótica;7;Micaela;Torres;36255630;Sumampa;Robótica;Capacitación;24;7;Sunday
4031;459;37;2026-07-09;Presente;Marketing Digital;7;Sofía;Gómez;33077473;Bandera;Marketing Digital;Capacitación;26;7;Thursday
4032;222;21;2026-10-27;Presente;Alfabetización Digital;10;María;Torres;49242631;Sol de Julio;Alfabetización Digital;Capacitación;23;10;Tuesday
4033;330;14;2026-06-14;Presente;Word;6;Sofía;Fernández;49387781;Sumampa;Word;Capacitación;27;6;Sunday
4034;271;13;2026-01-21;Presente;Excel;1;Lucía;Martínez;39965294;Sumampa;Excel;Capacitación;25;1;Wednesday
4035;272;24;2026-04-20;Presente;Word;4;Pedro;Rojas;43419469;Los Telares;Word;Capacitación;23;4;Monday
4036;384;34;2026-08-14;Presente;Word;8;María;Pérez;34122685;Sumampa;Word;Capacitación;47;8;Friday
4037;477;45;2026-06-22;Presente;PowerPoint;6;Luis;Díaz;30941986;Villa Ojo de Agua;PowerPoint;Capacitación;40;6;Monday
4038;254;22;2026-08-15;Presente;Python;8;María;Rodríguez;40625922;Sol de Julio;Python;Capacitación;36;8;Saturday
4039;57;48;2026-02-12;Presente;Robótica;2;María;Rodríguez;45641881;Villa Ojo de Agua;Robótica;Capacitación;24;2;Thursday
4040;145;6;2026-02-06;Presente;Canva;2;Ana;Torres;46212453;Bandera;Canva;Capacitación;43;2;Friday
4041;137;7;2026-09-10;Presente;Marketing Digital;9;Sofía;López;38637807;Villa Ojo de Agua;Marketing Digital;Capacitación;34;9;Thursday
4042;202;45;2026-09-16;Presente;PowerPoint;9;Micaela;Martínez;43918660;Sol de Julio;PowerPoint;Capacitación;40;9;Wednesday
4043;123;26;2026-06-06;Presente;Canva;6;Ana;Gómez;46780935;Añatuya;Canva;Capacitación;35;6;Saturday
4044;332;44;2026-06-14;Presente;Word;6;Pedro;López;32753926;Añatuya;Word;Capacitación;47;6;Sunday
4045;77;20;2026-05-16;Presente;Ciudadanía Digital;5;José;Martínez;41096760;Sumampa;Ciudadanía Digital;Capacitación;31;5;Saturday
4046;491;22;2026-06-11;Presente;Python;6;Ana;Díaz;38656494;Sol de Julio;Python;Capacitación;36;6;Thursday
4047;260;14;2026-08-14;Presente;Word;8;Pedro;Fernández;47075409;Sumampa;Word;Capacitación;27;8;Friday
4048;210;39;2026-09-03;Presente;Impresión 3D;9;Pedro;Rojas;45951640;Bandera;Impresión 3D;Capacitación;25;9;Thursday
4049;68;33;2026-06-24;Presente;Excel;6;Ana;Suárez;38323344;Sol de Julio;Excel;Capacitación;24;6;Wednesday
4050;297;24;2026-09-12;Presente;Word;9;Juan;Pérez;40572288;Pinto;Word;Capacitación;23;9;Saturday
4051;233;19;2026-03-24;Presente;Impresión 3D;3;María;Fernández;37320068;Añatuya;Impresión 3D;Capacitación;45;3;Tuesday
4052;352;1;2026-04-10;Presente;Alfabetización Digital;4;Sofía;Pérez;36753606;Sol de Julio;Alfabetización Digital;Capacitación;27;4;Friday
4053;460;8;2026-05-16;Presente;Robótica;5;José;Rodríguez;36395011;Añatuya;Robótica;Capacitación;35;5;Saturday
4054;179;36;2026-05-03;Presente;Canva;5;Pedro;Díaz;45316320;Los Telares;Canva;Capacitación;20;5;Sunday
4055;423;24;2026-11-05;Presente;Word;11;Micaela;Gómez;32455449;Sumampa;Word;Capacitación;23;11;Thursday
4056;441;16;2026-11-24;Presente;Canva;11;Sofía;Martínez;37199922;Sumampa;Canva;Capacitación;35;11;Tuesday
4057;425;6;2026-02-09;Presente;Canva;2;María;Suárez;34877232;Sol de Julio;Canva;Capacitación;43;2;Monday
4058;354;48;2026-01-23;Presente;Robótica;1;Carlos;Fernández;41969316;Pinto;Robótica;Capacitación;24;1;Friday
4059;360;13;2026-07-13;Presente;Excel;7;Micaela;Torres;47175104;Añatuya;Excel;Capacitación;25;7;Monday
4060;283;48;2026-11-19;Presente;Robótica;11;Carlos;Martínez;30268583;Pinto;Robótica;Capacitación;24;11;Thursday
4061;371;48;2026-11-10;Presente;Robótica;11;José;Rodríguez;38671319;Villa Ojo de Agua;Robótica;Capacitación;24;11;Tuesday
4062;305;24;2026-06-09;Presente;Word;6;Sofía;Rodríguez;42902455;Pinto;Word;Capacitación;23;6;Tuesday
4063;91;29;2026-08-17;Presente;Impresión 3D;8;Micaela;Díaz;31377676;Pinto;Impresión 3D;Capacitación;39;8;Monday
4064;9;41;2026-05-19;Presente;Alfabetización Digital;5;María;Gómez;30864639;Pinto;Alfabetización Digital;Capacitación;40;5;Tuesday
4065;314;27;2026-03-20;Presente;Marketing Digital;3;Luis;López;33954006;Bandera;Marketing Digital;Capacitación;38;3;Friday
4066;333;40;2026-12-03;Presente;Ciudadanía Digital;12;José;Gómez;46032769;Villa Ojo de Agua;Ciudadanía Digital;Capacitación;38;12;Thursday
4067;382;38;2026-12-24;Presente;Robótica;12;Sofía;Rojas;47331754;Sol de Julio;Robótica;Capacitación;39;12;Thursday
4068;465;11;2026-08-01;Presente;Alfabetización Digital;8;Juan;Rodríguez;34048649;Pinto;Alfabetización Digital;Capacitación;44;8;Saturday
4069;217;12;2026-05-05;Presente;Python;5;Pedro;Rodríguez;37113577;Añatuya;Python;Capacitación;35;5;Tuesday
4070;231;29;2026-03-02;Presente;Impresión 3D;3;Juan;Pérez;40829076;Añatuya;Impresión 3D;Capacitación;39;3;Monday
4071;260;37;2026-10-26;Presente;Marketing Digital;10;Pedro;Fernández;47075409;Sumampa;Marketing Digital;Capacitación;26;10;Monday
4072;403;20;2026-09-16;Presente;Ciudadanía Digital;9;Juan;Suárez;40314380;Sumampa;Ciudadanía Digital;Capacitación;31;9;Wednesday
4073;78;31;2026-09-19;Presente;Alfabetización Digital;9;Carlos;Rodríguez;46539592;Los Telares;Alfabetización Digital;Capacitación;45;9;Saturday
4074;500;30;2026-10-26;Presente;Ciudadanía Digital;10;Ana;Gómez;39775209;Añatuya;Ciudadanía Digital;Capacitación;33;10;Monday
4075;244;35;2026-04-08;Presente;PowerPoint;4;Micaela;Rodríguez;37687649;Sumampa;PowerPoint;Capacitación;35;4;Wednesday
4076;180;25;2026-04-18;Presente;PowerPoint;4;Carlos;Rojas;32607251;Sol de Julio;PowerPoint;Capacitación;25;4;Saturday
4077;227;23;2026-07-01;Presente;Excel;7;Micaela;López;44143280;Sumampa;Excel;Capacitación;38;7;Wednesday
4078;181;23;2026-11-17;Presente;Excel;11;Ana;Martínez;42004738;Pinto;Excel;Capacitación;38;11;Tuesday
4079;477;11;2026-09-25;Presente;Alfabetización Digital;9;Luis;Díaz;30941986;Villa Ojo de Agua;Alfabetización Digital;Capacitación;44;9;Friday
4080;189;27;2026-06-25;Presente;Marketing Digital;6;Luis;Gómez;46920536;Villa Ojo de Agua;Marketing Digital;Capacitación;38;6;Thursday
4081;321;12;2026-12-05;Presente;Python;12;Sofía;Díaz;32260564;Los Telares;Python;Capacitación;35;12;Saturday
4082;296;1;2026-11-24;Presente;Alfabetización Digital;11;Micaela;Torres;49602855;Sumampa;Alfabetización Digital;Capacitación;27;11;Tuesday
4083;225;24;2026-09-10;Presente;Word;9;Micaela;Rojas;32088417;Sumampa;Word;Capacitación;23;9;Thursday
4084;252;49;2026-02-21;Presente;Impresión 3D;2;María;Díaz;45615111;Bandera;Impresión 3D;Capacitación;23;2;Saturday
4085;171;37;2026-09-08;Presente;Marketing Digital;9;José;Díaz;32323268;Pinto;Marketing Digital;Capacitación;26;9;Tuesday
4086;448;29;2026-11-20;Presente;Impresión 3D;11;Carlos;Martínez;49200319;Los Telares;Impresión 3D;Capacitación;39;11;Friday
4087;495;6;2026-04-23;Presente;Canva;4;Sofía;López;46575642;Añatuya;Canva;Capacitación;43;4;Thursday
4088;198;42;2026-02-21;Presente;Python;2;Sofía;Torres;44508087;Pinto;Python;Capacitación;29;2;Saturday
4089;218;1;2026-07-28;Presente;Alfabetización Digital;7;Micaela;Díaz;46165817;Bandera;Alfabetización Digital;Capacitación;27;7;Tuesday
4090;305;13;2026-02-06;Presente;Excel;2;Sofía;Rodríguez;42902455;Pinto;Excel;Capacitación;25;2;Friday
4091;17;43;2026-12-13;Presente;Excel;12;María;Martínez;33869334;Los Telares;Excel;Capacitación;21;12;Sunday
4092;368;26;2026-05-07;Presente;Canva;5;Pedro;Torres;45773353;Bandera;Canva;Capacitación;35;5;Thursday
4093;50;40;2026-07-16;Presente;Ciudadanía Digital;7;José;Suárez;43768738;Pinto;Ciudadanía Digital;Capacitación;38;7;Thursday
4094;252;5;2026-04-26;Presente;PowerPoint;4;María;Díaz;45615111;Bandera;PowerPoint;Capacitación;34;4;Sunday
4095;291;12;2026-01-24;Presente;Python;1;Juan;Fernández;34004297;Villa Ojo de Agua;Python;Capacitación;35;1;Saturday
4096;474;12;2026-04-27;Presente;Python;4;Pedro;Martínez;37822917;Bandera;Python;Capacitación;35;4;Monday
4097;213;23;2026-01-13;Presente;Excel;1;Ana;Fernández;37315167;Los Telares;Excel;Capacitación;38;1;Tuesday
4098;169;6;2026-06-04;Presente;Canva;6;Sofía;Torres;41310276;Bandera;Canva;Capacitación;43;6;Thursday
4099;186;26;2026-11-23;Presente;Canva;11;José;Pérez;33334532;Villa Ojo de Agua;Canva;Capacitación;35;11;Monday
4100;114;21;2026-06-22;Presente;Alfabetización Digital;6;Sofía;Pérez;31024301;Pinto;Alfabetización Digital;Capacitación;23;6;Monday
4101;357;10;2026-08-18;Presente;Ciudadanía Digital;8;Pedro;López;49127886;Sumampa;Ciudadanía Digital;Capacitación;31;8;Tuesday
4102;380;25;2026-08-23;Presente;PowerPoint;8;María;López;49506471;Los Telares;PowerPoint;Capacitación;25;8;Sunday
4103;136;30;2026-11-22;Presente;Ciudadanía Digital;11;Ana;Rodríguez;37994853;Los Telares;Ciudadanía Digital;Capacitación;33;11;Sunday
4104;442;48;2026-04-03;Presente;Robótica;4;Ana;Rojas;44769108;Sumampa;Robótica;Capacitación;24;4;Friday
4105;277;11;2026-10-21;Presente;Alfabetización Digital;10;Pedro;Suárez;49903175;Añatuya;Alfabetización Digital;Capacitación;44;10;Wednesday
4106;11;31;2026-04-06;Presente;Alfabetización Digital;4;Lucía;Díaz;37880355;Villa Ojo de Agua;Alfabetización Digital;Capacitación;45;4;Monday
4107;291;41;2026-08-12;Presente;Alfabetización Digital;8;Juan;Fernández;34004297;Villa Ojo de Agua;Alfabetización Digital;Capacitación;40;8;Wednesday
4108;328;29;2026-09-27;Presente;Impresión 3D;9;Carlos;Gómez;36118998;Villa Ojo de Agua;Impresión 3D;Capacitación;39;9;Sunday
4109;243;41;2026-08-25;Presente;Alfabetización Digital;8;Micaela;Torres;36255630;Sumampa;Alfabetización Digital;Capacitación;40;8;Tuesday
4110;376;20;2026-07-13;Presente;Ciudadanía Digital;7;Luis;Pérez;38314458;Bandera;Ciudadanía Digital;Capacitación;31;7;Monday
4111;266;33;2026-06-08;Presente;Excel;6;Juan;Fernández;47490307;Bandera;Excel;Capacitación;24;6;Monday
4112;181;33;2026-03-11;Presente;Excel;3;Ana;Martínez;42004738;Pinto;Excel;Capacitación;24;3;Wednesday
4113;240;48;2026-08-11;Presente;Robótica;8;Sofía;Rodríguez;39792286;Pinto;Robótica;Capacitación;24;8;Tuesday
4114;202;25;2026-04-06;Presente;PowerPoint;4;Micaela;Martínez;43918660;Sol de Julio;PowerPoint;Capacitación;25;4;Monday
4115;101;33;2026-02-09;Presente;Excel;2;Micaela;Díaz;37475483;Bandera;Excel;Capacitación;24;2;Monday
4116;172;24;2026-07-01;Presente;Word;7;Ana;Rodríguez;31152932;Sumampa;Word;Capacitación;23;7;Wednesday
4117;410;1;2026-02-13;Presente;Alfabetización Digital;2;José;Suárez;46411337;Pinto;Alfabetización Digital;Capacitación;27;2;Friday
4118;338;27;2026-11-23;Presente;Marketing Digital;11;María;Martínez;32736893;Sol de Julio;Marketing Digital;Capacitación;38;11;Monday
4119;491;10;2026-01-17;Presente;Ciudadanía Digital;1;Ana;Díaz;38656494;Sol de Julio;Ciudadanía Digital;Capacitación;31;1;Saturday
4120;161;5;2026-05-07;Presente;PowerPoint;5;Carlos;Fernández;30585216;Villa Ojo de Agua;PowerPoint;Capacitación;34;5;Thursday
4121;26;46;2026-06-14;Presente;Canva;6;María;Martínez;31156450;Sumampa;Canva;Capacitación;35;6;Sunday
4122;332;7;2026-12-25;Presente;Marketing Digital;12;Pedro;López;32753926;Añatuya;Marketing Digital;Capacitación;34;12;Friday
4123;176;24;2026-06-09;Presente;Word;6;Ana;Gómez;38210813;Los Telares;Word;Capacitación;23;6;Tuesday
4124;255;30;2026-08-22;Presente;Ciudadanía Digital;8;Pedro;Suárez;40367063;Añatuya;Ciudadanía Digital;Capacitación;33;8;Saturday
4125;168;26;2026-03-06;Presente;Canva;3;María;López;30273292;Añatuya;Canva;Capacitación;35;3;Friday
4126;227;10;2026-05-09;Presente;Ciudadanía Digital;5;Micaela;López;44143280;Sumampa;Ciudadanía Digital;Capacitación;31;5;Saturday
4127;106;40;2026-05-02;Presente;Ciudadanía Digital;5;Ana;Fernández;49407005;Los Telares;Ciudadanía Digital;Capacitación;38;5;Saturday
4128;18;21;2026-10-13;Presente;Alfabetización Digital;10;Ana;Rodríguez;42801168;Añatuya;Alfabetización Digital;Capacitación;23;10;Tuesday
4129;149;43;2026-09-11;Presente;Excel;9;José;Torres;31135379;Bandera;Excel;Capacitación;21;9;Friday
4130;168;49;2026-03-27;Presente;Impresión 3D;3;María;López;30273292;Añatuya;Impresión 3D;Capacitación;23;3;Friday
4131;443;23;2026-03-07;Presente;Excel;3;Lucía;Rojas;31886522;Añatuya;Excel;Capacitación;38;3;Saturday
4132;499;26;2026-11-05;Presente;Canva;11;Juan;Fernández;40503084;Bandera;Canva;Capacitación;35;11;Thursday
4133;184;25;2026-08-17;Presente;PowerPoint;8;Luis;Martínez;48364429;Sol de Julio;PowerPoint;Capacitación;25;8;Monday
4134;50;34;2026-11-13;Presente;Word;11;José;Suárez;43768738;Pinto;Word;Capacitación;47;11;Friday
4135;447;22;2026-02-16;Presente;Python;2;Ana;Fernández;38101523;Pinto;Python;Capacitación;36;2;Monday
4136;267;39;2026-10-25;Presente;Impresión 3D;10;Lucía;Rojas;32560612;Añatuya;Impresión 3D;Capacitación;25;10;Sunday
4137;319;42;2026-04-13;Presente;Python;4;Micaela;Torres;44875517;Villa Ojo de Agua;Python;Capacitación;29;4;Monday
4138;151;12;2026-11-18;Presente;Python;11;Pedro;López;40456268;Villa Ojo de Agua;Python;Capacitación;35;11;Wednesday
4139;107;48;2026-04-19;Presente;Robótica;4;Sofía;Gómez;43976159;Los Telares;Robótica;Capacitación;24;4;Sunday
4140;94;22;2026-05-02;Presente;Python;5;Luis;Torres;33998465;Pinto;Python;Capacitación;36;5;Saturday
4141;432;12;2026-04-16;Presente;Python;4;Carlos;Fernández;36850633;Pinto;Python;Capacitación;35;4;Thursday
4142;37;40;2026-03-01;Presente;Ciudadanía Digital;3;José;Martínez;39708105;Villa Ojo de Agua;Ciudadanía Digital;Capacitación;38;3;Sunday
4143;226;49;2026-12-07;Presente;Impresión 3D;12;Lucía;Suárez;36123672;Sumampa;Impresión 3D;Capacitación;23;12;Monday
4144;343;42;2026-04-23;Presente;Python;4;Sofía;Gómez;36022824;Villa Ojo de Agua;Python;Capacitación;29;4;Thursday
4145;369;48;2026-11-14;Presente;Robótica;11;José;Torres;43632221;Bandera;Robótica;Capacitación;24;11;Saturday
4146;228;39;2026-12-05;Presente;Impresión 3D;12;Sofía;Fernández;38920308;Los Telares;Impresión 3D;Capacitación;25;12;Saturday
4147;396;21;2026-09-07;Presente;Alfabetización Digital;9;Juan;Fernández;44261434;Villa Ojo de Agua;Alfabetización Digital;Capacitación;23;9;Monday
4148;214;4;2026-03-21;Presente;Word;3;José;Suárez;30991429;Los Telares;Word;Capacitación;46;3;Saturday
4149;230;23;2026-10-03;Presente;Excel;10;Carlos;López;47887991;Sol de Julio;Excel;Capacitación;38;10;Saturday
4150;489;8;2026-11-19;Presente;Robótica;11;María;López;42651426;Sol de Julio;Robótica;Capacitación;35;11;Thursday
4151;190;14;2026-02-15;Presente;Word;2;Luis;Pérez;30869792;Villa Ojo de Agua;Word;Capacitación;27;2;Sunday
4152;375;20;2026-01-27;Presente;Ciudadanía Digital;1;Ana;Gómez;33204029;Los Telares;Ciudadanía Digital;Capacitación;31;1;Tuesday
4153;492;2;2026-11-22;Presente;Python;11;Micaela;Torres;42487463;Los Telares;Python;Capacitación;21;11;Sunday
4154;368;35;2026-09-16;Presente;PowerPoint;9;Pedro;Torres;45773353;Bandera;PowerPoint;Capacitación;35;9;Wednesday
4155;168;18;2026-05-08;Presente;Robótica;5;María;López;30273292;Añatuya;Robótica;Capacitación;36;5;Friday
4156;128;42;2026-06-17;Presente;Python;6;Lucía;Torres;36453798;Villa Ojo de Agua;Python;Capacitación;29;6;Wednesday
4157;260;33;2026-12-21;Presente;Excel;12;Pedro;Fernández;47075409;Sumampa;Excel;Capacitación;24;12;Monday
4158;354;13;2026-11-25;Presente;Excel;11;Carlos;Fernández;41969316;Pinto;Excel;Capacitación;25;11;Wednesday
4159;219;27;2026-02-19;Presente;Marketing Digital;2;María;Pérez;39897855;Sumampa;Marketing Digital;Capacitación;38;2;Thursday
4160;243;24;2026-03-26;Presente;Word;3;Micaela;Torres;36255630;Sumampa;Word;Capacitación;23;3;Thursday
4161;202;47;2026-03-17;Presente;Marketing Digital;3;Micaela;Martínez;43918660;Sol de Julio;Marketing Digital;Capacitación;33;3;Tuesday
4162;64;13;2026-06-19;Presente;Excel;6;Juan;Díaz;36464683;Sol de Julio;Excel;Capacitación;25;6;Friday
4163;492;47;2026-01-24;Presente;Marketing Digital;1;Micaela;Torres;42487463;Los Telares;Marketing Digital;Capacitación;33;1;Saturday
4164;445;13;2026-11-21;Presente;Excel;11;Lucía;López;37276131;Sol de Julio;Excel;Capacitación;25;11;Saturday
4165;418;30;2026-09-20;Presente;Ciudadanía Digital;9;Pedro;Gómez;30873779;Añatuya;Ciudadanía Digital;Capacitación;33;9;Sunday
4166;363;31;2026-07-12;Presente;Alfabetización Digital;7;Lucía;Gómez;44702928;Bandera;Alfabetización Digital;Capacitación;45;7;Sunday
4167;483;46;2026-03-15;Presente;Canva;3;Ana;Martínez;35624731;Añatuya;Canva;Capacitación;35;3;Sunday
4168;220;7;2026-01-12;Presente;Marketing Digital;1;Ana;Martínez;45742770;Los Telares;Marketing Digital;Capacitación;34;1;Monday
4169;125;34;2026-10-08;Presente;Word;10;Ana;Rojas;30965910;Sol de Julio;Word;Capacitación;47;10;Thursday
4170;32;48;2026-12-26;Presente;Robótica;12;Sofía;Rodríguez;48122797;Sumampa;Robótica;Capacitación;24;12;Saturday
4171;451;14;2026-05-28;Presente;Word;5;Carlos;Rodríguez;40107712;Villa Ojo de Agua;Word;Capacitación;27;5;Thursday
4172;500;20;2026-10-02;Presente;Ciudadanía Digital;10;Ana;Gómez;39775209;Añatuya;Ciudadanía Digital;Capacitación;31;10;Friday
4173;309;30;2026-08-12;Presente;Ciudadanía Digital;8;Juan;López;36349213;Sumampa;Ciudadanía Digital;Capacitación;33;8;Wednesday
4174;42;50;2026-07-05;Presente;Ciudadanía Digital;7;Ana;Díaz;48356653;Villa Ojo de Agua;Ciudadanía Digital;Capacitación;34;7;Sunday
4175;401;6;2026-11-04;Presente;Canva;11;José;Martínez;41667360;Villa Ojo de Agua;Canva;Capacitación;43;11;Wednesday
4176;308;16;2026-09-14;Presente;Canva;9;Juan;López;35029863;Villa Ojo de Agua;Canva;Capacitación;35;9;Monday
4177;6;21;2026-01-17;Presente;Alfabetización Digital;1;José;Rodríguez;43523626;Bandera;Alfabetización Digital;Capacitación;23;1;Saturday
4178;220;25;2026-08-14;Presente;PowerPoint;8;Ana;Martínez;45742770;Los Telares;PowerPoint;Capacitación;25;8;Friday
4179;136;42;2026-11-22;Presente;Python;11;Ana;Rodríguez;37994853;Los Telares;Python;Capacitación;29;11;Sunday
4180;251;40;2026-05-12;Presente;Ciudadanía Digital;5;Pedro;López;35149474;Los Telares;Ciudadanía Digital;Capacitación;38;5;Tuesday
4181;346;47;2026-02-12;Presente;Marketing Digital;2;Luis;Pérez;48962966;Sol de Julio;Marketing Digital;Capacitación;33;2;Thursday
4182;451;44;2026-05-21;Presente;Word;5;Carlos;Rodríguez;40107712;Villa Ojo de Agua;Word;Capacitación;47;5;Thursday
4183;1;1;2026-05-08;Presente;Alfabetización Digital;5;Micaela;Torres;40859857;Villa Ojo de Agua;Alfabetización Digital;Capacitación;27;5;Friday
4184;30;41;2026-07-03;Presente;Alfabetización Digital;7;Sofía;Pérez;31314489;Villa Ojo de Agua;Alfabetización Digital;Capacitación;40;7;Friday
4185;305;38;2026-05-03;Presente;Robótica;5;Sofía;Rodríguez;42902455;Pinto;Robótica;Capacitación;39;5;Sunday
4186;459;44;2026-04-02;Presente;Word;4;Sofía;Gómez;33077473;Bandera;Word;Capacitación;47;4;Thursday
4187;425;49;2026-04-28;Presente;Impresión 3D;4;María;Suárez;34877232;Sol de Julio;Impresión 3D;Capacitación;23;4;Tuesday
4188;363;47;2026-08-07;Presente;Marketing Digital;8;Lucía;Gómez;44702928;Bandera;Marketing Digital;Capacitación;33;8;Friday
4189;139;15;2026-02-26;Presente;PowerPoint;2;María;Rodríguez;35660678;Bandera;PowerPoint;Capacitación;38;2;Thursday
4190;175;22;2026-01-16;Presente;Python;1;Carlos;Rodríguez;30196596;Villa Ojo de Agua;Python;Capacitación;36;1;Friday
4191;355;47;2026-11-25;Presente;Marketing Digital;11;Luis;Rojas;47577462;Los Telares;Marketing Digital;Capacitación;33;11;Wednesday
4192;100;33;2026-07-13;Presente;Excel;7;Ana;Rodríguez;42873794;Sol de Julio;Excel;Capacitación;24;7;Monday
4193;337;20;2026-03-08;Presente;Ciudadanía Digital;3;José;Torres;35492865;Bandera;Ciudadanía Digital;Capacitación;31;3;Sunday
4194;449;33;2026-02-23;Presente;Excel;2;Luis;Torres;33529199;Añatuya;Excel;Capacitación;24;2;Monday
4195;432;9;2026-02-27;Presente;Impresión 3D;2;Carlos;Fernández;36850633;Pinto;Impresión 3D;Capacitación;38;2;Friday
4196;223;16;2026-02-03;Presente;Canva;2;Pedro;López;32163127;Los Telares;Canva;Capacitación;35;2;Tuesday
4197;6;45;2026-09-10;Presente;PowerPoint;9;José;Rodríguez;43523626;Bandera;PowerPoint;Capacitación;40;9;Thursday
4198;61;21;2026-12-15;Presente;Alfabetización Digital;12;Lucía;Torres;49381921;Los Telares;Alfabetización Digital;Capacitación;23;12;Tuesday
4199;28;31;2026-09-27;Presente;Alfabetización Digital;9;José;Torres;41993868;Añatuya;Alfabetización Digital;Capacitación;45;9;Sunday
4200;70;44;2026-06-12;Presente;Word;6;Luis;Pérez;37468319;Villa Ojo de Agua;Word;Capacitación;47;6;Friday
4201;468;33;2026-01-21;Presente;Excel;1;Juan;Torres;47979558;Pinto;Excel;Capacitación;24;1;Wednesday
4202;60;3;2026-07-27;Presente;Excel;7;Pedro;Suárez;33349882;Sumampa;Excel;Capacitación;40;7;Monday
4203;421;39;2026-03-09;Presente;Impresión 3D;3;Luis;Torres;33389266;Sumampa;Impresión 3D;Capacitación;25;3;Monday
4204;305;40;2026-02-18;Presente;Ciudadanía Digital;2;Sofía;Rodríguez;42902455;Pinto;Ciudadanía Digital;Capacitación;38;2;Wednesday
4205;298;7;2026-06-27;Presente;Marketing Digital;6;Sofía;Rojas;30231951;Villa Ojo de Agua;Marketing Digital;Capacitación;34;6;Saturday
4206;198;9;2026-10-17;Presente;Impresión 3D;10;Sofía;Torres;44508087;Pinto;Impresión 3D;Capacitación;38;10;Saturday
4207;151;11;2026-12-25;Presente;Alfabetización Digital;12;Pedro;López;40456268;Villa Ojo de Agua;Alfabetización Digital;Capacitación;44;12;Friday
4208;80;21;2026-06-14;Presente;Alfabetización Digital;6;Sofía;Rojas;44764418;Sol de Julio;Alfabetización Digital;Capacitación;23;6;Sunday
4209;325;41;2026-07-06;Presente;Alfabetización Digital;7;Lucía;Fernández;48684879;Sumampa;Alfabetización Digital;Capacitación;40;7;Monday
4210;352;47;2026-05-07;Presente;Marketing Digital;5;Sofía;Pérez;36753606;Sol de Julio;Marketing Digital;Capacitación;33;5;Thursday
4211;307;41;2026-09-02;Presente;Alfabetización Digital;9;Sofía;Martínez;37509083;Añatuya;Alfabetización Digital;Capacitación;40;9;Wednesday
4212;354;10;2026-03-08;Presente;Ciudadanía Digital;3;Carlos;Fernández;41969316;Pinto;Ciudadanía Digital;Capacitación;31;3;Sunday
4213;410;32;2026-10-11;Presente;Python;10;José;Suárez;46411337;Pinto;Python;Capacitación;26;10;Sunday
4214;201;33;2026-01-12;Presente;Excel;1;Micaela;Martínez;47985418;Villa Ojo de Agua;Excel;Capacitación;24;1;Monday
4215;224;27;2026-11-13;Presente;Marketing Digital;11;Lucía;Fernández;47763218;Añatuya;Marketing Digital;Capacitación;38;11;Friday
4216;488;9;2026-04-13;Presente;Impresión 3D;4;Lucía;Pérez;34211259;Los Telares;Impresión 3D;Capacitación;38;4;Monday
4217;359;11;2026-08-07;Presente;Alfabetización Digital;8;Sofía;Rojas;32790056;Sol de Julio;Alfabetización Digital;Capacitación;44;8;Friday
4218;148;45;2026-12-04;Presente;PowerPoint;12;Carlos;Fernández;36650910;Bandera;PowerPoint;Capacitación;40;12;Friday
4219;155;16;2026-11-27;Presente;Canva;11;Micaela;Torres;40172077;Pinto;Canva;Capacitación;35;11;Friday
4220;149;29;2026-10-06;Presente;Impresión 3D;10;José;Torres;31135379;Bandera;Impresión 3D;Capacitación;39;10;Tuesday
4221;259;49;2026-10-08;Presente;Impresión 3D;10;Lucía;Suárez;49939072;Añatuya;Impresión 3D;Capacitación;23;10;Thursday
4222;58;27;2026-10-23;Presente;Marketing Digital;10;Carlos;Rojas;31066275;Pinto;Marketing Digital;Capacitación;38;10;Friday
4223;202;22;2026-02-25;Presente;Python;2;Micaela;Martínez;43918660;Sol de Julio;Python;Capacitación;36;2;Wednesday
4224;295;23;2026-12-27;Presente;Excel;12;Sofía;Torres;49429261;Los Telares;Excel;Capacitación;38;12;Sunday
4225;323;5;2026-01-13;Presente;PowerPoint;1;María;Gómez;38196290;Añatuya;PowerPoint;Capacitación;34;1;Tuesday
4226;175;6;2026-04-10;Presente;Canva;4;Carlos;Rodríguez;30196596;Villa Ojo de Agua;Canva;Capacitación;43;4;Friday
4227;151;1;2026-01-01;Presente;Alfabetización Digital;1;Pedro;López;40456268;Villa Ojo de Agua;Alfabetización Digital;Capacitación;27;1;Thursday
4228;324;18;2026-01-06;Presente;Robótica;1;Lucía;Gómez;49663983;Bandera;Robótica;Capacitación;36;1;Tuesday
4229;459;2;2026-08-19;Presente;Python;8;Sofía;Gómez;33077473;Bandera;Python;Capacitación;21;8;Wednesday
4230;457;9;2026-04-12;Presente;Impresión 3D;4;Ana;Suárez;41713496;Villa Ojo de Agua;Impresión 3D;Capacitación;38;4;Sunday
4231;99;7;2026-09-22;Presente;Marketing Digital;9;Juan;Suárez;41183572;Añatuya;Marketing Digital;Capacitación;34;9;Tuesday
4232;160;42;2026-10-22;Presente;Python;10;Lucía;Gómez;49007647;Sol de Julio;Python;Capacitación;29;10;Thursday
4233;173;42;2026-11-27;Presente;Python;11;María;Martínez;45185439;Villa Ojo de Agua;Python;Capacitación;29;11;Friday
4234;453;33;2026-09-20;Presente;Excel;9;Lucía;Martínez;34125739;Sumampa;Excel;Capacitación;24;9;Sunday
4235;440;46;2026-07-26;Presente;Canva;7;María;Torres;43927582;Bandera;Canva;Capacitación;35;7;Sunday
4236;306;11;2026-08-17;Presente;Alfabetización Digital;8;José;Fernández;35495266;Añatuya;Alfabetización Digital;Capacitación;44;8;Monday
4237;34;20;2026-01-17;Presente;Ciudadanía Digital;1;Carlos;Fernández;43780130;Sol de Julio;Ciudadanía Digital;Capacitación;31;1;Saturday
4238;111;2;2026-12-15;Presente;Python;12;José;López;35903632;Sol de Julio;Python;Capacitación;21;12;Tuesday
4239;191;38;2026-02-20;Presente;Robótica;2;Luis;Pérez;46541273;Los Telares;Robótica;Capacitación;39;2;Friday
4240;330;31;2026-10-01;Presente;Alfabetización Digital;10;Sofía;Fernández;49387781;Sumampa;Alfabetización Digital;Capacitación;45;10;Thursday
4241;258;1;2026-08-14;Presente;Alfabetización Digital;8;Luis;Martínez;43017061;Sumampa;Alfabetización Digital;Capacitación;27;8;Friday
4242;184;25;2026-11-02;Presente;PowerPoint;11;Luis;Martínez;48364429;Sol de Julio;PowerPoint;Capacitación;25;11;Monday
4243;82;44;2026-11-03;Presente;Word;11;Sofía;Martínez;39989675;Villa Ojo de Agua;Word;Capacitación;47;11;Tuesday
4244;130;50;2026-03-07;Presente;Ciudadanía Digital;3;Lucía;Díaz;48099532;Bandera;Ciudadanía Digital;Capacitación;34;3;Saturday
4245;472;9;2026-02-01;Presente;Impresión 3D;2;Luis;Díaz;40997777;Añatuya;Impresión 3D;Capacitación;38;2;Sunday
4246;299;37;2026-03-18;Presente;Marketing Digital;3;María;Fernández;46089256;Villa Ojo de Agua;Marketing Digital;Capacitación;26;3;Wednesday
4247;128;1;2026-04-12;Presente;Alfabetización Digital;4;Lucía;Torres;36453798;Villa Ojo de Agua;Alfabetización Digital;Capacitación;27;4;Sunday
4248;319;15;2026-04-02;Presente;PowerPoint;4;Micaela;Torres;44875517;Villa Ojo de Agua;PowerPoint;Capacitación;38;4;Thursday
4249;65;28;2026-01-21;Presente;Robótica;1;Juan;López;49619964;Pinto;Robótica;Capacitación;21;1;Wednesday
4250;431;46;2026-07-15;Presente;Canva;7;Carlos;Suárez;47707700;Los Telares;Canva;Capacitación;35;7;Wednesday
4251;192;28;2026-04-09;Presente;Robótica;4;José;Gómez;39234977;Sol de Julio;Robótica;Capacitación;21;4;Thursday
4252;399;47;2026-03-22;Presente;Marketing Digital;3;Ana;Díaz;42468635;Los Telares;Marketing Digital;Capacitación;33;3;Sunday
4253;4;9;2026-11-16;Presente;Impresión 3D;11;Sofía;Suárez;37031326;Sol de Julio;Impresión 3D;Capacitación;38;11;Monday
4254;358;45;2026-07-17;Presente;PowerPoint;7;Luis;López;37137532;Los Telares;PowerPoint;Capacitación;40;7;Friday
4255;385;1;2026-07-24;Presente;Alfabetización Digital;7;Pedro;Pérez;35567171;Sol de Julio;Alfabetización Digital;Capacitación;27;7;Friday
4256;32;10;2026-02-13;Presente;Ciudadanía Digital;2;Sofía;Rodríguez;48122797;Sumampa;Ciudadanía Digital;Capacitación;31;2;Friday
4257;135;50;2026-01-22;Presente;Ciudadanía Digital;1;María;Rojas;48116206;Pinto;Ciudadanía Digital;Capacitación;34;1;Thursday
4258;401;22;2026-01-02;Presente;Python;1;José;Martínez;41667360;Villa Ojo de Agua;Python;Capacitación;36;1;Friday
4259;162;15;2026-05-26;Presente;PowerPoint;5;Sofía;López;31438798;Pinto;PowerPoint;Capacitación;38;5;Tuesday
4260;340;42;2026-11-13;Presente;Python;11;Lucía;Díaz;41417859;Añatuya;Python;Capacitación;29;11;Friday
4261;247;41;2026-12-06;Presente;Alfabetización Digital;12;José;Martínez;44910524;Pinto;Alfabetización Digital;Capacitación;40;12;Sunday
4262;180;16;2026-08-18;Presente;Canva;8;Carlos;Rojas;32607251;Sol de Julio;Canva;Capacitación;35;8;Tuesday
4263;205;34;2026-01-14;Presente;Word;1;José;Gómez;48386318;Pinto;Word;Capacitación;47;1;Wednesday
4264;144;7;2026-07-24;Presente;Marketing Digital;7;Sofía;Rojas;31424630;Bandera;Marketing Digital;Capacitación;34;7;Friday
4265;118;7;2026-11-26;Presente;Marketing Digital;11;Juan;Suárez;46692486;Pinto;Marketing Digital;Capacitación;34;11;Thursday
4266;265;43;2026-06-14;Presente;Excel;6;Carlos;Díaz;30010232;Añatuya;Excel;Capacitación;21;6;Sunday
4267;484;32;2026-06-23;Presente;Python;6;Juan;Díaz;32740420;Bandera;Python;Capacitación;26;6;Tuesday
4268;325;19;2026-03-28;Presente;Impresión 3D;3;Lucía;Fernández;48684879;Sumampa;Impresión 3D;Capacitación;45;3;Saturday
4269;227;25;2026-03-22;Presente;PowerPoint;3;Micaela;López;44143280;Sumampa;PowerPoint;Capacitación;25;3;Sunday
4270;213;19;2026-04-06;Presente;Impresión 3D;4;Ana;Fernández;37315167;Los Telares;Impresión 3D;Capacitación;45;4;Monday
4271;47;16;2026-06-07;Presente;Canva;6;Micaela;Rodríguez;36965594;Pinto;Canva;Capacitación;35;6;Sunday
4272;49;33;2026-07-17;Presente;Excel;7;Pedro;Suárez;31247480;Villa Ojo de Agua;Excel;Capacitación;24;7;Friday
4273;469;27;2026-06-27;Presente;Marketing Digital;6;Carlos;Rodríguez;46774324;Los Telares;Marketing Digital;Capacitación;38;6;Saturday
4274;306;17;2026-10-18;Presente;Marketing Digital;10;José;Fernández;35495266;Añatuya;Marketing Digital;Capacitación;24;10;Sunday
4275;365;16;2026-01-15;Presente;Canva;1;Carlos;Rodríguez;44425040;Los Telares;Canva;Capacitación;35;1;Thursday
4276;75;10;2026-06-08;Presente;Ciudadanía Digital;6;Lucía;Díaz;38616621;Bandera;Ciudadanía Digital;Capacitación;31;6;Monday
4277;37;36;2026-02-09;Presente;Canva;2;José;Martínez;39708105;Villa Ojo de Agua;Canva;Capacitación;20;2;Monday
4278;342;28;2026-11-25;Presente;Robótica;11;Ana;Fernández;33465896;Pinto;Robótica;Capacitación;21;11;Wednesday
4279;244;37;2026-05-13;Presente;Marketing Digital;5;Micaela;Rodríguez;37687649;Sumampa;Marketing Digital;Capacitación;26;5;Wednesday
4280;296;10;2026-11-18;Presente;Ciudadanía Digital;11;Micaela;Torres;49602855;Sumampa;Ciudadanía Digital;Capacitación;31;11;Wednesday
4281;206;50;2026-02-17;Presente;Ciudadanía Digital;2;Juan;López;30249224;Los Telares;Ciudadanía Digital;Capacitación;34;2;Tuesday
4282;271;35;2026-03-21;Presente;PowerPoint;3;Lucía;Martínez;39965294;Sumampa;PowerPoint;Capacitación;35;3;Saturday
4283;82;43;2026-04-12;Presente;Excel;4;Sofía;Martínez;39989675;Villa Ojo de Agua;Excel;Capacitación;21;4;Sunday
4284;329;46;2026-05-23;Presente;Canva;5;José;Rojas;30036479;Villa Ojo de Agua;Canva;Capacitación;35;5;Saturday
4285;99;29;2026-03-24;Presente;Impresión 3D;3;Juan;Suárez;41183572;Añatuya;Impresión 3D;Capacitación;39;3;Tuesday
4286;416;16;2026-02-02;Presente;Canva;2;María;Díaz;46685403;Bandera;Canva;Capacitación;35;2;Monday
4287;176;49;2026-07-14;Presente;Impresión 3D;7;Ana;Gómez;38210813;Los Telares;Impresión 3D;Capacitación;23;7;Tuesday
4288;199;41;2026-10-11;Presente;Alfabetización Digital;10;María;Gómez;35546411;Añatuya;Alfabetización Digital;Capacitación;40;10;Sunday
4289;337;47;2026-11-11;Presente;Marketing Digital;11;José;Torres;35492865;Bandera;Marketing Digital;Capacitación;33;11;Wednesday
4290;376;38;2026-02-19;Presente;Robótica;2;Luis;Pérez;38314458;Bandera;Robótica;Capacitación;39;2;Thursday
4291;329;35;2026-04-11;Presente;PowerPoint;4;José;Rojas;30036479;Villa Ojo de Agua;PowerPoint;Capacitación;35;4;Saturday
4292;42;35;2026-10-19;Presente;PowerPoint;10;Ana;Díaz;48356653;Villa Ojo de Agua;PowerPoint;Capacitación;35;10;Monday
4293;381;23;2026-04-15;Presente;Excel;4;Ana;Fernández;36634857;Pinto;Excel;Capacitación;38;4;Wednesday
4294;154;31;2026-04-19;Presente;Alfabetización Digital;4;Juan;Rojas;47875722;Sumampa;Alfabetización Digital;Capacitación;45;4;Sunday
4295;376;25;2026-06-12;Presente;PowerPoint;6;Luis;Pérez;38314458;Bandera;PowerPoint;Capacitación;25;6;Friday
4296;401;8;2026-07-12;Presente;Robótica;7;José;Martínez;41667360;Villa Ojo de Agua;Robótica;Capacitación;35;7;Sunday
4297;5;30;2026-07-26;Presente;Ciudadanía Digital;7;Pedro;Suárez;31889133;Sumampa;Ciudadanía Digital;Capacitación;33;7;Sunday
4298;225;15;2026-07-08;Presente;PowerPoint;7;Micaela;Rojas;32088417;Sumampa;PowerPoint;Capacitación;38;7;Wednesday
4299;296;5;2026-08-24;Presente;PowerPoint;8;Micaela;Torres;49602855;Sumampa;PowerPoint;Capacitación;34;8;Monday
4300;238;11;2026-01-27;Presente;Alfabetización Digital;1;José;Fernández;35580036;Bandera;Alfabetización Digital;Capacitación;44;1;Tuesday
4301;413;46;2026-09-18;Presente;Canva;9;Sofía;Pérez;41178938;Los Telares;Canva;Capacitación;35;9;Friday
4302;457;32;2026-09-15;Presente;Python;9;Ana;Suárez;41713496;Villa Ojo de Agua;Python;Capacitación;26;9;Tuesday
4303;61;24;2026-12-14;Presente;Word;12;Lucía;Torres;49381921;Los Telares;Word;Capacitación;23;12;Monday
4304;304;21;2026-05-13;Presente;Alfabetización Digital;5;Ana;Rodríguez;45714090;Sol de Julio;Alfabetización Digital;Capacitación;23;5;Wednesday
4305;160;20;2026-05-19;Presente;Ciudadanía Digital;5;Lucía;Gómez;49007647;Sol de Julio;Ciudadanía Digital;Capacitación;31;5;Tuesday
4306;48;2;2026-05-28;Presente;Python;5;Luis;Martínez;35327101;Villa Ojo de Agua;Python;Capacitación;21;5;Thursday
4307;62;35;2026-05-15;Presente;PowerPoint;5;Pedro;Gómez;37144438;Pinto;PowerPoint;Capacitación;35;5;Friday
4308;315;25;2026-11-20;Presente;PowerPoint;11;Pedro;Pérez;37932636;Pinto;PowerPoint;Capacitación;25;11;Friday
4309;284;21;2026-12-04;Presente;Alfabetización Digital;12;Juan;Suárez;38736630;Los Telares;Alfabetización Digital;Capacitación;23;12;Friday
4310;462;8;2026-04-16;Presente;Robótica;4;Sofía;Rojas;33581517;Sumampa;Robótica;Capacitación;35;4;Thursday
4311;318;3;2026-11-04;Presente;Excel;11;Sofía;Rodríguez;38110079;Villa Ojo de Agua;Excel;Capacitación;40;11;Wednesday
4312;133;37;2026-06-14;Presente;Marketing Digital;6;Juan;Rojas;45817015;Villa Ojo de Agua;Marketing Digital;Capacitación;26;6;Sunday
4313;102;28;2026-05-15;Presente;Robótica;5;Micaela;Díaz;41096482;Villa Ojo de Agua;Robótica;Capacitación;21;5;Friday
4314;315;13;2026-04-12;Presente;Excel;4;Pedro;Pérez;37932636;Pinto;Excel;Capacitación;25;4;Sunday
4315;479;28;2026-10-01;Presente;Robótica;10;Pedro;Rojas;33574026;Añatuya;Robótica;Capacitación;21;10;Thursday
4316;272;6;2026-11-02;Presente;Canva;11;Pedro;Rojas;43419469;Los Telares;Canva;Capacitación;43;11;Monday
4317;116;30;2026-05-11;Presente;Ciudadanía Digital;5;Ana;Martínez;43079622;Sumampa;Ciudadanía Digital;Capacitación;33;5;Monday
4318;300;7;2026-01-18;Presente;Marketing Digital;1;Micaela;Fernández;39906094;Sol de Julio;Marketing Digital;Capacitación;34;1;Sunday
4319;1;37;2026-05-21;Presente;Marketing Digital;5;Micaela;Torres;40859857;Villa Ojo de Agua;Marketing Digital;Capacitación;26;5;Thursday
4320;365;31;2026-06-20;Presente;Alfabetización Digital;6;Carlos;Rodríguez;44425040;Los Telares;Alfabetización Digital;Capacitación;45;6;Saturday
4321;384;27;2026-11-21;Presente;Marketing Digital;11;María;Pérez;34122685;Sumampa;Marketing Digital;Capacitación;38;11;Saturday
4322;163;13;2026-05-23;Presente;Excel;5;María;Martínez;46323459;Sumampa;Excel;Capacitación;25;5;Saturday
4323;42;15;2026-10-17;Presente;PowerPoint;10;Ana;Díaz;48356653;Villa Ojo de Agua;PowerPoint;Capacitación;38;10;Saturday
4324;178;43;2026-10-09;Presente;Excel;10;Ana;Torres;33676375;Añatuya;Excel;Capacitación;21;10;Friday
4325;75;43;2026-03-14;Presente;Excel;3;Lucía;Díaz;38616621;Bandera;Excel;Capacitación;21;3;Saturday
4326;302;12;2026-04-26;Presente;Python;4;Ana;Pérez;40043342;Villa Ojo de Agua;Python;Capacitación;35;4;Sunday
4327;326;19;2026-08-24;Presente;Impresión 3D;8;María;López;42038046;Sumampa;Impresión 3D;Capacitación;45;8;Monday
4328;498;45;2026-05-28;Presente;PowerPoint;5;María;López;40258060;Sol de Julio;PowerPoint;Capacitación;40;5;Thursday
4329;348;25;2026-04-11;Presente;PowerPoint;4;Ana;López;39751028;Los Telares;PowerPoint;Capacitación;25;4;Saturday
4330;348;17;2026-06-22;Presente;Marketing Digital;6;Ana;López;39751028;Los Telares;Marketing Digital;Capacitación;24;6;Monday
4331;278;36;2026-08-02;Presente;Canva;8;Pedro;Rodríguez;41561823;Bandera;Canva;Capacitación;20;8;Sunday
4332;442;39;2026-11-25;Presente;Impresión 3D;11;Ana;Rojas;44769108;Sumampa;Impresión 3D;Capacitación;25;11;Wednesday
4333;416;6;2026-04-28;Presente;Canva;4;María;Díaz;46685403;Bandera;Canva;Capacitación;43;4;Tuesday
4334;198;47;2026-11-01;Presente;Marketing Digital;11;Sofía;Torres;44508087;Pinto;Marketing Digital;Capacitación;33;11;Sunday
4335;234;14;2026-08-06;Presente;Word;8;Ana;Fernández;43013984;Pinto;Word;Capacitación;27;8;Thursday
4336;180;47;2026-03-13;Presente;Marketing Digital;3;Carlos;Rojas;32607251;Sol de Julio;Marketing Digital;Capacitación;33;3;Friday
4337;54;6;2026-05-04;Presente;Canva;5;Pedro;Martínez;48988061;Sol de Julio;Canva;Capacitación;43;5;Monday
4338;101;2;2026-08-03;Presente;Python;8;Micaela;Díaz;37475483;Bandera;Python;Capacitación;21;8;Monday
4339;235;29;2026-01-02;Presente;Impresión 3D;1;Carlos;Rojas;44594486;Pinto;Impresión 3D;Capacitación;39;1;Friday
4340;152;22;2026-03-06;Presente;Python;3;Lucía;Díaz;44200134;Añatuya;Python;Capacitación;36;3;Friday
4341;172;50;2026-05-06;Presente;Ciudadanía Digital;5;Ana;Rodríguez;31152932;Sumampa;Ciudadanía Digital;Capacitación;34;5;Wednesday
4342;188;50;2026-04-21;Presente;Ciudadanía Digital;4;Luis;Suárez;46669122;Sol de Julio;Ciudadanía Digital;Capacitación;34;4;Tuesday
4343;119;6;2026-08-27;Presente;Canva;8;Pedro;Martínez;47055400;Villa Ojo de Agua;Canva;Capacitación;43;8;Thursday
4344;219;34;2026-05-15;Presente;Word;5;María;Pérez;39897855;Sumampa;Word;Capacitación;47;5;Friday
4345;139;35;2026-09-15;Presente;PowerPoint;9;María;Rodríguez;35660678;Bandera;PowerPoint;Capacitación;35;9;Tuesday
4346;434;47;2026-10-27;Presente;Marketing Digital;10;María;Rodríguez;46599728;Añatuya;Marketing Digital;Capacitación;33;10;Tuesday
4347;109;37;2026-01-11;Presente;Marketing Digital;1;María;Fernández;46506589;Pinto;Marketing Digital;Capacitación;26;1;Sunday
4348;129;22;2026-12-01;Presente;Python;12;Ana;Díaz;42838150;Bandera;Python;Capacitación;36;12;Tuesday
4349;162;21;2026-04-14;Presente;Alfabetización Digital;4;Sofía;López;31438798;Pinto;Alfabetización Digital;Capacitación;23;4;Tuesday
4350;354;20;2026-06-23;Presente;Ciudadanía Digital;6;Carlos;Fernández;41969316;Pinto;Ciudadanía Digital;Capacitación;31;6;Tuesday
4351;396;13;2026-04-25;Presente;Excel;4;Juan;Fernández;44261434;Villa Ojo de Agua;Excel;Capacitación;25;4;Saturday
4352;346;22;2026-01-12;Presente;Python;1;Luis;Pérez;48962966;Sol de Julio;Python;Capacitación;36;1;Monday
4353;101;29;2026-03-10;Presente;Impresión 3D;3;Micaela;Díaz;37475483;Bandera;Impresión 3D;Capacitación;39;3;Tuesday
4354;241;15;2026-06-06;Presente;PowerPoint;6;Pedro;Gómez;49246247;Pinto;PowerPoint;Capacitación;38;6;Saturday
4355;56;28;2026-05-05;Presente;Robótica;5;Micaela;Pérez;39350398;Pinto;Robótica;Capacitación;21;5;Tuesday
4356;207;47;2026-11-03;Presente;Marketing Digital;11;Micaela;Pérez;39788688;Los Telares;Marketing Digital;Capacitación;33;11;Tuesday
4357;147;2;2026-01-10;Presente;Python;1;Luis;Fernández;41289440;Añatuya;Python;Capacitación;21;1;Saturday
4358;189;38;2026-11-26;Presente;Robótica;11;Luis;Gómez;46920536;Villa Ojo de Agua;Robótica;Capacitación;39;11;Thursday
4359;96;29;2026-10-14;Presente;Impresión 3D;10;José;López;45666620;Villa Ojo de Agua;Impresión 3D;Capacitación;39;10;Wednesday
4360;244;10;2026-04-24;Presente;Ciudadanía Digital;4;Micaela;Rodríguez;37687649;Sumampa;Ciudadanía Digital;Capacitación;31;4;Friday
4361;210;28;2026-01-21;Presente;Robótica;1;Pedro;Rojas;45951640;Bandera;Robótica;Capacitación;21;1;Wednesday
4362;53;42;2026-07-02;Presente;Python;7;Ana;Martínez;36212200;Sumampa;Python;Capacitación;29;7;Thursday
4363;298;15;2026-09-13;Presente;PowerPoint;9;Sofía;Rojas;30231951;Villa Ojo de Agua;PowerPoint;Capacitación;38;9;Sunday
4364;282;6;2026-12-16;Presente;Canva;12;Micaela;Fernández;49933289;Los Telares;Canva;Capacitación;43;12;Wednesday
4365;94;9;2026-11-17;Presente;Impresión 3D;11;Luis;Torres;33998465;Pinto;Impresión 3D;Capacitación;38;11;Tuesday
4366;237;31;2026-03-14;Presente;Alfabetización Digital;3;Pedro;López;35120078;Pinto;Alfabetización Digital;Capacitación;45;3;Saturday
4367;178;28;2026-01-05;Presente;Robótica;1;Ana;Torres;33676375;Añatuya;Robótica;Capacitación;21;1;Monday
4368;340;33;2026-12-02;Presente;Excel;12;Lucía;Díaz;41417859;Añatuya;Excel;Capacitación;24;12;Wednesday
4369;155;38;2026-02-27;Presente;Robótica;2;Micaela;Torres;40172077;Pinto;Robótica;Capacitación;39;2;Friday
4370;418;39;2026-11-13;Presente;Impresión 3D;11;Pedro;Gómez;30873779;Añatuya;Impresión 3D;Capacitación;25;11;Friday
4371;190;41;2026-09-15;Presente;Alfabetización Digital;9;Luis;Pérez;30869792;Villa Ojo de Agua;Alfabetización Digital;Capacitación;40;9;Tuesday
4372;229;25;2026-09-06;Presente;PowerPoint;9;María;Díaz;35622201;Sumampa;PowerPoint;Capacitación;25;9;Sunday
4373;333;13;2026-06-02;Presente;Excel;6;José;Gómez;46032769;Villa Ojo de Agua;Excel;Capacitación;25;6;Tuesday
4374;280;5;2026-03-17;Presente;PowerPoint;3;José;Rodríguez;47315975;Añatuya;PowerPoint;Capacitación;34;3;Tuesday
4375;51;10;2026-08-26;Presente;Ciudadanía Digital;8;José;Gómez;43837643;Los Telares;Ciudadanía Digital;Capacitación;31;8;Wednesday
4376;242;30;2026-03-09;Presente;Ciudadanía Digital;3;Pedro;Díaz;48631370;Los Telares;Ciudadanía Digital;Capacitación;33;3;Monday
4377;184;34;2026-05-01;Presente;Word;5;Luis;Martínez;48364429;Sol de Julio;Word;Capacitación;47;5;Friday
4378;94;8;2026-01-18;Presente;Robótica;1;Luis;Torres;33998465;Pinto;Robótica;Capacitación;35;1;Sunday
4379;249;1;2026-09-17;Presente;Alfabetización Digital;9;Lucía;Gómez;37456023;Villa Ojo de Agua;Alfabetización Digital;Capacitación;27;9;Thursday
4380;155;33;2026-11-19;Presente;Excel;11;Micaela;Torres;40172077;Pinto;Excel;Capacitación;24;11;Thursday
4381;21;5;2026-07-24;Presente;PowerPoint;7;Carlos;Martínez;33282689;Bandera;PowerPoint;Capacitación;34;7;Friday
4382;28;33;2026-05-12;Presente;Excel;5;José;Torres;41993868;Añatuya;Excel;Capacitación;24;5;Tuesday
4383;302;38;2026-08-02;Presente;Robótica;8;Ana;Pérez;40043342;Villa Ojo de Agua;Robótica;Capacitación;39;8;Sunday
4384;290;2;2026-07-18;Presente;Python;7;Sofía;Suárez;40676783;Sol de Julio;Python;Capacitación;21;7;Saturday
4385;370;24;2026-09-19;Presente;Word;9;José;Gómez;30716136;Los Telares;Word;Capacitación;23;9;Saturday
4386;437;49;2026-07-11;Presente;Impresión 3D;7;José;Fernández;43703622;Bandera;Impresión 3D;Capacitación;23;7;Saturday
4387;250;1;2026-01-23;Presente;Alfabetización Digital;1;Carlos;Pérez;41544808;Bandera;Alfabetización Digital;Capacitación;27;1;Friday
4388;331;10;2026-09-22;Presente;Ciudadanía Digital;9;María;Rodríguez;35098078;Añatuya;Ciudadanía Digital;Capacitación;31;9;Tuesday
4389;195;11;2026-06-15;Presente;Alfabetización Digital;6;Ana;Martínez;35333448;Pinto;Alfabetización Digital;Capacitación;44;6;Monday
4390;299;3;2026-03-22;Presente;Excel;3;María;Fernández;46089256;Villa Ojo de Agua;Excel;Capacitación;40;3;Sunday
4391;63;29;2026-04-12;Presente;Impresión 3D;4;Carlos;Gómez;45174934;Villa Ojo de Agua;Impresión 3D;Capacitación;39;4;Sunday
4392;14;22;2026-07-04;Presente;Python;7;Micaela;Díaz;38860550;Bandera;Python;Capacitación;36;7;Saturday
4393;476;35;2026-01-21;Presente;PowerPoint;1;Ana;Rojas;45760368;Sol de Julio;PowerPoint;Capacitación;35;1;Wednesday
4394;384;22;2026-04-02;Presente;Python;4;María;Pérez;34122685;Sumampa;Python;Capacitación;36;4;Thursday
4395;248;17;2026-09-03;Presente;Marketing Digital;9;Carlos;Torres;42912530;Los Telares;Marketing Digital;Capacitación;24;9;Thursday
4396;496;50;2026-09-08;Presente;Ciudadanía Digital;9;Lucía;Torres;39868335;Sol de Julio;Ciudadanía Digital;Capacitación;34;9;Tuesday
4397;256;35;2026-01-08;Presente;PowerPoint;1;Micaela;Suárez;36792821;Sumampa;PowerPoint;Capacitación;35;1;Thursday
4398;423;22;2026-05-24;Presente;Python;5;Micaela;Gómez;32455449;Sumampa;Python;Capacitación;36;5;Sunday
4399;42;31;2026-06-09;Presente;Alfabetización Digital;6;Ana;Díaz;48356653;Villa Ojo de Agua;Alfabetización Digital;Capacitación;45;6;Tuesday
4400;78;42;2026-03-16;Presente;Python;3;Carlos;Rodríguez;46539592;Los Telares;Python;Capacitación;29;3;Monday
4401;74;3;2026-02-04;Presente;Excel;2;Lucía;Suárez;43728390;Sumampa;Excel;Capacitación;40;2;Wednesday
4402;193;26;2026-08-14;Presente;Canva;8;Pedro;Díaz;31476908;Pinto;Canva;Capacitación;35;8;Friday
4403;280;40;2026-05-09;Presente;Ciudadanía Digital;5;José;Rodríguez;47315975;Añatuya;Ciudadanía Digital;Capacitación;38;5;Saturday
4404;122;48;2026-05-14;Presente;Robótica;5;José;Suárez;45134153;Bandera;Robótica;Capacitación;24;5;Thursday
4405;272;32;2026-05-07;Presente;Python;5;Pedro;Rojas;43419469;Los Telares;Python;Capacitación;26;5;Thursday
4406;203;41;2026-06-11;Presente;Alfabetización Digital;6;Carlos;Fernández;33291655;Sumampa;Alfabetización Digital;Capacitación;40;6;Thursday
4407;4;14;2026-04-23;Presente;Word;4;Sofía;Suárez;37031326;Sol de Julio;Word;Capacitación;27;4;Thursday
4408;225;15;2026-03-07;Presente;PowerPoint;3;Micaela;Rojas;32088417;Sumampa;PowerPoint;Capacitación;38;3;Saturday
4409;342;15;2026-11-13;Presente;PowerPoint;11;Ana;Fernández;33465896;Pinto;PowerPoint;Capacitación;38;11;Friday
4410;191;39;2026-02-21;Presente;Impresión 3D;2;Luis;Pérez;46541273;Los Telares;Impresión 3D;Capacitación;25;2;Saturday
4411;352;44;2026-01-26;Presente;Word;1;Sofía;Pérez;36753606;Sol de Julio;Word;Capacitación;47;1;Monday
4412;88;5;2026-11-18;Presente;PowerPoint;11;María;Suárez;31300286;Bandera;PowerPoint;Capacitación;34;11;Wednesday
4413;172;42;2026-09-20;Presente;Python;9;Ana;Rodríguez;31152932;Sumampa;Python;Capacitación;29;9;Sunday
4414;10;15;2026-09-18;Presente;PowerPoint;9;Carlos;Rodríguez;35055177;Villa Ojo de Agua;PowerPoint;Capacitación;38;9;Friday
4415;123;9;2026-01-10;Presente;Impresión 3D;1;Ana;Gómez;46780935;Añatuya;Impresión 3D;Capacitación;38;1;Saturday
4416;177;15;2026-12-04;Presente;PowerPoint;12;María;Díaz;42371436;Bandera;PowerPoint;Capacitación;38;12;Friday
4417;151;7;2026-08-04;Presente;Marketing Digital;8;Pedro;López;40456268;Villa Ojo de Agua;Marketing Digital;Capacitación;34;8;Tuesday
4418;348;16;2026-12-04;Presente;Canva;12;Ana;López;39751028;Los Telares;Canva;Capacitación;35;12;Friday
4419;332;39;2026-11-09;Presente;Impresión 3D;11;Pedro;López;32753926;Añatuya;Impresión 3D;Capacitación;25;11;Monday
4420;201;4;2026-10-09;Presente;Word;10;Micaela;Martínez;47985418;Villa Ojo de Agua;Word;Capacitación;46;10;Friday
4421;240;21;2026-05-06;Presente;Alfabetización Digital;5;Sofía;Rodríguez;39792286;Pinto;Alfabetización Digital;Capacitación;23;5;Wednesday
4422;367;26;2026-06-09;Presente;Canva;6;María;Díaz;48185595;Pinto;Canva;Capacitación;35;6;Tuesday
4423;269;42;2026-10-11;Presente;Python;10;Ana;Gómez;48931081;Sumampa;Python;Capacitación;29;10;Sunday
4424;118;39;2026-04-12;Presente;Impresión 3D;4;Juan;Suárez;46692486;Pinto;Impresión 3D;Capacitación;25;4;Sunday
4425;67;5;2026-03-01;Presente;PowerPoint;3;Micaela;Gómez;34772337;Los Telares;PowerPoint;Capacitación;34;3;Sunday
4426;304;25;2026-02-09;Presente;PowerPoint;2;Ana;Rodríguez;45714090;Sol de Julio;PowerPoint;Capacitación;25;2;Monday
4427;312;50;2026-09-04;Presente;Ciudadanía Digital;9;Pedro;López;35098302;Pinto;Ciudadanía Digital;Capacitación;34;9;Friday
4428;213;8;2026-11-09;Presente;Robótica;11;Ana;Fernández;37315167;Los Telares;Robótica;Capacitación;35;11;Monday
4429;203;32;2026-01-15;Presente;Python;1;Carlos;Fernández;33291655;Sumampa;Python;Capacitación;26;1;Thursday
4430;488;26;2026-09-13;Presente;Canva;9;Lucía;Pérez;34211259;Los Telares;Canva;Capacitación;35;9;Sunday
4431;199;36;2026-01-28;Presente;Canva;1;María;Gómez;35546411;Añatuya;Canva;Capacitación;20;1;Wednesday
4432;410;14;2026-02-21;Presente;Word;2;José;Suárez;46411337;Pinto;Word;Capacitación;27;2;Saturday
4433;223;8;2026-06-19;Presente;Robótica;6;Pedro;López;32163127;Los Telares;Robótica;Capacitación;35;6;Friday
4434;50;35;2026-10-28;Presente;PowerPoint;10;José;Suárez;43768738;Pinto;PowerPoint;Capacitación;35;10;Wednesday
4435;347;39;2026-10-25;Presente;Impresión 3D;10;Carlos;Gómez;34977791;Pinto;Impresión 3D;Capacitación;25;10;Sunday
4436;318;38;2026-12-02;Presente;Robótica;12;Sofía;Rodríguez;38110079;Villa Ojo de Agua;Robótica;Capacitación;39;12;Wednesday
4437;478;48;2026-08-25;Presente;Robótica;8;María;Suárez;47882212;Sol de Julio;Robótica;Capacitación;24;8;Tuesday
4438;352;33;2026-07-22;Presente;Excel;7;Sofía;Pérez;36753606;Sol de Julio;Excel;Capacitación;24;7;Wednesday
4439;409;20;2026-09-25;Presente;Ciudadanía Digital;9;Micaela;Suárez;41876724;Los Telares;Ciudadanía Digital;Capacitación;31;9;Friday
4440;140;5;2026-06-15;Presente;PowerPoint;6;Juan;Martínez;38947659;Bandera;PowerPoint;Capacitación;34;6;Monday
4441;441;33;2026-01-16;Presente;Excel;1;Sofía;Martínez;37199922;Sumampa;Excel;Capacitación;24;1;Friday
4442;483;20;2026-01-25;Presente;Ciudadanía Digital;1;Ana;Martínez;35624731;Añatuya;Ciudadanía Digital;Capacitación;31;1;Sunday
4443;228;30;2026-04-25;Presente;Ciudadanía Digital;4;Sofía;Fernández;38920308;Los Telares;Ciudadanía Digital;Capacitación;33;4;Saturday
4444;141;8;2026-07-18;Presente;Robótica;7;María;Pérez;45909630;Sol de Julio;Robótica;Capacitación;35;7;Saturday
4445;122;1;2026-02-02;Presente;Alfabetización Digital;2;José;Suárez;45134153;Bandera;Alfabetización Digital;Capacitación;27;2;Monday
4446;251;45;2026-11-01;Presente;PowerPoint;11;Pedro;López;35149474;Los Telares;PowerPoint;Capacitación;40;11;Sunday
4447;210;19;2026-04-25;Presente;Impresión 3D;4;Pedro;Rojas;45951640;Bandera;Impresión 3D;Capacitación;45;4;Saturday
4448;67;18;2026-09-24;Presente;Robótica;9;Micaela;Gómez;34772337;Los Telares;Robótica;Capacitación;36;9;Thursday
4449;252;5;2026-02-02;Presente;PowerPoint;2;María;Díaz;45615111;Bandera;PowerPoint;Capacitación;34;2;Monday
4450;315;8;2026-07-04;Presente;Robótica;7;Pedro;Pérez;37932636;Pinto;Robótica;Capacitación;35;7;Saturday
4451;134;15;2026-01-25;Presente;PowerPoint;1;Juan;Martínez;47882337;Añatuya;PowerPoint;Capacitación;38;1;Sunday
4452;358;19;2026-06-20;Presente;Impresión 3D;6;Luis;López;37137532;Los Telares;Impresión 3D;Capacitación;45;6;Saturday
4453;232;43;2026-04-02;Presente;Excel;4;Pedro;Gómez;31549216;Pinto;Excel;Capacitación;21;4;Thursday
4454;107;11;2026-01-28;Presente;Alfabetización Digital;1;Sofía;Gómez;43976159;Los Telares;Alfabetización Digital;Capacitación;44;1;Wednesday
4455;415;18;2026-06-06;Presente;Robótica;6;Carlos;López;30599507;Añatuya;Robótica;Capacitación;36;6;Saturday
4456;87;42;2026-09-07;Presente;Python;9;María;Suárez;31495043;Sol de Julio;Python;Capacitación;29;9;Monday
4457;16;2;2026-08-18;Presente;Python;8;Sofía;López;36987092;Villa Ojo de Agua;Python;Capacitación;21;8;Tuesday
4458;135;40;2026-10-01;Presente;Ciudadanía Digital;10;María;Rojas;48116206;Pinto;Ciudadanía Digital;Capacitación;38;10;Thursday
4459;221;12;2026-10-12;Presente;Python;10;Sofía;Suárez;36376999;Sumampa;Python;Capacitación;35;10;Monday
4460;188;46;2026-11-12;Presente;Canva;11;Luis;Suárez;46669122;Sol de Julio;Canva;Capacitación;35;11;Thursday
4461;302;30;2026-11-28;Presente;Ciudadanía Digital;11;Ana;Pérez;40043342;Villa Ojo de Agua;Ciudadanía Digital;Capacitación;33;11;Saturday
4462;411;41;2026-10-07;Presente;Alfabetización Digital;10;Carlos;Rodríguez;45145597;Villa Ojo de Agua;Alfabetización Digital;Capacitación;40;10;Wednesday
4463;451;35;2026-03-17;Presente;PowerPoint;3;Carlos;Rodríguez;40107712;Villa Ojo de Agua;PowerPoint;Capacitación;35;3;Tuesday
4464;41;3;2026-01-14;Presente;Excel;1;María;Torres;36741949;Bandera;Excel;Capacitación;40;1;Wednesday
4465;107;41;2026-10-13;Presente;Alfabetización Digital;10;Sofía;Gómez;43976159;Los Telares;Alfabetización Digital;Capacitación;40;10;Tuesday
4466;496;12;2026-08-20;Presente;Python;8;Lucía;Torres;39868335;Sol de Julio;Python;Capacitación;35;8;Thursday
4467;211;7;2026-03-22;Presente;Marketing Digital;3;Pedro;Rodríguez;41705443;Sol de Julio;Marketing Digital;Capacitación;34;3;Sunday
4468;173;40;2026-03-26;Presente;Ciudadanía Digital;3;María;Martínez;45185439;Villa Ojo de Agua;Ciudadanía Digital;Capacitación;38;3;Thursday
4469;384;44;2026-03-12;Presente;Word;3;María;Pérez;34122685;Sumampa;Word;Capacitación;47;3;Thursday
4470;303;38;2026-08-02;Presente;Robótica;8;Lucía;Torres;30623229;Sol de Julio;Robótica;Capacitación;39;8;Sunday
4471;172;36;2026-05-28;Presente;Canva;5;Ana;Rodríguez;31152932;Sumampa;Canva;Capacitación;20;5;Thursday
4472;468;38;2026-02-15;Presente;Robótica;2;Juan;Torres;47979558;Pinto;Robótica;Capacitación;39;2;Sunday
4473;263;15;2026-01-28;Presente;PowerPoint;1;Carlos;Fernández;47794091;Villa Ojo de Agua;PowerPoint;Capacitación;38;1;Wednesday
4474;302;26;2026-11-10;Presente;Canva;11;Ana;Pérez;40043342;Villa Ojo de Agua;Canva;Capacitación;35;11;Tuesday
4475;137;5;2026-03-14;Presente;PowerPoint;3;Sofía;López;38637807;Villa Ojo de Agua;PowerPoint;Capacitación;34;3;Saturday
4476;44;13;2026-04-05;Presente;Excel;4;Luis;López;30894205;Sol de Julio;Excel;Capacitación;25;4;Sunday
4477;408;2;2026-09-28;Presente;Python;9;Carlos;Fernández;33963718;Villa Ojo de Agua;Python;Capacitación;21;9;Monday
4478;49;46;2026-10-09;Presente;Canva;10;Pedro;Suárez;31247480;Villa Ojo de Agua;Canva;Capacitación;35;10;Friday
4479;449;28;2026-02-15;Presente;Robótica;2;Luis;Torres;33529199;Añatuya;Robótica;Capacitación;21;2;Sunday
4480;334;15;2026-04-28;Presente;PowerPoint;4;María;Rojas;35501674;Sol de Julio;PowerPoint;Capacitación;38;4;Tuesday
4481;119;28;2026-01-07;Presente;Robótica;1;Pedro;Martínez;47055400;Villa Ojo de Agua;Robótica;Capacitación;21;1;Wednesday
4482;407;13;2026-03-27;Presente;Excel;3;Juan;Rodríguez;48057128;Villa Ojo de Agua;Excel;Capacitación;25;3;Friday
4483;340;7;2026-08-23;Presente;Marketing Digital;8;Lucía;Díaz;41417859;Añatuya;Marketing Digital;Capacitación;34;8;Sunday
4484;462;23;2026-11-12;Presente;Excel;11;Sofía;Rojas;33581517;Sumampa;Excel;Capacitación;38;11;Thursday
4485;239;6;2026-12-16;Presente;Canva;12;Ana;Fernández;38205338;Sumampa;Canva;Capacitación;43;12;Wednesday
4486;270;22;2026-07-11;Presente;Python;7;Juan;Torres;40022026;Sol de Julio;Python;Capacitación;36;7;Saturday
4487;199;35;2026-06-01;Presente;PowerPoint;6;María;Gómez;35546411;Añatuya;PowerPoint;Capacitación;35;6;Monday
4488;86;44;2026-07-16;Presente;Word;7;Micaela;Torres;32077312;Añatuya;Word;Capacitación;47;7;Thursday
4489;355;33;2026-05-17;Presente;Excel;5;Luis;Rojas;47577462;Los Telares;Excel;Capacitación;24;5;Sunday
4490;193;46;2026-04-22;Presente;Canva;4;Pedro;Díaz;31476908;Pinto;Canva;Capacitación;35;4;Wednesday
4491;297;28;2026-04-12;Presente;Robótica;4;Juan;Pérez;40572288;Pinto;Robótica;Capacitación;21;4;Sunday
4492;202;6;2026-07-11;Presente;Canva;7;Micaela;Martínez;43918660;Sol de Julio;Canva;Capacitación;43;7;Saturday
4493;336;4;2026-08-06;Presente;Word;8;Lucía;Rodríguez;38467996;Bandera;Word;Capacitación;46;8;Thursday
4494;125;40;2026-08-03;Presente;Ciudadanía Digital;8;Ana;Rojas;30965910;Sol de Julio;Ciudadanía Digital;Capacitación;38;8;Monday
4495;141;3;2026-09-24;Presente;Excel;9;María;Pérez;45909630;Sol de Julio;Excel;Capacitación;40;9;Thursday
4496;194;36;2026-06-14;Presente;Canva;6;Pedro;Torres;41071021;Villa Ojo de Agua;Canva;Capacitación;20;6;Sunday
4497;497;26;2026-09-03;Presente;Canva;9;Lucía;López;46630688;Añatuya;Canva;Capacitación;35;9;Thursday
4498;260;9;2026-02-14;Presente;Impresión 3D;2;Pedro;Fernández;47075409;Sumampa;Impresión 3D;Capacitación;38;2;Saturday
4499;444;36;2026-09-27;Presente;Canva;9;Micaela;Fernández;46158675;Añatuya;Canva;Capacitación;20;9;Sunday
4500;211;5;2026-07-19;Presente;PowerPoint;7;Pedro;Rodríguez;41705443;Sol de Julio;PowerPoint;Capacitación;34;7;Sunday
4501;419;33;2026-08-21;Presente;Excel;8;Luis;López;37308945;Bandera;Excel;Capacitación;24;8;Friday
4502;467;19;2026-08-22;Presente;Impresión 3D;8;Lucía;Martínez;36066051;Villa Ojo de Agua;Impresión 3D;Capacitación;45;8;Saturday
4503;240;20;2026-12-10;Presente;Ciudadanía Digital;12;Sofía;Rodríguez;39792286;Pinto;Ciudadanía Digital;Capacitación;31;12;Thursday
4504;214;26;2026-12-26;Presente;Canva;12;José;Suárez;30991429;Los Telares;Canva;Capacitación;35;12;Saturday
4505;200;32;2026-08-25;Presente;Python;8;Sofía;Torres;49051094;Sol de Julio;Python;Capacitación;26;8;Tuesday
4506;16;44;2026-10-24;Presente;Word;10;Sofía;López;36987092;Villa Ojo de Agua;Word;Capacitación;47;10;Saturday
4507;372;28;2026-12-26;Presente;Robótica;12;Ana;Torres;45422344;Los Telares;Robótica;Capacitación;21;12;Saturday
4508;154;9;2026-05-14;Presente;Impresión 3D;5;Juan;Rojas;47875722;Sumampa;Impresión 3D;Capacitación;38;5;Thursday
4509;135;38;2026-05-05;Presente;Robótica;5;María;Rojas;48116206;Pinto;Robótica;Capacitación;39;5;Tuesday
4510;61;40;2026-10-18;Presente;Ciudadanía Digital;10;Lucía;Torres;49381921;Los Telares;Ciudadanía Digital;Capacitación;38;10;Sunday
4511;463;37;2026-07-21;Presente;Marketing Digital;7;Sofía;Suárez;48624116;Sumampa;Marketing Digital;Capacitación;26;7;Tuesday
4512;340;5;2026-04-02;Presente;PowerPoint;4;Lucía;Díaz;41417859;Añatuya;PowerPoint;Capacitación;34;4;Thursday
4513;350;50;2026-06-16;Presente;Ciudadanía Digital;6;Carlos;López;48211342;Villa Ojo de Agua;Ciudadanía Digital;Capacitación;34;6;Tuesday
4514;98;47;2026-04-08;Presente;Marketing Digital;4;Sofía;Martínez;40269401;Villa Ojo de Agua;Marketing Digital;Capacitación;33;4;Wednesday
4515;294;47;2026-03-07;Presente;Marketing Digital;3;Luis;Suárez;41259253;Los Telares;Marketing Digital;Capacitación;33;3;Saturday
4516;83;35;2026-11-11;Presente;PowerPoint;11;María;Suárez;45645293;Bandera;PowerPoint;Capacitación;35;11;Wednesday
4517;142;41;2026-03-14;Presente;Alfabetización Digital;3;Lucía;Rodríguez;34191704;Añatuya;Alfabetización Digital;Capacitación;40;3;Saturday
4518;407;14;2026-11-08;Presente;Word;11;Juan;Rodríguez;48057128;Villa Ojo de Agua;Word;Capacitación;27;11;Sunday
4519;157;45;2026-01-27;Presente;PowerPoint;1;José;Gómez;37717966;Bandera;PowerPoint;Capacitación;40;1;Tuesday
4520;245;27;2026-04-01;Presente;Marketing Digital;4;Juan;Torres;39038369;Villa Ojo de Agua;Marketing Digital;Capacitación;38;4;Wednesday
4521;451;11;2026-06-16;Presente;Alfabetización Digital;6;Carlos;Rodríguez;40107712;Villa Ojo de Agua;Alfabetización Digital;Capacitación;44;6;Tuesday
4522;105;17;2026-01-23;Presente;Marketing Digital;1;Pedro;Suárez;46677715;Añatuya;Marketing Digital;Capacitación;24;1;Friday
4523;451;2;2026-06-24;Presente;Python;6;Carlos;Rodríguez;40107712;Villa Ojo de Agua;Python;Capacitación;21;6;Wednesday
4524;301;25;2026-11-10;Presente;PowerPoint;11;Pedro;Martínez;39980199;Pinto;PowerPoint;Capacitación;25;11;Tuesday
4525;74;22;2026-12-28;Presente;Python;12;Lucía;Suárez;43728390;Sumampa;Python;Capacitación;36;12;Monday
4526;37;45;2026-02-05;Presente;PowerPoint;2;José;Martínez;39708105;Villa Ojo de Agua;PowerPoint;Capacitación;40;2;Thursday
4527;472;30;2026-07-18;Presente;Ciudadanía Digital;7;Luis;Díaz;40997777;Añatuya;Ciudadanía Digital;Capacitación;33;7;Saturday
4528;485;37;2026-07-17;Presente;Marketing Digital;7;Carlos;Rodríguez;31215637;Añatuya;Marketing Digital;Capacitación;26;7;Friday
4529;210;30;2026-10-05;Presente;Ciudadanía Digital;10;Pedro;Rojas;45951640;Bandera;Ciudadanía Digital;Capacitación;33;10;Monday
4530;355;20;2026-08-14;Presente;Ciudadanía Digital;8;Luis;Rojas;47577462;Los Telares;Ciudadanía Digital;Capacitación;31;8;Friday
4531;432;50;2026-06-25;Presente;Ciudadanía Digital;6;Carlos;Fernández;36850633;Pinto;Ciudadanía Digital;Capacitación;34;6;Thursday
4532;68;8;2026-05-12;Presente;Robótica;5;Ana;Suárez;38323344;Sol de Julio;Robótica;Capacitación;35;5;Tuesday
4533;89;9;2026-03-11;Presente;Impresión 3D;3;Lucía;Suárez;36241397;Sol de Julio;Impresión 3D;Capacitación;38;3;Wednesday
4534;408;27;2026-05-09;Presente;Marketing Digital;5;Carlos;Fernández;33963718;Villa Ojo de Agua;Marketing Digital;Capacitación;38;5;Saturday
4535;180;11;2026-03-10;Presente;Alfabetización Digital;3;Carlos;Rojas;32607251;Sol de Julio;Alfabetización Digital;Capacitación;44;3;Tuesday
4536;239;37;2026-12-13;Presente;Marketing Digital;12;Ana;Fernández;38205338;Sumampa;Marketing Digital;Capacitación;26;12;Sunday
4537;495;32;2026-04-03;Presente;Python;4;Sofía;López;46575642;Añatuya;Python;Capacitación;26;4;Friday
4538;162;34;2026-08-23;Presente;Word;8;Sofía;López;31438798;Pinto;Word;Capacitación;47;8;Sunday
4539;33;11;2026-08-09;Presente;Alfabetización Digital;8;Carlos;Torres;41233149;Sol de Julio;Alfabetización Digital;Capacitación;44;8;Sunday
4540;494;43;2026-06-27;Presente;Excel;6;Juan;Díaz;31509226;Los Telares;Excel;Capacitación;21;6;Saturday
4541;301;19;2026-12-16;Presente;Impresión 3D;12;Pedro;Martínez;39980199;Pinto;Impresión 3D;Capacitación;45;12;Wednesday
4542;14;29;2026-03-01;Presente;Impresión 3D;3;Micaela;Díaz;38860550;Bandera;Impresión 3D;Capacitación;39;3;Sunday
4543;301;27;2026-10-24;Presente;Marketing Digital;10;Pedro;Martínez;39980199;Pinto;Marketing Digital;Capacitación;38;10;Saturday
4544;68;36;2026-10-03;Presente;Canva;10;Ana;Suárez;38323344;Sol de Julio;Canva;Capacitación;20;10;Saturday
4545;88;20;2026-09-04;Presente;Ciudadanía Digital;9;María;Suárez;31300286;Bandera;Ciudadanía Digital;Capacitación;31;9;Friday
4546;17;35;2026-09-16;Presente;PowerPoint;9;María;Martínez;33869334;Los Telares;PowerPoint;Capacitación;35;9;Wednesday
4547;7;14;2026-08-12;Presente;Word;8;Micaela;Gómez;46109116;Sumampa;Word;Capacitación;27;8;Wednesday
4548;120;39;2026-11-19;Presente;Impresión 3D;11;Lucía;Gómez;45143697;Villa Ojo de Agua;Impresión 3D;Capacitación;25;11;Thursday
4549;384;33;2026-09-09;Presente;Excel;9;María;Pérez;34122685;Sumampa;Excel;Capacitación;24;9;Wednesday
4550;324;31;2026-05-03;Presente;Alfabetización Digital;5;Lucía;Gómez;49663983;Bandera;Alfabetización Digital;Capacitación;45;5;Sunday
4551;268;38;2026-12-25;Presente;Robótica;12;Carlos;López;41336292;Bandera;Robótica;Capacitación;39;12;Friday
4552;434;7;2026-06-04;Presente;Marketing Digital;6;María;Rodríguez;46599728;Añatuya;Marketing Digital;Capacitación;34;6;Thursday
4553;230;31;2026-02-19;Presente;Alfabetización Digital;2;Carlos;López;47887991;Sol de Julio;Alfabetización Digital;Capacitación;45;2;Thursday
4554;367;29;2026-08-03;Presente;Impresión 3D;8;María;Díaz;48185595;Pinto;Impresión 3D;Capacitación;39;8;Monday
4555;391;20;2026-12-11;Presente;Ciudadanía Digital;12;José;Suárez;41104814;Añatuya;Ciudadanía Digital;Capacitación;31;12;Friday
4556;492;38;2026-04-03;Presente;Robótica;4;Micaela;Torres;42487463;Los Telares;Robótica;Capacitación;39;4;Friday
4557;154;16;2026-12-26;Presente;Canva;12;Juan;Rojas;47875722;Sumampa;Canva;Capacitación;35;12;Saturday
4558;359;36;2026-06-08;Presente;Canva;6;Sofía;Rojas;32790056;Sol de Julio;Canva;Capacitación;20;6;Monday
4559;273;47;2026-09-17;Presente;Marketing Digital;9;Luis;Torres;39076920;Bandera;Marketing Digital;Capacitación;33;9;Thursday
4560;410;21;2026-01-22;Presente;Alfabetización Digital;1;José;Suárez;46411337;Pinto;Alfabetización Digital;Capacitación;23;1;Thursday
4561;220;43;2026-04-26;Presente;Excel;4;Ana;Martínez;45742770;Los Telares;Excel;Capacitación;21;4;Sunday
4562;202;33;2026-06-22;Presente;Excel;6;Micaela;Martínez;43918660;Sol de Julio;Excel;Capacitación;24;6;Monday
4563;441;43;2026-10-02;Presente;Excel;10;Sofía;Martínez;37199922;Sumampa;Excel;Capacitación;21;10;Friday
4564;240;7;2026-07-14;Presente;Marketing Digital;7;Sofía;Rodríguez;39792286;Pinto;Marketing Digital;Capacitación;34;7;Tuesday
4565;155;23;2026-05-07;Presente;Excel;5;Micaela;Torres;40172077;Pinto;Excel;Capacitación;38;5;Thursday
4566;98;12;2026-01-27;Presente;Python;1;Sofía;Martínez;40269401;Villa Ojo de Agua;Python;Capacitación;35;1;Tuesday
4567;81;6;2026-08-08;Presente;Canva;8;Ana;Rojas;41151090;Bandera;Canva;Capacitación;43;8;Saturday
4568;191;50;2026-12-04;Presente;Ciudadanía Digital;12;Luis;Pérez;46541273;Los Telares;Ciudadanía Digital;Capacitación;34;12;Friday
4569;349;9;2026-03-08;Presente;Impresión 3D;3;Pedro;López;34660024;Añatuya;Impresión 3D;Capacitación;38;3;Sunday
4570;365;22;2026-09-26;Presente;Python;9;Carlos;Rodríguez;44425040;Los Telares;Python;Capacitación;36;9;Saturday
4571;29;30;2026-07-07;Presente;Ciudadanía Digital;7;Juan;Pérez;43363767;Villa Ojo de Agua;Ciudadanía Digital;Capacitación;33;7;Tuesday
4572;416;34;2026-10-04;Presente;Word;10;María;Díaz;46685403;Bandera;Word;Capacitación;47;10;Sunday
4573;413;39;2026-04-15;Presente;Impresión 3D;4;Sofía;Pérez;41178938;Los Telares;Impresión 3D;Capacitación;25;4;Wednesday
4574;18;42;2026-06-02;Presente;Python;6;Ana;Rodríguez;42801168;Añatuya;Python;Capacitación;29;6;Tuesday
4575;359;37;2026-08-19;Presente;Marketing Digital;8;Sofía;Rojas;32790056;Sol de Julio;Marketing Digital;Capacitación;26;8;Wednesday
4576;175;16;2026-02-18;Presente;Canva;2;Carlos;Rodríguez;30196596;Villa Ojo de Agua;Canva;Capacitación;35;2;Wednesday
4577;40;28;2026-01-24;Presente;Robótica;1;Sofía;Rojas;44998060;Sol de Julio;Robótica;Capacitación;21;1;Saturday
4578;53;5;2026-07-14;Presente;PowerPoint;7;Ana;Martínez;36212200;Sumampa;PowerPoint;Capacitación;34;7;Tuesday
4579;439;1;2026-08-21;Presente;Alfabetización Digital;8;Juan;Pérez;49757007;Bandera;Alfabetización Digital;Capacitación;27;8;Friday
4580;489;47;2026-04-01;Presente;Marketing Digital;4;María;López;42651426;Sol de Julio;Marketing Digital;Capacitación;33;4;Wednesday
4581;186;38;2026-06-25;Presente;Robótica;6;José;Pérez;33334532;Villa Ojo de Agua;Robótica;Capacitación;39;6;Thursday
4582;38;13;2026-08-21;Presente;Excel;8;Lucía;Fernández;34774425;Añatuya;Excel;Capacitación;25;8;Friday
4583;221;1;2026-10-02;Presente;Alfabetización Digital;10;Sofía;Suárez;36376999;Sumampa;Alfabetización Digital;Capacitación;27;10;Friday
4584;434;35;2026-03-23;Presente;PowerPoint;3;María;Rodríguez;46599728;Añatuya;PowerPoint;Capacitación;35;3;Monday
4585;35;25;2026-09-25;Presente;PowerPoint;9;Micaela;López;49948639;Villa Ojo de Agua;PowerPoint;Capacitación;25;9;Friday
4586;330;14;2026-03-05;Presente;Word;3;Sofía;Fernández;49387781;Sumampa;Word;Capacitación;27;3;Thursday
4587;188;13;2026-08-22;Presente;Excel;8;Luis;Suárez;46669122;Sol de Julio;Excel;Capacitación;25;8;Saturday
4588;46;27;2026-12-01;Presente;Marketing Digital;12;Micaela;Gómez;36582935;Sumampa;Marketing Digital;Capacitación;38;12;Tuesday
4589;184;11;2026-05-08;Presente;Alfabetización Digital;5;Luis;Martínez;48364429;Sol de Julio;Alfabetización Digital;Capacitación;44;5;Friday
4590;325;26;2026-11-26;Presente;Canva;11;Lucía;Fernández;48684879;Sumampa;Canva;Capacitación;35;11;Thursday
4591;192;24;2026-10-13;Presente;Word;10;José;Gómez;39234977;Sol de Julio;Word;Capacitación;23;10;Tuesday
4592;309;12;2026-05-11;Presente;Python;5;Juan;López;36349213;Sumampa;Python;Capacitación;35;5;Monday
4593;89;10;2026-03-22;Presente;Ciudadanía Digital;3;Lucía;Suárez;36241397;Sol de Julio;Ciudadanía Digital;Capacitación;31;3;Sunday
4594;413;16;2026-01-17;Presente;Canva;1;Sofía;Pérez;41178938;Los Telares;Canva;Capacitación;35;1;Saturday
4595;16;36;2026-02-17;Presente;Canva;2;Sofía;López;36987092;Villa Ojo de Agua;Canva;Capacitación;20;2;Tuesday
4596;254;36;2026-11-09;Presente;Canva;11;María;Rodríguez;40625922;Sol de Julio;Canva;Capacitación;20;11;Monday
4597;64;30;2026-03-14;Presente;Ciudadanía Digital;3;Juan;Díaz;36464683;Sol de Julio;Ciudadanía Digital;Capacitación;33;3;Saturday
4598;366;14;2026-02-26;Presente;Word;2;Lucía;Torres;31587109;Villa Ojo de Agua;Word;Capacitación;27;2;Thursday
4599;295;16;2026-01-17;Presente;Canva;1;Sofía;Torres;49429261;Los Telares;Canva;Capacitación;35;1;Saturday
4600;395;41;2026-08-04;Presente;Alfabetización Digital;8;Micaela;Rodríguez;49586214;Sol de Julio;Alfabetización Digital;Capacitación;40;8;Tuesday
4601;315;1;2026-04-12;Presente;Alfabetización Digital;4;Pedro;Pérez;37932636;Pinto;Alfabetización Digital;Capacitación;27;4;Sunday
4602;366;14;2026-04-21;Presente;Word;4;Lucía;Torres;31587109;Villa Ojo de Agua;Word;Capacitación;27;4;Tuesday
4603;414;8;2026-10-11;Presente;Robótica;10;Juan;Rojas;39781917;Villa Ojo de Agua;Robótica;Capacitación;35;10;Sunday
4604;258;35;2026-12-21;Presente;PowerPoint;12;Luis;Martínez;43017061;Sumampa;PowerPoint;Capacitación;35;12;Monday
4605;143;34;2026-06-20;Presente;Word;6;José;Martínez;33418383;Bandera;Word;Capacitación;47;6;Saturday
4606;146;31;2026-10-15;Presente;Alfabetización Digital;10;Lucía;Torres;38356319;Bandera;Alfabetización Digital;Capacitación;45;10;Thursday
4607;135;2;2026-02-04;Presente;Python;2;María;Rojas;48116206;Pinto;Python;Capacitación;21;2;Wednesday
4608;19;39;2026-05-02;Presente;Impresión 3D;5;José;Suárez;40104801;Sol de Julio;Impresión 3D;Capacitación;25;5;Saturday
4609;481;6;2026-06-06;Presente;Canva;6;Micaela;Rodríguez;45424992;Villa Ojo de Agua;Canva;Capacitación;43;6;Saturday
4610;253;28;2026-07-28;Presente;Robótica;7;Sofía;Martínez;33035713;Villa Ojo de Agua;Robótica;Capacitación;21;7;Tuesday
4611;84;50;2026-05-26;Presente;Ciudadanía Digital;5;Lucía;Torres;46549767;Villa Ojo de Agua;Ciudadanía Digital;Capacitación;34;5;Tuesday
4612;161;45;2026-09-18;Presente;PowerPoint;9;Carlos;Fernández;30585216;Villa Ojo de Agua;PowerPoint;Capacitación;40;9;Friday
4613;288;26;2026-05-03;Presente;Canva;5;Juan;Rodríguez;31637217;Añatuya;Canva;Capacitación;35;5;Sunday
4614;394;47;2026-01-15;Presente;Marketing Digital;1;Micaela;Rodríguez;41192047;Sumampa;Marketing Digital;Capacitación;33;1;Thursday
4615;371;39;2026-10-04;Presente;Impresión 3D;10;José;Rodríguez;38671319;Villa Ojo de Agua;Impresión 3D;Capacitación;25;10;Sunday
4616;67;15;2026-05-28;Presente;PowerPoint;5;Micaela;Gómez;34772337;Los Telares;PowerPoint;Capacitación;38;5;Thursday
4617;408;14;2026-03-13;Presente;Word;3;Carlos;Fernández;33963718;Villa Ojo de Agua;Word;Capacitación;27;3;Friday
4618;328;36;2026-12-27;Presente;Canva;12;Carlos;Gómez;36118998;Villa Ojo de Agua;Canva;Capacitación;20;12;Sunday
4619;330;29;2026-06-11;Presente;Impresión 3D;6;Sofía;Fernández;49387781;Sumampa;Impresión 3D;Capacitación;39;6;Thursday
4620;357;45;2026-05-09;Presente;PowerPoint;5;Pedro;López;49127886;Sumampa;PowerPoint;Capacitación;40;5;Saturday
4621;488;38;2026-06-21;Presente;Robótica;6;Lucía;Pérez;34211259;Los Telares;Robótica;Capacitación;39;6;Sunday
4622;29;49;2026-04-18;Presente;Impresión 3D;4;Juan;Pérez;43363767;Villa Ojo de Agua;Impresión 3D;Capacitación;23;4;Saturday
4623;458;18;2026-12-13;Presente;Robótica;12;Micaela;Fernández;39265777;Sol de Julio;Robótica;Capacitación;36;12;Sunday
4624;78;39;2026-11-02;Presente;Impresión 3D;11;Carlos;Rodríguez;46539592;Los Telares;Impresión 3D;Capacitación;25;11;Monday
4625;488;32;2026-05-12;Presente;Python;5;Lucía;Pérez;34211259;Los Telares;Python;Capacitación;26;5;Tuesday
4626;85;16;2026-06-07;Presente;Canva;6;Lucía;Díaz;34800578;Sol de Julio;Canva;Capacitación;35;6;Sunday
4627;256;24;2026-02-16;Presente;Word;2;Micaela;Suárez;36792821;Sumampa;Word;Capacitación;23;2;Monday
4628;490;25;2026-01-25;Presente;PowerPoint;1;Luis;Fernández;34322199;Villa Ojo de Agua;PowerPoint;Capacitación;25;1;Sunday
4629;109;5;2026-10-10;Presente;PowerPoint;10;María;Fernández;46506589;Pinto;PowerPoint;Capacitación;34;10;Saturday
4630;447;36;2026-12-22;Presente;Canva;12;Ana;Fernández;38101523;Pinto;Canva;Capacitación;20;12;Tuesday
4631;392;23;2026-09-21;Presente;Excel;9;José;López;47560747;Añatuya;Excel;Capacitación;38;9;Monday
4632;307;12;2026-11-16;Presente;Python;11;Sofía;Martínez;37509083;Añatuya;Python;Capacitación;35;11;Monday
4633;444;33;2026-04-23;Presente;Excel;4;Micaela;Fernández;46158675;Añatuya;Excel;Capacitación;24;4;Thursday
4634;273;17;2026-05-17;Presente;Marketing Digital;5;Luis;Torres;39076920;Bandera;Marketing Digital;Capacitación;24;5;Sunday
4635;462;35;2026-10-11;Presente;PowerPoint;10;Sofía;Rojas;33581517;Sumampa;PowerPoint;Capacitación;35;10;Sunday
4636;493;4;2026-11-17;Presente;Word;11;Carlos;Fernández;31454887;Villa Ojo de Agua;Word;Capacitación;46;11;Tuesday
4637;15;50;2026-10-17;Presente;Ciudadanía Digital;10;María;Torres;45981305;Añatuya;Ciudadanía Digital;Capacitación;34;10;Saturday
4638;55;38;2026-11-27;Presente;Robótica;11;Pedro;Fernández;32954267;Sumampa;Robótica;Capacitación;39;11;Friday
4639;175;42;2026-03-03;Presente;Python;3;Carlos;Rodríguez;30196596;Villa Ojo de Agua;Python;Capacitación;29;3;Tuesday
4640;92;4;2026-12-26;Presente;Word;12;María;Díaz;47353267;Pinto;Word;Capacitación;46;12;Saturday
4641;254;2;2026-03-13;Presente;Python;3;María;Rodríguez;40625922;Sol de Julio;Python;Capacitación;21;3;Friday
4642;194;48;2026-06-28;Presente;Robótica;6;Pedro;Torres;41071021;Villa Ojo de Agua;Robótica;Capacitación;24;6;Sunday
4643;78;17;2026-11-21;Presente;Marketing Digital;11;Carlos;Rodríguez;46539592;Los Telares;Marketing Digital;Capacitación;24;11;Saturday
4644;445;30;2026-03-17;Presente;Ciudadanía Digital;3;Lucía;López;37276131;Sol de Julio;Ciudadanía Digital;Capacitación;33;3;Tuesday
4645;314;33;2026-08-06;Presente;Excel;8;Luis;López;33954006;Bandera;Excel;Capacitación;24;8;Thursday
4646;381;23;2026-07-03;Presente;Excel;7;Ana;Fernández;36634857;Pinto;Excel;Capacitación;38;7;Friday
4647;179;15;2026-03-01;Presente;PowerPoint;3;Pedro;Díaz;45316320;Los Telares;PowerPoint;Capacitación;38;3;Sunday
4648;250;36;2026-04-16;Presente;Canva;4;Carlos;Pérez;41544808;Bandera;Canva;Capacitación;20;4;Thursday
4649;360;3;2026-09-12;Presente;Excel;9;Micaela;Torres;47175104;Añatuya;Excel;Capacitación;40;9;Saturday
4650;217;23;2026-08-17;Presente;Excel;8;Pedro;Rodríguez;37113577;Añatuya;Excel;Capacitación;38;8;Monday
4651;210;47;2026-08-09;Presente;Marketing Digital;8;Pedro;Rojas;45951640;Bandera;Marketing Digital;Capacitación;33;8;Sunday
4652;396;34;2026-02-21;Presente;Word;2;Juan;Fernández;44261434;Villa Ojo de Agua;Word;Capacitación;47;2;Saturday
4653;369;36;2026-07-25;Presente;Canva;7;José;Torres;43632221;Bandera;Canva;Capacitación;20;7;Saturday
4654;493;11;2026-11-04;Presente;Alfabetización Digital;11;Carlos;Fernández;31454887;Villa Ojo de Agua;Alfabetización Digital;Capacitación;44;11;Wednesday
4655;284;2;2026-01-01;Presente;Python;1;Juan;Suárez;38736630;Los Telares;Python;Capacitación;21;1;Thursday
4656;114;19;2026-10-12;Presente;Impresión 3D;10;Sofía;Pérez;31024301;Pinto;Impresión 3D;Capacitación;45;10;Monday
4657;155;29;2026-05-23;Presente;Impresión 3D;5;Micaela;Torres;40172077;Pinto;Impresión 3D;Capacitación;39;5;Saturday
4658;222;14;2026-07-13;Presente;Word;7;María;Torres;49242631;Sol de Julio;Word;Capacitación;27;7;Monday
4659;368;19;2026-08-18;Presente;Impresión 3D;8;Pedro;Torres;45773353;Bandera;Impresión 3D;Capacitación;45;8;Tuesday
4660;451;49;2026-07-10;Presente;Impresión 3D;7;Carlos;Rodríguez;40107712;Villa Ojo de Agua;Impresión 3D;Capacitación;23;7;Friday
4661;493;14;2026-05-16;Presente;Word;5;Carlos;Fernández;31454887;Villa Ojo de Agua;Word;Capacitación;27;5;Saturday
4662;93;16;2026-04-19;Presente;Canva;4;Lucía;Pérez;42185537;Villa Ojo de Agua;Canva;Capacitación;35;4;Sunday
4663;7;8;2026-05-20;Presente;Robótica;5;Micaela;Gómez;46109116;Sumampa;Robótica;Capacitación;35;5;Wednesday
4664;180;36;2026-01-22;Presente;Canva;1;Carlos;Rojas;32607251;Sol de Julio;Canva;Capacitación;20;1;Thursday
4665;215;10;2026-10-14;Presente;Ciudadanía Digital;10;José;Rojas;36611779;Sol de Julio;Ciudadanía Digital;Capacitación;31;10;Wednesday
4666;457;12;2026-03-23;Presente;Python;3;Ana;Suárez;41713496;Villa Ojo de Agua;Python;Capacitación;35;3;Monday
4667;404;8;2026-12-12;Presente;Robótica;12;María;López;37032574;Bandera;Robótica;Capacitación;35;12;Saturday
4668;383;32;2026-05-26;Presente;Python;5;Juan;Torres;46825965;Pinto;Python;Capacitación;26;5;Tuesday
4669;24;38;2026-04-11;Presente;Robótica;4;Pedro;Suárez;47273973;Bandera;Robótica;Capacitación;39;4;Saturday
4670;93;37;2026-08-09;Presente;Marketing Digital;8;Lucía;Pérez;42185537;Villa Ojo de Agua;Marketing Digital;Capacitación;26;8;Sunday
4671;313;49;2026-04-02;Presente;Impresión 3D;4;Juan;López;47027313;Pinto;Impresión 3D;Capacitación;23;4;Thursday
4672;409;43;2026-09-06;Presente;Excel;9;Micaela;Suárez;41876724;Los Telares;Excel;Capacitación;21;9;Sunday
4673;237;28;2026-12-04;Presente;Robótica;12;Pedro;López;35120078;Pinto;Robótica;Capacitación;21;12;Friday
4674;209;31;2026-01-23;Presente;Alfabetización Digital;1;Lucía;Pérez;37902891;Villa Ojo de Agua;Alfabetización Digital;Capacitación;45;1;Friday
4675;110;32;2026-09-05;Presente;Python;9;Micaela;Gómez;46646841;Sumampa;Python;Capacitación;26;9;Saturday
4676;76;23;2026-02-05;Presente;Excel;2;Ana;Rojas;37056763;Pinto;Excel;Capacitación;38;2;Thursday
4677;321;37;2026-06-18;Presente;Marketing Digital;6;Sofía;Díaz;32260564;Los Telares;Marketing Digital;Capacitación;26;6;Thursday
4678;28;29;2026-02-09;Presente;Impresión 3D;2;José;Torres;41993868;Añatuya;Impresión 3D;Capacitación;39;2;Monday
4679;128;28;2026-09-05;Presente;Robótica;9;Lucía;Torres;36453798;Villa Ojo de Agua;Robótica;Capacitación;21;9;Saturday
4680;380;14;2026-12-23;Presente;Word;12;María;López;49506471;Los Telares;Word;Capacitación;27;12;Wednesday
4681;141;15;2026-01-16;Presente;PowerPoint;1;María;Pérez;45909630;Sol de Julio;PowerPoint;Capacitación;38;1;Friday
4682;428;43;2026-12-11;Presente;Excel;12;Pedro;Pérez;42589884;Añatuya;Excel;Capacitación;21;12;Friday
4683;447;13;2026-01-17;Presente;Excel;1;Ana;Fernández;38101523;Pinto;Excel;Capacitación;25;1;Saturday
4684;188;19;2026-09-14;Presente;Impresión 3D;9;Luis;Suárez;46669122;Sol de Julio;Impresión 3D;Capacitación;45;9;Monday
4685;377;12;2026-09-08;Presente;Python;9;Lucía;López;46765456;Sol de Julio;Python;Capacitación;35;9;Tuesday
4686;248;49;2026-08-20;Presente;Impresión 3D;8;Carlos;Torres;42912530;Los Telares;Impresión 3D;Capacitación;23;8;Thursday
4687;469;21;2026-10-08;Presente;Alfabetización Digital;10;Carlos;Rodríguez;46774324;Los Telares;Alfabetización Digital;Capacitación;23;10;Thursday
4688;414;31;2026-06-25;Presente;Alfabetización Digital;6;Juan;Rojas;39781917;Villa Ojo de Agua;Alfabetización Digital;Capacitación;45;6;Thursday
4689;212;46;2026-05-21;Presente;Canva;5;Lucía;Rojas;36970830;Villa Ojo de Agua;Canva;Capacitación;35;5;Thursday
4690;224;4;2026-08-07;Presente;Word;8;Lucía;Fernández;47763218;Añatuya;Word;Capacitación;46;8;Friday
4691;367;43;2026-07-12;Presente;Excel;7;María;Díaz;48185595;Pinto;Excel;Capacitación;21;7;Sunday
4692;145;35;2026-08-22;Presente;PowerPoint;8;Ana;Torres;46212453;Bandera;PowerPoint;Capacitación;35;8;Saturday
4693;86;50;2026-01-25;Presente;Ciudadanía Digital;1;Micaela;Torres;32077312;Añatuya;Ciudadanía Digital;Capacitación;34;1;Sunday
4694;464;31;2026-01-02;Presente;Alfabetización Digital;1;José;Pérez;33878619;Añatuya;Alfabetización Digital;Capacitación;45;1;Friday
4695;464;14;2026-07-27;Presente;Word;7;José;Pérez;33878619;Añatuya;Word;Capacitación;27;7;Monday
4696;59;18;2026-12-04;Presente;Robótica;12;Juan;Torres;39922739;Bandera;Robótica;Capacitación;36;12;Friday
4697;409;38;2026-06-18;Presente;Robótica;6;Micaela;Suárez;41876724;Los Telares;Robótica;Capacitación;39;6;Thursday
4698;444;37;2026-12-11;Presente;Marketing Digital;12;Micaela;Fernández;46158675;Añatuya;Marketing Digital;Capacitación;26;12;Friday
4699;422;5;2026-10-21;Presente;PowerPoint;10;Micaela;Gómez;47438257;Bandera;PowerPoint;Capacitación;34;10;Wednesday
4700;173;11;2026-10-08;Presente;Alfabetización Digital;10;María;Martínez;45185439;Villa Ojo de Agua;Alfabetización Digital;Capacitación;44;10;Thursday
4701;246;30;2026-06-17;Presente;Ciudadanía Digital;6;Pedro;López;44016887;Sumampa;Ciudadanía Digital;Capacitación;33;6;Wednesday
4702;238;29;2026-03-04;Presente;Impresión 3D;3;José;Fernández;35580036;Bandera;Impresión 3D;Capacitación;39;3;Wednesday
4703;433;37;2026-07-08;Presente;Marketing Digital;7;Sofía;Martínez;39843560;Pinto;Marketing Digital;Capacitación;26;7;Wednesday
4704;67;30;2026-02-25;Presente;Ciudadanía Digital;2;Micaela;Gómez;34772337;Los Telares;Ciudadanía Digital;Capacitación;33;2;Wednesday
4705;189;36;2026-10-20;Presente;Canva;10;Luis;Gómez;46920536;Villa Ojo de Agua;Canva;Capacitación;20;10;Tuesday
4706;176;23;2026-10-06;Presente;Excel;10;Ana;Gómez;38210813;Los Telares;Excel;Capacitación;38;10;Tuesday
4707;49;6;2026-10-16;Presente;Canva;10;Pedro;Suárez;31247480;Villa Ojo de Agua;Canva;Capacitación;43;10;Friday
4708;70;43;2026-12-23;Presente;Excel;12;Luis;Pérez;37468319;Villa Ojo de Agua;Excel;Capacitación;21;12;Wednesday
4709;180;36;2026-01-08;Presente;Canva;1;Carlos;Rojas;32607251;Sol de Julio;Canva;Capacitación;20;1;Thursday
4710;481;34;2026-01-16;Presente;Word;1;Micaela;Rodríguez;45424992;Villa Ojo de Agua;Word;Capacitación;47;1;Friday
4711;24;31;2026-05-17;Presente;Alfabetización Digital;5;Pedro;Suárez;47273973;Bandera;Alfabetización Digital;Capacitación;45;5;Sunday
4712;406;38;2026-03-21;Presente;Robótica;3;Ana;Pérez;40396225;Sol de Julio;Robótica;Capacitación;39;3;Saturday
4713;191;5;2026-07-04;Presente;PowerPoint;7;Luis;Pérez;46541273;Los Telares;PowerPoint;Capacitación;34;7;Saturday
4714;76;29;2026-02-19;Presente;Impresión 3D;2;Ana;Rojas;37056763;Pinto;Impresión 3D;Capacitación;39;2;Thursday
4715;481;3;2026-09-12;Presente;Excel;9;Micaela;Rodríguez;45424992;Villa Ojo de Agua;Excel;Capacitación;40;9;Saturday
4716;395;24;2026-10-07;Presente;Word;10;Micaela;Rodríguez;49586214;Sol de Julio;Word;Capacitación;23;10;Wednesday
4717;179;26;2026-04-17;Presente;Canva;4;Pedro;Díaz;45316320;Los Telares;Canva;Capacitación;35;4;Friday
4718;357;43;2026-11-20;Presente;Excel;11;Pedro;López;49127886;Sumampa;Excel;Capacitación;21;11;Friday
4719;38;42;2026-06-18;Presente;Python;6;Lucía;Fernández;34774425;Añatuya;Python;Capacitación;29;6;Thursday
4720;299;30;2026-04-17;Presente;Ciudadanía Digital;4;María;Fernández;46089256;Villa Ojo de Agua;Ciudadanía Digital;Capacitación;33;4;Friday
4721;150;9;2026-03-27;Presente;Impresión 3D;3;Carlos;Díaz;46175418;Los Telares;Impresión 3D;Capacitación;38;3;Friday
4722;93;48;2026-02-18;Presente;Robótica;2;Lucía;Pérez;42185537;Villa Ojo de Agua;Robótica;Capacitación;24;2;Wednesday
4723;88;17;2026-03-20;Presente;Marketing Digital;3;María;Suárez;31300286;Bandera;Marketing Digital;Capacitación;24;3;Friday
4724;500;49;2026-11-26;Presente;Impresión 3D;11;Ana;Gómez;39775209;Añatuya;Impresión 3D;Capacitación;23;11;Thursday
4725;278;27;2026-10-09;Presente;Marketing Digital;10;Pedro;Rodríguez;41561823;Bandera;Marketing Digital;Capacitación;38;10;Friday
4726;85;40;2026-07-16;Presente;Ciudadanía Digital;7;Lucía;Díaz;34800578;Sol de Julio;Ciudadanía Digital;Capacitación;38;7;Thursday
4727;454;19;2026-09-14;Presente;Impresión 3D;9;María;Gómez;32220435;Sol de Julio;Impresión 3D;Capacitación;45;9;Monday
4728;40;35;2026-10-22;Presente;PowerPoint;10;Sofía;Rojas;44998060;Sol de Julio;PowerPoint;Capacitación;35;10;Thursday
4729;487;42;2026-10-23;Presente;Python;10;Luis;Rodríguez;40328063;Villa Ojo de Agua;Python;Capacitación;29;10;Friday
4730;288;19;2026-05-26;Presente;Impresión 3D;5;Juan;Rodríguez;31637217;Añatuya;Impresión 3D;Capacitación;45;5;Tuesday
4731;424;20;2026-12-10;Presente;Ciudadanía Digital;12;Pedro;Torres;41388547;Sumampa;Ciudadanía Digital;Capacitación;31;12;Thursday
4732;196;42;2026-11-09;Presente;Python;11;Lucía;Martínez;36335303;Sumampa;Python;Capacitación;29;11;Monday
4733;287;47;2026-07-27;Presente;Marketing Digital;7;Pedro;Pérez;39576398;Pinto;Marketing Digital;Capacitación;33;7;Monday
4734;121;26;2026-03-12;Presente;Canva;3;Lucía;López;48531995;Sumampa;Canva;Capacitación;35;3;Thursday
4735;390;29;2026-12-17;Presente;Impresión 3D;12;Luis;Díaz;40944493;Los Telares;Impresión 3D;Capacitación;39;12;Thursday
4736;17;43;2026-02-16;Presente;Excel;2;María;Martínez;33869334;Los Telares;Excel;Capacitación;21;2;Monday
4737;253;19;2026-09-16;Presente;Impresión 3D;9;Sofía;Martínez;33035713;Villa Ojo de Agua;Impresión 3D;Capacitación;45;9;Wednesday
4738;388;33;2026-01-27;Presente;Excel;1;José;Gómez;48084909;Añatuya;Excel;Capacitación;24;1;Tuesday
4739;329;44;2026-09-25;Presente;Word;9;José;Rojas;30036479;Villa Ojo de Agua;Word;Capacitación;47;9;Friday
4740;372;40;2026-08-11;Presente;Ciudadanía Digital;8;Ana;Torres;45422344;Los Telares;Ciudadanía Digital;Capacitación;38;8;Tuesday
4741;364;8;2026-03-09;Presente;Robótica;3;María;Díaz;41646844;Sumampa;Robótica;Capacitación;35;3;Monday
4742;268;34;2026-08-23;Presente;Word;8;Carlos;López;41336292;Bandera;Word;Capacitación;47;8;Sunday
4743;459;37;2026-06-16;Presente;Marketing Digital;6;Sofía;Gómez;33077473;Bandera;Marketing Digital;Capacitación;26;6;Tuesday
4744;245;14;2026-11-23;Presente;Word;11;Juan;Torres;39038369;Villa Ojo de Agua;Word;Capacitación;27;11;Monday
4745;193;27;2026-06-28;Presente;Marketing Digital;6;Pedro;Díaz;31476908;Pinto;Marketing Digital;Capacitación;38;6;Sunday
4746;333;37;2026-03-25;Presente;Marketing Digital;3;José;Gómez;46032769;Villa Ojo de Agua;Marketing Digital;Capacitación;26;3;Wednesday
4747;429;31;2026-01-09;Presente;Alfabetización Digital;1;María;Pérez;34319579;Los Telares;Alfabetización Digital;Capacitación;45;1;Friday
4748;482;17;2026-11-18;Presente;Marketing Digital;11;Carlos;Fernández;32551781;Villa Ojo de Agua;Marketing Digital;Capacitación;24;11;Wednesday
4749;49;31;2026-02-12;Presente;Alfabetización Digital;2;Pedro;Suárez;31247480;Villa Ojo de Agua;Alfabetización Digital;Capacitación;45;2;Thursday
4750;38;1;2026-06-09;Presente;Alfabetización Digital;6;Lucía;Fernández;34774425;Añatuya;Alfabetización Digital;Capacitación;27;6;Tuesday
4751;40;39;2026-07-26;Presente;Impresión 3D;7;Sofía;Rojas;44998060;Sol de Julio;Impresión 3D;Capacitación;25;7;Sunday
4752;360;12;2026-03-25;Presente;Python;3;Micaela;Torres;47175104;Añatuya;Python;Capacitación;35;3;Wednesday
4753;458;2;2026-03-20;Presente;Python;3;Micaela;Fernández;39265777;Sol de Julio;Python;Capacitación;21;3;Friday
4754;188;23;2026-02-18;Presente;Excel;2;Luis;Suárez;46669122;Sol de Julio;Excel;Capacitación;38;2;Wednesday
4755;492;4;2026-08-26;Presente;Word;8;Micaela;Torres;42487463;Los Telares;Word;Capacitación;46;8;Wednesday
4756;226;4;2026-02-14;Presente;Word;2;Lucía;Suárez;36123672;Sumampa;Word;Capacitación;46;2;Saturday
4757;149;19;2026-11-10;Presente;Impresión 3D;11;José;Torres;31135379;Bandera;Impresión 3D;Capacitación;45;11;Tuesday
4758;448;20;2026-09-10;Presente;Ciudadanía Digital;9;Carlos;Martínez;49200319;Los Telares;Ciudadanía Digital;Capacitación;31;9;Thursday
4759;6;17;2026-10-05;Presente;Marketing Digital;10;José;Rodríguez;43523626;Bandera;Marketing Digital;Capacitación;24;10;Monday
4760;486;40;2026-09-13;Presente;Ciudadanía Digital;9;Micaela;Gómez;31229027;Sol de Julio;Ciudadanía Digital;Capacitación;38;9;Sunday
4761;108;41;2026-06-26;Presente;Alfabetización Digital;6;Sofía;Rodríguez;41594573;Añatuya;Alfabetización Digital;Capacitación;40;6;Friday
4762;277;5;2026-01-17;Presente;PowerPoint;1;Pedro;Suárez;49903175;Añatuya;PowerPoint;Capacitación;34;1;Saturday
4763;56;33;2026-03-26;Presente;Excel;3;Micaela;Pérez;39350398;Pinto;Excel;Capacitación;24;3;Thursday
4764;311;44;2026-08-05;Presente;Word;8;José;Fernández;48785176;Pinto;Word;Capacitación;47;8;Wednesday
4765;227;13;2026-12-04;Presente;Excel;12;Micaela;López;44143280;Sumampa;Excel;Capacitación;25;12;Friday
4766;176;38;2026-05-23;Presente;Robótica;5;Ana;Gómez;38210813;Los Telares;Robótica;Capacitación;39;5;Saturday
4767;32;22;2026-05-27;Presente;Python;5;Sofía;Rodríguez;48122797;Sumampa;Python;Capacitación;36;5;Wednesday
4768;389;31;2026-09-24;Presente;Alfabetización Digital;9;Ana;López;49704931;Bandera;Alfabetización Digital;Capacitación;45;9;Thursday
4769;244;7;2026-05-27;Presente;Marketing Digital;5;Micaela;Rodríguez;37687649;Sumampa;Marketing Digital;Capacitación;34;5;Wednesday
4770;111;11;2026-07-02;Presente;Alfabetización Digital;7;José;López;35903632;Sol de Julio;Alfabetización Digital;Capacitación;44;7;Thursday
4771;90;40;2026-12-08;Presente;Ciudadanía Digital;12;Pedro;Gómez;49817965;Añatuya;Ciudadanía Digital;Capacitación;38;12;Tuesday
4772;293;45;2026-12-24;Presente;PowerPoint;12;Carlos;Martínez;46005510;Sumampa;PowerPoint;Capacitación;40;12;Thursday
4773;38;17;2026-08-04;Presente;Marketing Digital;8;Lucía;Fernández;34774425;Añatuya;Marketing Digital;Capacitación;24;8;Tuesday
4774;414;47;2026-06-22;Presente;Marketing Digital;6;Juan;Rojas;39781917;Villa Ojo de Agua;Marketing Digital;Capacitación;33;6;Monday
4775;169;42;2026-11-11;Presente;Python;11;Sofía;Torres;41310276;Bandera;Python;Capacitación;29;11;Wednesday
4776;487;14;2026-07-22;Presente;Word;7;Luis;Rodríguez;40328063;Villa Ojo de Agua;Word;Capacitación;27;7;Wednesday
4777;305;35;2026-06-28;Presente;PowerPoint;6;Sofía;Rodríguez;42902455;Pinto;PowerPoint;Capacitación;35;6;Sunday
4778;325;36;2026-08-09;Presente;Canva;8;Lucía;Fernández;48684879;Sumampa;Canva;Capacitación;20;8;Sunday
4779;470;32;2026-04-16;Presente;Python;4;María;Gómez;40414733;Villa Ojo de Agua;Python;Capacitación;26;4;Thursday
4780;335;21;2026-12-17;Presente;Alfabetización Digital;12;María;Pérez;45956848;Pinto;Alfabetización Digital;Capacitación;23;12;Thursday
4781;111;31;2026-05-02;Presente;Alfabetización Digital;5;José;López;35903632;Sol de Julio;Alfabetización Digital;Capacitación;45;5;Saturday
4782;299;14;2026-10-15;Presente;Word;10;María;Fernández;46089256;Villa Ojo de Agua;Word;Capacitación;27;10;Thursday
4783;109;30;2026-02-27;Presente;Ciudadanía Digital;2;María;Fernández;46506589;Pinto;Ciudadanía Digital;Capacitación;33;2;Friday
4784;204;9;2026-10-12;Presente;Impresión 3D;10;José;Martínez;40803047;Bandera;Impresión 3D;Capacitación;38;10;Monday
4785;366;3;2026-09-22;Presente;Excel;9;Lucía;Torres;31587109;Villa Ojo de Agua;Excel;Capacitación;40;9;Tuesday
4786;36;28;2026-02-20;Presente;Robótica;2;Juan;Gómez;41774348;Pinto;Robótica;Capacitación;21;2;Friday
4787;384;29;2026-11-21;Presente;Impresión 3D;11;María;Pérez;34122685;Sumampa;Impresión 3D;Capacitación;39;11;Saturday
4788;454;11;2026-07-13;Presente;Alfabetización Digital;7;María;Gómez;32220435;Sol de Julio;Alfabetización Digital;Capacitación;44;7;Monday
4789;256;2;2026-06-08;Presente;Python;6;Micaela;Suárez;36792821;Sumampa;Python;Capacitación;21;6;Monday
4790;285;28;2026-10-04;Presente;Robótica;10;Lucía;Díaz;45339213;Añatuya;Robótica;Capacitación;21;10;Sunday
4791;468;41;2026-09-18;Presente;Alfabetización Digital;9;Juan;Torres;47979558;Pinto;Alfabetización Digital;Capacitación;40;9;Friday
4792;115;18;2026-02-21;Presente;Robótica;2;Ana;Gómez;33023410;Los Telares;Robótica;Capacitación;36;2;Saturday
4793;176;13;2026-01-24;Presente;Excel;1;Ana;Gómez;38210813;Los Telares;Excel;Capacitación;25;1;Saturday
4794;246;32;2026-12-21;Presente;Python;12;Pedro;López;44016887;Sumampa;Python;Capacitación;26;12;Monday
4795;306;25;2026-10-08;Presente;PowerPoint;10;José;Fernández;35495266;Añatuya;PowerPoint;Capacitación;25;10;Thursday
4796;318;3;2026-01-09;Presente;Excel;1;Sofía;Rodríguez;38110079;Villa Ojo de Agua;Excel;Capacitación;40;1;Friday
4797;129;47;2026-01-27;Presente;Marketing Digital;1;Ana;Díaz;42838150;Bandera;Marketing Digital;Capacitación;33;1;Tuesday
4798;397;20;2026-02-14;Presente;Ciudadanía Digital;2;María;Martínez;31611346;Pinto;Ciudadanía Digital;Capacitación;31;2;Saturday
4799;9;1;2026-04-03;Presente;Alfabetización Digital;4;María;Gómez;30864639;Pinto;Alfabetización Digital;Capacitación;27;4;Friday
4800;27;5;2026-08-19;Presente;PowerPoint;8;Pedro;Martínez;37902858;Añatuya;PowerPoint;Capacitación;34;8;Wednesday
4801;214;42;2026-11-09;Presente;Python;11;José;Suárez;30991429;Los Telares;Python;Capacitación;29;11;Monday
4802;70;29;2026-12-10;Presente;Impresión 3D;12;Luis;Pérez;37468319;Villa Ojo de Agua;Impresión 3D;Capacitación;39;12;Thursday
4803;334;5;2026-10-21;Presente;PowerPoint;10;María;Rojas;35501674;Sol de Julio;PowerPoint;Capacitación;34;10;Wednesday
4804;431;31;2026-10-01;Presente;Alfabetización Digital;10;Carlos;Suárez;47707700;Los Telares;Alfabetización Digital;Capacitación;45;10;Thursday
4805;386;17;2026-06-09;Presente;Marketing Digital;6;Sofía;Rojas;43374533;Sumampa;Marketing Digital;Capacitación;24;6;Tuesday
4806;133;6;2026-03-08;Presente;Canva;3;Juan;Rojas;45817015;Villa Ojo de Agua;Canva;Capacitación;43;3;Sunday
4807;295;36;2026-12-19;Presente;Canva;12;Sofía;Torres;49429261;Los Telares;Canva;Capacitación;20;12;Saturday
4808;268;22;2026-07-16;Presente;Python;7;Carlos;López;41336292;Bandera;Python;Capacitación;36;7;Thursday
4809;124;49;2026-09-27;Presente;Impresión 3D;9;María;Fernández;48663357;Sumampa;Impresión 3D;Capacitación;23;9;Sunday
4810;159;10;2026-06-20;Presente;Ciudadanía Digital;6;Luis;López;44606655;Los Telares;Ciudadanía Digital;Capacitación;31;6;Saturday
4811;214;44;2026-04-14;Presente;Word;4;José;Suárez;30991429;Los Telares;Word;Capacitación;47;4;Tuesday
4812;405;45;2026-06-20;Presente;PowerPoint;6;José;Rodríguez;33387612;Bandera;PowerPoint;Capacitación;40;6;Saturday
4813;87;49;2026-05-14;Presente;Impresión 3D;5;María;Suárez;31495043;Sol de Julio;Impresión 3D;Capacitación;23;5;Thursday
4814;307;7;2026-01-22;Presente;Marketing Digital;1;Sofía;Martínez;37509083;Añatuya;Marketing Digital;Capacitación;34;1;Thursday
4815;66;20;2026-08-28;Presente;Ciudadanía Digital;8;Ana;Rojas;37495613;Sumampa;Ciudadanía Digital;Capacitación;31;8;Friday
4816;447;4;2026-04-23;Presente;Word;4;Ana;Fernández;38101523;Pinto;Word;Capacitación;46;4;Thursday
4817;47;34;2026-11-27;Presente;Word;11;Micaela;Rodríguez;36965594;Pinto;Word;Capacitación;47;11;Friday
4818;338;41;2026-02-05;Presente;Alfabetización Digital;2;María;Martínez;32736893;Sol de Julio;Alfabetización Digital;Capacitación;40;2;Thursday
4819;448;43;2026-08-27;Presente;Excel;8;Carlos;Martínez;49200319;Los Telares;Excel;Capacitación;21;8;Thursday
4820;481;44;2026-05-15;Presente;Word;5;Micaela;Rodríguez;45424992;Villa Ojo de Agua;Word;Capacitación;47;5;Friday
4821;311;5;2026-11-10;Presente;PowerPoint;11;José;Fernández;48785176;Pinto;PowerPoint;Capacitación;34;11;Tuesday
4822;221;48;2026-05-03;Presente;Robótica;5;Sofía;Suárez;36376999;Sumampa;Robótica;Capacitación;24;5;Sunday
4823;289;11;2026-04-02;Presente;Alfabetización Digital;4;Micaela;Rodríguez;46795266;Añatuya;Alfabetización Digital;Capacitación;44;4;Thursday
4824;219;12;2026-11-19;Presente;Python;11;María;Pérez;39897855;Sumampa;Python;Capacitación;35;11;Thursday
4825;23;29;2026-06-18;Presente;Impresión 3D;6;Carlos;Díaz;38885424;Añatuya;Impresión 3D;Capacitación;39;6;Thursday
4826;348;25;2026-04-06;Presente;PowerPoint;4;Ana;López;39751028;Los Telares;PowerPoint;Capacitación;25;4;Monday
4827;352;33;2026-04-12;Presente;Excel;4;Sofía;Pérez;36753606;Sol de Julio;Excel;Capacitación;24;4;Sunday
4828;178;36;2026-02-05;Presente;Canva;2;Ana;Torres;33676375;Añatuya;Canva;Capacitación;20;2;Thursday
4829;266;45;2026-05-04;Presente;PowerPoint;5;Juan;Fernández;47490307;Bandera;PowerPoint;Capacitación;40;5;Monday
4830;304;13;2026-03-02;Presente;Excel;3;Ana;Rodríguez;45714090;Sol de Julio;Excel;Capacitación;25;3;Monday
4831;229;2;2026-01-27;Presente;Python;1;María;Díaz;35622201;Sumampa;Python;Capacitación;21;1;Tuesday
4832;271;33;2026-09-04;Presente;Excel;9;Lucía;Martínez;39965294;Sumampa;Excel;Capacitación;24;9;Friday
4833;236;17;2026-12-14;Presente;Marketing Digital;12;José;Torres;31858957;Añatuya;Marketing Digital;Capacitación;24;12;Monday
4834;21;17;2026-10-06;Presente;Marketing Digital;10;Carlos;Martínez;33282689;Bandera;Marketing Digital;Capacitación;24;10;Tuesday
4835;104;6;2026-06-18;Presente;Canva;6;Carlos;Pérez;48271193;Bandera;Canva;Capacitación;43;6;Thursday
4836;115;50;2026-05-20;Presente;Ciudadanía Digital;5;Ana;Gómez;33023410;Los Telares;Ciudadanía Digital;Capacitación;34;5;Wednesday
4837;460;35;2026-11-08;Presente;PowerPoint;11;José;Rodríguez;36395011;Añatuya;PowerPoint;Capacitación;35;11;Sunday
4838;483;33;2026-04-03;Presente;Excel;4;Ana;Martínez;35624731;Añatuya;Excel;Capacitación;24;4;Friday
4839;81;36;2026-11-04;Presente;Canva;11;Ana;Rojas;41151090;Bandera;Canva;Capacitación;20;11;Wednesday
4840;24;20;2026-04-13;Presente;Ciudadanía Digital;4;Pedro;Suárez;47273973;Bandera;Ciudadanía Digital;Capacitación;31;4;Monday
4841;342;24;2026-04-25;Presente;Word;4;Ana;Fernández;33465896;Pinto;Word;Capacitación;23;4;Saturday
4842;195;25;2026-05-25;Presente;PowerPoint;5;Ana;Martínez;35333448;Pinto;PowerPoint;Capacitación;25;5;Monday
4843;465;22;2026-04-23;Presente;Python;4;Juan;Rodríguez;34048649;Pinto;Python;Capacitación;36;4;Thursday
4844;276;4;2026-10-04;Presente;Word;10;María;López;34038029;Sumampa;Word;Capacitación;46;10;Sunday
4845;87;27;2026-02-14;Presente;Marketing Digital;2;María;Suárez;31495043;Sol de Julio;Marketing Digital;Capacitación;38;2;Saturday
4846;119;8;2026-07-08;Presente;Robótica;7;Pedro;Martínez;47055400;Villa Ojo de Agua;Robótica;Capacitación;35;7;Wednesday
4847;117;17;2026-09-12;Presente;Marketing Digital;9;Ana;López;36636483;Villa Ojo de Agua;Marketing Digital;Capacitación;24;9;Saturday
4848;36;4;2026-09-07;Presente;Word;9;Juan;Gómez;41774348;Pinto;Word;Capacitación;46;9;Monday
4849;498;47;2026-01-15;Presente;Marketing Digital;1;María;López;40258060;Sol de Julio;Marketing Digital;Capacitación;33;1;Thursday
4850;222;15;2026-08-17;Presente;PowerPoint;8;María;Torres;49242631;Sol de Julio;PowerPoint;Capacitación;38;8;Monday
4851;453;2;2026-10-05;Presente;Python;10;Lucía;Martínez;34125739;Sumampa;Python;Capacitación;21;10;Monday
4852;247;19;2026-03-23;Presente;Impresión 3D;3;José;Martínez;44910524;Pinto;Impresión 3D;Capacitación;45;3;Monday
4853;275;27;2026-07-01;Presente;Marketing Digital;7;Luis;Rojas;41792117;Pinto;Marketing Digital;Capacitación;38;7;Wednesday
4854;444;24;2026-08-06;Presente;Word;8;Micaela;Fernández;46158675;Añatuya;Word;Capacitación;23;8;Thursday
4855;157;9;2026-12-08;Presente;Impresión 3D;12;José;Gómez;37717966;Bandera;Impresión 3D;Capacitación;38;12;Tuesday
4856;454;1;2026-02-12;Presente;Alfabetización Digital;2;María;Gómez;32220435;Sol de Julio;Alfabetización Digital;Capacitación;27;2;Thursday
4857;306;2;2026-05-19;Presente;Python;5;José;Fernández;35495266;Añatuya;Python;Capacitación;21;5;Tuesday
4858;146;11;2026-01-04;Presente;Alfabetización Digital;1;Lucía;Torres;38356319;Bandera;Alfabetización Digital;Capacitación;44;1;Sunday
4859;458;27;2026-11-02;Presente;Marketing Digital;11;Micaela;Fernández;39265777;Sol de Julio;Marketing Digital;Capacitación;38;11;Monday
4860;496;36;2026-08-11;Presente;Canva;8;Lucía;Torres;39868335;Sol de Julio;Canva;Capacitación;20;8;Tuesday
4861;66;20;2026-04-03;Presente;Ciudadanía Digital;4;Ana;Rojas;37495613;Sumampa;Ciudadanía Digital;Capacitación;31;4;Friday
4862;255;28;2026-08-04;Presente;Robótica;8;Pedro;Suárez;40367063;Añatuya;Robótica;Capacitación;21;8;Tuesday
4863;181;37;2026-07-06;Presente;Marketing Digital;7;Ana;Martínez;42004738;Pinto;Marketing Digital;Capacitación;26;7;Monday
4864;315;32;2026-03-17;Presente;Python;3;Pedro;Pérez;37932636;Pinto;Python;Capacitación;26;3;Tuesday
4865;46;37;2026-09-15;Presente;Marketing Digital;9;Micaela;Gómez;36582935;Sumampa;Marketing Digital;Capacitación;26;9;Tuesday
4866;393;3;2026-10-13;Presente;Excel;10;María;López;34420630;Bandera;Excel;Capacitación;40;10;Tuesday
4867;24;33;2026-10-26;Presente;Excel;10;Pedro;Suárez;47273973;Bandera;Excel;Capacitación;24;10;Monday
4868;447;28;2026-12-03;Presente;Robótica;12;Ana;Fernández;38101523;Pinto;Robótica;Capacitación;21;12;Thursday
4869;68;12;2026-04-26;Presente;Python;4;Ana;Suárez;38323344;Sol de Julio;Python;Capacitación;35;4;Sunday
4870;194;29;2026-04-10;Presente;Impresión 3D;4;Pedro;Torres;41071021;Villa Ojo de Agua;Impresión 3D;Capacitación;39;4;Friday
4871;401;17;2026-05-21;Presente;Marketing Digital;5;José;Martínez;41667360;Villa Ojo de Agua;Marketing Digital;Capacitación;24;5;Thursday
4872;158;23;2026-01-03;Presente;Excel;1;Luis;Rojas;35527294;Los Telares;Excel;Capacitación;38;1;Saturday
4873;301;38;2026-11-09;Presente;Robótica;11;Pedro;Martínez;39980199;Pinto;Robótica;Capacitación;39;11;Monday
4874;435;36;2026-07-21;Presente;Canva;7;Pedro;Rodríguez;30708720;Sol de Julio;Canva;Capacitación;20;7;Tuesday
4875;191;35;2026-02-26;Presente;PowerPoint;2;Luis;Pérez;46541273;Los Telares;PowerPoint;Capacitación;35;2;Thursday
4876;390;31;2026-09-07;Presente;Alfabetización Digital;9;Luis;Díaz;40944493;Los Telares;Alfabetización Digital;Capacitación;45;9;Monday
4877;156;8;2026-02-14;Presente;Robótica;2;María;Martínez;40616711;Sol de Julio;Robótica;Capacitación;35;2;Saturday
4878;358;7;2026-05-22;Presente;Marketing Digital;5;Luis;López;37137532;Los Telares;Marketing Digital;Capacitación;34;5;Friday
4879;314;37;2026-03-01;Presente;Marketing Digital;3;Luis;López;33954006;Bandera;Marketing Digital;Capacitación;26;3;Sunday
4880;3;20;2026-08-08;Presente;Ciudadanía Digital;8;Carlos;Rodríguez;30325753;Sol de Julio;Ciudadanía Digital;Capacitación;31;8;Saturday
4881;396;28;2026-06-18;Presente;Robótica;6;Juan;Fernández;44261434;Villa Ojo de Agua;Robótica;Capacitación;21;6;Thursday
4882;133;15;2026-03-04;Presente;PowerPoint;3;Juan;Rojas;45817015;Villa Ojo de Agua;PowerPoint;Capacitación;38;3;Wednesday
4883;41;23;2026-01-05;Presente;Excel;1;María;Torres;36741949;Bandera;Excel;Capacitación;38;1;Monday
4884;309;43;2026-03-04;Presente;Excel;3;Juan;López;36349213;Sumampa;Excel;Capacitación;21;3;Wednesday
4885;485;30;2026-02-01;Presente;Ciudadanía Digital;2;Carlos;Rodríguez;31215637;Añatuya;Ciudadanía Digital;Capacitación;33;2;Sunday
4886;15;40;2026-04-06;Presente;Ciudadanía Digital;4;María;Torres;45981305;Añatuya;Ciudadanía Digital;Capacitación;38;4;Monday
4887;54;45;2026-01-03;Presente;PowerPoint;1;Pedro;Martínez;48988061;Sol de Julio;PowerPoint;Capacitación;40;1;Saturday
4888;191;26;2026-10-13;Presente;Canva;10;Luis;Pérez;46541273;Los Telares;Canva;Capacitación;35;10;Tuesday
4889;133;20;2026-12-07;Presente;Ciudadanía Digital;12;Juan;Rojas;45817015;Villa Ojo de Agua;Ciudadanía Digital;Capacitación;31;12;Monday
4890;258;13;2026-09-27;Presente;Excel;9;Luis;Martínez;43017061;Sumampa;Excel;Capacitación;25;9;Sunday
4891;312;47;2026-11-17;Presente;Marketing Digital;11;Pedro;López;35098302;Pinto;Marketing Digital;Capacitación;33;11;Tuesday
4892;455;17;2026-01-27;Presente;Marketing Digital;1;Sofía;Rojas;38473329;Bandera;Marketing Digital;Capacitación;24;1;Tuesday
4893;475;41;2026-05-02;Presente;Alfabetización Digital;5;José;Rojas;45856757;Sol de Julio;Alfabetización Digital;Capacitación;40;5;Saturday
4894;391;31;2026-06-11;Presente;Alfabetización Digital;6;José;Suárez;41104814;Añatuya;Alfabetización Digital;Capacitación;45;6;Thursday
4895;395;30;2026-10-27;Presente;Ciudadanía Digital;10;Micaela;Rodríguez;49586214;Sol de Julio;Ciudadanía Digital;Capacitación;33;10;Tuesday
4896;258;24;2026-10-22;Presente;Word;10;Luis;Martínez;43017061;Sumampa;Word;Capacitación;23;10;Thursday
4897;389;21;2026-07-13;Presente;Alfabetización Digital;7;Ana;López;49704931;Bandera;Alfabetización Digital;Capacitación;23;7;Monday
4898;87;45;2026-02-08;Presente;PowerPoint;2;María;Suárez;31495043;Sol de Julio;PowerPoint;Capacitación;40;2;Sunday
4899;105;44;2026-07-08;Presente;Word;7;Pedro;Suárez;46677715;Añatuya;Word;Capacitación;47;7;Wednesday
4900;66;13;2026-07-24;Presente;Excel;7;Ana;Rojas;37495613;Sumampa;Excel;Capacitación;25;7;Friday
4901;388;20;2026-10-16;Presente;Ciudadanía Digital;10;José;Gómez;48084909;Añatuya;Ciudadanía Digital;Capacitación;31;10;Friday
4902;176;9;2026-03-03;Presente;Impresión 3D;3;Ana;Gómez;38210813;Los Telares;Impresión 3D;Capacitación;38;3;Tuesday
4903;158;43;2026-11-20;Presente;Excel;11;Luis;Rojas;35527294;Los Telares;Excel;Capacitación;21;11;Friday
4904;14;38;2026-01-27;Presente;Robótica;1;Micaela;Díaz;38860550;Bandera;Robótica;Capacitación;39;1;Tuesday
4905;440;27;2026-05-04;Presente;Marketing Digital;5;María;Torres;43927582;Bandera;Marketing Digital;Capacitación;38;5;Monday
4906;178;16;2026-11-24;Presente;Canva;11;Ana;Torres;33676375;Añatuya;Canva;Capacitación;35;11;Tuesday
4907;325;13;2026-10-26;Presente;Excel;10;Lucía;Fernández;48684879;Sumampa;Excel;Capacitación;25;10;Monday
4908;118;35;2026-02-07;Presente;PowerPoint;2;Juan;Suárez;46692486;Pinto;PowerPoint;Capacitación;35;2;Saturday
4909;185;44;2026-06-18;Presente;Word;6;José;Rodríguez;32154666;Sumampa;Word;Capacitación;47;6;Thursday
4910;183;46;2026-02-12;Presente;Canva;2;Juan;Rodríguez;44320473;Bandera;Canva;Capacitación;35;2;Thursday
4911;289;34;2026-09-09;Presente;Word;9;Micaela;Rodríguez;46795266;Añatuya;Word;Capacitación;47;9;Wednesday
4912;449;33;2026-03-14;Presente;Excel;3;Luis;Torres;33529199;Añatuya;Excel;Capacitación;24;3;Saturday
4913;469;40;2026-05-01;Presente;Ciudadanía Digital;5;Carlos;Rodríguez;46774324;Los Telares;Ciudadanía Digital;Capacitación;38;5;Friday
4914;409;5;2026-03-22;Presente;PowerPoint;3;Micaela;Suárez;41876724;Los Telares;PowerPoint;Capacitación;34;3;Sunday
4915;366;6;2026-04-20;Presente;Canva;4;Lucía;Torres;31587109;Villa Ojo de Agua;Canva;Capacitación;43;4;Monday
4916;152;30;2026-05-04;Presente;Ciudadanía Digital;5;Lucía;Díaz;44200134;Añatuya;Ciudadanía Digital;Capacitación;33;5;Monday
4917;426;40;2026-08-03;Presente;Ciudadanía Digital;8;Ana;Fernández;41005250;Añatuya;Ciudadanía Digital;Capacitación;38;8;Monday
4918;90;1;2026-09-04;Presente;Alfabetización Digital;9;Pedro;Gómez;49817965;Añatuya;Alfabetización Digital;Capacitación;27;9;Friday
4919;213;9;2026-04-25;Presente;Impresión 3D;4;Ana;Fernández;37315167;Los Telares;Impresión 3D;Capacitación;38;4;Saturday
4920;296;28;2026-06-22;Presente;Robótica;6;Micaela;Torres;49602855;Sumampa;Robótica;Capacitación;21;6;Monday
4921;406;36;2026-08-11;Presente;Canva;8;Ana;Pérez;40396225;Sol de Julio;Canva;Capacitación;20;8;Tuesday
4922;403;1;2026-08-26;Presente;Alfabetización Digital;8;Juan;Suárez;40314380;Sumampa;Alfabetización Digital;Capacitación;27;8;Wednesday
4923;340;39;2026-11-22;Presente;Impresión 3D;11;Lucía;Díaz;41417859;Añatuya;Impresión 3D;Capacitación;25;11;Sunday
4924;433;29;2026-11-19;Presente;Impresión 3D;11;Sofía;Martínez;39843560;Pinto;Impresión 3D;Capacitación;39;11;Thursday
4925;320;19;2026-11-20;Presente;Impresión 3D;11;Lucía;Fernández;42974179;Añatuya;Impresión 3D;Capacitación;45;11;Friday
4926;251;12;2026-11-05;Presente;Python;11;Pedro;López;35149474;Los Telares;Python;Capacitación;35;11;Thursday
4927;351;17;2026-10-12;Presente;Marketing Digital;10;Carlos;Pérez;34716976;Pinto;Marketing Digital;Capacitación;24;10;Monday
4928;309;33;2026-12-09;Presente;Excel;12;Juan;López;36349213;Sumampa;Excel;Capacitación;24;12;Wednesday
4929;215;6;2026-09-18;Presente;Canva;9;José;Rojas;36611779;Sol de Julio;Canva;Capacitación;43;9;Friday
4930;306;35;2026-09-27;Presente;PowerPoint;9;José;Fernández;35495266;Añatuya;PowerPoint;Capacitación;35;9;Sunday
4931;421;47;2026-10-03;Presente;Marketing Digital;10;Luis;Torres;33389266;Sumampa;Marketing Digital;Capacitación;33;10;Saturday
4932;425;2;2026-04-14;Presente;Python;4;María;Suárez;34877232;Sol de Julio;Python;Capacitación;21;4;Tuesday
4933;50;37;2026-02-06;Presente;Marketing Digital;2;José;Suárez;43768738;Pinto;Marketing Digital;Capacitación;26;2;Friday
4934;412;47;2026-02-07;Presente;Marketing Digital;2;Sofía;Suárez;35602779;Los Telares;Marketing Digital;Capacitación;33;2;Saturday
4935;390;15;2026-02-17;Presente;PowerPoint;2;Luis;Díaz;40944493;Los Telares;PowerPoint;Capacitación;38;2;Tuesday
4936;438;11;2026-12-05;Presente;Alfabetización Digital;12;Lucía;López;30424281;Bandera;Alfabetización Digital;Capacitación;44;12;Saturday
4937;427;35;2026-02-05;Presente;PowerPoint;2;Lucía;Rodríguez;35304029;Bandera;PowerPoint;Capacitación;35;2;Thursday
4938;294;38;2026-10-08;Presente;Robótica;10;Luis;Suárez;41259253;Los Telares;Robótica;Capacitación;39;10;Thursday
4939;232;38;2026-07-04;Presente;Robótica;7;Pedro;Gómez;31549216;Pinto;Robótica;Capacitación;39;7;Saturday
4940;499;46;2026-05-23;Presente;Canva;5;Juan;Fernández;40503084;Bandera;Canva;Capacitación;35;5;Saturday
4941;35;23;2026-09-01;Presente;Excel;9;Micaela;López;49948639;Villa Ojo de Agua;Excel;Capacitación;38;9;Tuesday
4942;494;32;2026-11-26;Presente;Python;11;Juan;Díaz;31509226;Los Telares;Python;Capacitación;26;11;Thursday
4943;246;5;2026-04-21;Presente;PowerPoint;4;Pedro;López;44016887;Sumampa;PowerPoint;Capacitación;34;4;Tuesday
4944;337;16;2026-12-06;Presente;Canva;12;José;Torres;35492865;Bandera;Canva;Capacitación;35;12;Sunday
4945;120;11;2026-03-21;Presente;Alfabetización Digital;3;Lucía;Gómez;45143697;Villa Ojo de Agua;Alfabetización Digital;Capacitación;44;3;Saturday
4946;473;11;2026-05-24;Presente;Alfabetización Digital;5;Juan;Rojas;41018932;Villa Ojo de Agua;Alfabetización Digital;Capacitación;44;5;Sunday
4947;281;28;2026-12-03;Presente;Robótica;12;Lucía;Pérez;37061347;Los Telares;Robótica;Capacitación;21;12;Thursday
4948;266;36;2026-12-17;Presente;Canva;12;Juan;Fernández;47490307;Bandera;Canva;Capacitación;20;12;Thursday
4949;436;13;2026-03-26;Presente;Excel;3;María;Gómez;35347310;Sol de Julio;Excel;Capacitación;25;3;Thursday
4950;31;16;2026-10-13;Presente;Canva;10;Lucía;Rodríguez;31449974;Añatuya;Canva;Capacitación;35;10;Tuesday
4951;209;20;2026-05-18;Presente;Ciudadanía Digital;5;Lucía;Pérez;37902891;Villa Ojo de Agua;Ciudadanía Digital;Capacitación;31;5;Monday
4952;494;36;2026-10-12;Presente;Canva;10;Juan;Díaz;31509226;Los Telares;Canva;Capacitación;20;10;Monday
4953;48;16;2026-12-01;Presente;Canva;12;Luis;Martínez;35327101;Villa Ojo de Agua;Canva;Capacitación;35;12;Tuesday
4954;456;13;2026-06-06;Presente;Excel;6;José;Torres;38207685;Los Telares;Excel;Capacitación;25;6;Saturday
4955;125;24;2026-09-23;Presente;Word;9;Ana;Rojas;30965910;Sol de Julio;Word;Capacitación;23;9;Wednesday
4956;20;13;2026-11-08;Presente;Excel;11;Pedro;Suárez;33893888;Sumampa;Excel;Capacitación;25;11;Sunday
4957;363;42;2026-04-21;Presente;Python;4;Lucía;Gómez;44702928;Bandera;Python;Capacitación;29;4;Tuesday
4958;330;6;2026-08-12;Presente;Canva;8;Sofía;Fernández;49387781;Sumampa;Canva;Capacitación;43;8;Wednesday
4959;249;5;2026-04-23;Presente;PowerPoint;4;Lucía;Gómez;37456023;Villa Ojo de Agua;PowerPoint;Capacitación;34;4;Thursday
4960;434;3;2026-11-06;Presente;Excel;11;María;Rodríguez;46599728;Añatuya;Excel;Capacitación;40;11;Friday
4961;163;37;2026-07-05;Presente;Marketing Digital;7;María;Martínez;46323459;Sumampa;Marketing Digital;Capacitación;26;7;Sunday
4962;196;3;2026-08-07;Presente;Excel;8;Lucía;Martínez;36335303;Sumampa;Excel;Capacitación;40;8;Friday
4963;38;28;2026-03-11;Presente;Robótica;3;Lucía;Fernández;34774425;Añatuya;Robótica;Capacitación;21;3;Wednesday
4964;471;30;2026-12-07;Presente;Ciudadanía Digital;12;Luis;López;46137834;Sumampa;Ciudadanía Digital;Capacitación;33;12;Monday
4965;322;30;2026-10-01;Presente;Ciudadanía Digital;10;Lucía;Rojas;31384892;Pinto;Ciudadanía Digital;Capacitación;33;10;Thursday
4966;155;48;2026-10-20;Presente;Robótica;10;Micaela;Torres;40172077;Pinto;Robótica;Capacitación;24;10;Tuesday
4967;91;8;2026-07-26;Presente;Robótica;7;Micaela;Díaz;31377676;Pinto;Robótica;Capacitación;35;7;Sunday
4968;372;9;2026-02-14;Presente;Impresión 3D;2;Ana;Torres;45422344;Los Telares;Impresión 3D;Capacitación;38;2;Saturday
4969;116;1;2026-07-28;Presente;Alfabetización Digital;7;Ana;Martínez;43079622;Sumampa;Alfabetización Digital;Capacitación;27;7;Tuesday
4970;480;13;2026-04-20;Presente;Excel;4;José;Rodríguez;34762156;Pinto;Excel;Capacitación;25;4;Monday
4971;392;47;2026-09-06;Presente;Marketing Digital;9;José;López;47560747;Añatuya;Marketing Digital;Capacitación;33;9;Sunday
4972;500;35;2026-11-28;Presente;PowerPoint;11;Ana;Gómez;39775209;Añatuya;PowerPoint;Capacitación;35;11;Saturday
4973;341;10;2026-04-17;Presente;Ciudadanía Digital;4;Carlos;Martínez;39733658;Añatuya;Ciudadanía Digital;Capacitación;31;4;Friday
4974;318;36;2026-08-05;Presente;Canva;8;Sofía;Rodríguez;38110079;Villa Ojo de Agua;Canva;Capacitación;20;8;Wednesday
4975;72;15;2026-11-21;Presente;PowerPoint;11;Luis;Suárez;47099248;Sumampa;PowerPoint;Capacitación;38;11;Saturday
4976;17;17;2026-06-24;Presente;Marketing Digital;6;María;Martínez;33869334;Los Telares;Marketing Digital;Capacitación;24;6;Wednesday
4977;87;25;2026-10-17;Presente;PowerPoint;10;María;Suárez;31495043;Sol de Julio;PowerPoint;Capacitación;25;10;Saturday
4978;366;36;2026-06-15;Presente;Canva;6;Lucía;Torres;31587109;Villa Ojo de Agua;Canva;Capacitación;20;6;Monday
4979;236;7;2026-10-10;Presente;Marketing Digital;10;José;Torres;31858957;Añatuya;Marketing Digital;Capacitación;34;10;Saturday
4980;150;45;2026-05-08;Presente;PowerPoint;5;Carlos;Díaz;46175418;Los Telares;PowerPoint;Capacitación;40;5;Friday
4981;167;9;2026-09-19;Presente;Impresión 3D;9;Carlos;López;43851567;Añatuya;Impresión 3D;Capacitación;38;9;Saturday
4982;218;3;2026-06-06;Presente;Excel;6;Micaela;Díaz;46165817;Bandera;Excel;Capacitación;40;6;Saturday
4983;25;49;2026-07-04;Presente;Impresión 3D;7;Lucía;Díaz;36401168;Pinto;Impresión 3D;Capacitación;23;7;Saturday
4984;409;6;2026-10-06;Presente;Canva;10;Micaela;Suárez;41876724;Los Telares;Canva;Capacitación;43;10;Tuesday
4985;123;16;2026-12-18;Presente;Canva;12;Ana;Gómez;46780935;Añatuya;Canva;Capacitación;35;12;Friday
4986;247;45;2026-09-25;Presente;PowerPoint;9;José;Martínez;44910524;Pinto;PowerPoint;Capacitación;40;9;Friday
4987;117;27;2026-10-10;Presente;Marketing Digital;10;Ana;López;36636483;Villa Ojo de Agua;Marketing Digital;Capacitación;38;10;Saturday
4988;381;5;2026-07-10;Presente;PowerPoint;7;Ana;Fernández;36634857;Pinto;PowerPoint;Capacitación;34;7;Friday
4989;129;20;2026-02-25;Presente;Ciudadanía Digital;2;Ana;Díaz;42838150;Bandera;Ciudadanía Digital;Capacitación;31;2;Wednesday
4990;93;10;2026-05-19;Presente;Ciudadanía Digital;5;Lucía;Pérez;42185537;Villa Ojo de Agua;Ciudadanía Digital;Capacitación;31;5;Tuesday
4991;399;9;2026-02-11;Presente;Impresión 3D;2;Ana;Díaz;42468635;Los Telares;Impresión 3D;Capacitación;38;2;Wednesday
4992;9;18;2026-08-26;Presente;Robótica;8;María;Gómez;30864639;Pinto;Robótica;Capacitación;36;8;Wednesday
4993;195;15;2026-08-19;Presente;PowerPoint;8;Ana;Martínez;35333448;Pinto;PowerPoint;Capacitación;38;8;Wednesday
4994;64;31;2026-09-21;Presente;Alfabetización Digital;9;Juan;Díaz;36464683;Sol de Julio;Alfabetización Digital;Capacitación;45;9;Monday
4995;82;35;2026-05-15;Presente;PowerPoint;5;Sofía;Martínez;39989675;Villa Ojo de Agua;PowerPoint;Capacitación;35;5;Friday
4996;46;41;2026-05-22;Presente;Alfabetización Digital;5;Micaela;Gómez;36582935;Sumampa;Alfabetización Digital;Capacitación;40;5;Friday
4997;473;31;2026-08-21;Presente;Alfabetización Digital;8;Juan;Rojas;41018932;Villa Ojo de Agua;Alfabetización Digital;Capacitación;45;8;Friday
4998;438;33;2026-12-18;Presente;Excel;12;Lucía;López;30424281;Bandera;Excel;Capacitación;24;12;Friday
4999;337;31;2026-01-08;Presente;Alfabetización Digital;1;José;Torres;35492865;Bandera;Alfabetización Digital;Capacitación;45;1;Thursday
5000;181;5;2026-08-02;Presente;PowerPoint;8;Ana;Martínez;42004738;Pinto;PowerPoint;Capacitación;34;8;Sunday
